:10C000000000000000000000000000000000000030
:10C010000000000000000000000000000000000020
:10C020000000000000000000000000000000000010
:10C030000000000000000000000000000000000000
:10C0400000000000000000000000000000000000F0
:10C0500000000000000000000000000000000000E0
:10C0600000000000000000000000000000000000D0
:10C0700000000000000000000000000000000000C0
:10C0800000000000000000000000000000000000B0
:10C0900000000000000000000000000000000000A0
:10C0A0000000000000000000000000000000000090
:10C0B0000000000000000000000000000000000080
:10C0C0000000000000000000000000000000000070
:10C0D0000000000000000000000000000000000060
:10C0E0000000000000000000000000000000000050
:10C0F0000000000000000000000000000000000040
:10C10000000000000000000000000000000000002F
:10C11000000000000000000000000000000000001F
:10C12000000000000000000000000000000000000F
:10C1300000000000000000000000000000000000FF
:10C1400000000000000000000000000000000000EF
:10C1500000000000000000000000000000000000DF
:10C1600000000000000000000000000000000000CF
:10C1700000000000000000000000000000000000BF
:10C1800000000000000000000000000000000000AF
:10C19000000000000000000000000000000000009F
:10C1A000000000000000000000000000000000008F
:10C1B000000000000000000000000000000000007F
:10C1C000000000000000000000000000000000006F
:10C1D000000000000000000000000000000000005F
:10C1E000000000000000000000000000000000004F
:10C1F000000000000000000000000000000000003F
:10C2000040C80020416C010055C104002D6C0100A4
:10C210002D6C01002D6C01002D6C01000000000050
:10C22000000000000000000000000000D56D0100CB
:10C230002D6C0100000000007D6D01002D6C0100DF
:10C24000816F010021E20200816F0100816F010016
:10C25000816F0100816F0100816F0100816F01001A
:10C26000816F0100816F0100816F0100816F01000A
:10C27000816F0100816F0100816F0100816F0100FA
:10C28000816F0100816F0100816F0100816F0100EA
:10C29000816F0100816F0100816F0100816F0100DA
:10C2A000816F0100816F0100816F0100816F0100CA
:10C2B000816F0100816F0100816F0100816F0100BA
:10C2C000816F0100816F0100816F0100816F0100AA
:10C2D000816F0100816F0100816F0100816F01009A
:10C2E000816F0100816F0100816F0100816F01008A
:10C2F000816F0100816F0100816F0100816F01007A
:10C3000090F800F06DE9024520F007016FF0000C95
:10C3100010F0070491F820F040F049804FF000043D
:10C320006FF00700D1E9002391F840F000F1080018
:10C3300082FA4CF2A4FA8CF283FA4CF3A2FA8CF350
:10C340004BBBD1E9022382FA4CF200F10800A4FAB7
:10C350008CF283FA4CF3A2FA8CF3E3B9D1E904230B
:10C3600082FA4CF200F10800A4FA8CF283FA4CF342
:10C37000A2FA8CF37BB9D1E9062301F1200182FAFC
:10C380004CF200F10800A4FA8CF283FA4CF3A2FA02
:10C390008CF3002BC6D0002A04BF04301A4612BA10
:10C3A000B2FA82F2FDE8024500EBD2007047D1E913
:10C3B000002304F00305C4F100004FEAC50514F0A2
:10C3C000040F91F840F00CFA05F562EA05021CBF73
:10C3D00063EA050362464FF00004A9E7000000008D
:10C3E000A2EB0300704700BF02780B78012A28BF38
:10C3F0009A42F5D16DE9044540EA0104CDE90267AE
:10C400006FF0000C4FEA447212B380EA010414F09A
:10C41000070F6AD100F0070420F0070004F00305BD
:10C4200021F007014FEAC505F0E8042314F0040FDA
:10C43000F1E804670CFA05F462EA040266EA04060D
:10C440000AD063EA0403624667EA0407664603E02B
:10C45000F0E80423F1E8046782FA4CF582EA060466
:10C46000A4FA8CF46CBB83FA4CF583EA0705A5FAB1
:10C470008CF595B950E9022351E9026782FA4CF52F
:10C4800082EA0604A4FA8CF483FA4CF583EA0705E1
:10C49000A5FA8CF52543DBD09CB92DBAB5FA85F405
:10C4A00024F0070427FA04F1DDE9026723FA04F314
:10C4B00003F0FF0001F0FF01FDE80445A0EB0100DF
:10C4C000704724BAB4FA84F424F0070426FA04F17D
:10C4D000DDE9026722FA04F202F0FF0001F0FF0139
:10C4E000FDE80445A0EB0100704714F0030F3CD1B8
:10C4F00010F0030428D150F8082B51F8083B82FAB9
:10C500004CF582EA0305A5FA8CF55DB950F8042CC8
:10C5100051F8043C82FA4CF582EA0305A5FA8CF541
:10C52000002DE8D02DBAB5FA85F424F0070423FADB
:10C5300004F122FA04F202F0FF0001F0FF01FDE82D
:10C540000445A0EB010070474FEAC40420F003004B
:10C5500050F8082B21F0030151F8083B0CFA04F4C1
:10C5600062EA040263EA0403C9E710F003041AD084
:10C57000A1EB040120F00300E40750F8042B06D0DF
:10C580000FD28B785FFAA2F4E41A06D12BB1CB78E4
:10C590005FFAB2F4E41A00D11BB920465DF8104BE3
:10C5A000704701F1040150F8042BCC0721F003017E
:10C5B00051F8043B48D824D222F07F4482FA4CF54B
:10C5C00094EA1325A5FA8CF50AD165B951F8043B14
:10C5D00084EA0204B4EB036F0ED150F8042BEBE7AE
:10C5E0004FEA132355E035F07F454DD10878FDE83B
:10C5F0000445C0F1000070474FEA126203F0FF03E8
:10C6000047E002EA1C4482FA4CF594EA1345A5FA85
:10C610008CF50AD165B951F8043B84EA0204B4EB05
:10C62000034F0CD150F8042BEBE74FEA134330E0F3
:10C6300015EA1C4528D10B884FEA124229E04FEA3F
:10C64000124203EA1C4324E002F0FF0482FA4CF594
:10C6500094EA1365A5FA8CF50AD165B951F8043B43
:10C6600084EA0204B4EB032F09D150F8042BEBE762
:10C670004FEA13630DE015F0FF0F05D10B684FEA89
:10C68000122223F07F4304E04FF00000FDE8044550
:10C69000704712BA1BBA82FA4CF482EA0304A4FA75
:10C6A0008CF5B5FA85F402FA04F203FA04F34FEAC2
:10C6B0001260FDE80445A0EB136070470000000025
:10C6C00001F0FF01102A2BDB10F0070F08D010F843
:10C6D000013B013A8B422DD010F0070F42B3F6D147
:10C6E000F0B441EA012141EA014122F007047FF060
:10C6F00000070023F0E80256083C85EA010586EAB7
:10C70000010685FA47F5A3FA87F586FA47F6A5FAF2
:10C7100087F68EB9EED1F0BC01F0FF0102F00702FE
:10C7200032B110F8013B013A83EA010313B1F8D1A9
:10C730000020704701387047002D06BF354603388A
:10C74000073815F0010F07D1013015F4807F02BFC3
:10C75000013015F4C03F0130F0BC0138704700BF14
:10C76000844641EA000313F003036DD1403A41D3FC
:10C7700051F8043B40F8043B51F8043B40F8043BBB
:10C7800051F8043B40F8043B51F8043B40F8043BAB
:10C7900051F8043B40F8043B51F8043B40F8043B9B
:10C7A00051F8043B40F8043B51F8043B40F8043B8B
:10C7B00051F8043B40F8043B51F8043B40F8043B7B
:10C7C00051F8043B40F8043B51F8043B40F8043B6B
:10C7D00051F8043B40F8043B51F8043B40F8043B5B
:10C7E00051F8043B40F8043B51F8043B40F8043B4B
:10C7F000403ABDD2303211D351F8043B40F8043BEB
:10C8000051F8043B40F8043B51F8043B40F8043B2A
:10C8100051F8043B40F8043B103AEDD20C3205D3FA
:10C8200051F8043B40F8043B043AF9D2043208D0F2
:10C83000D2071CBF11F8013B00F8013B01D30B8864
:10C8400003806046704700BF082A13D38B078DD042
:10C8500010F003038AD0C3F10403D21ADB071CBF14
:10C8600011F8013B00F8013B80D331F8023B20F87E
:10C87000023B7BE7043AD9D3013A11F8013B00F8B7
:10C88000013BF9D20B7803704B7843708B7883703F
:10C89000604670474FF0FF0C1CEAD0521EBF1CEAE6
:10C8A000D15392EA0C0F93EA0C0F6FD01A4480EA2E
:10C8B000010C400218BF5FEA41211ED04FF0006317
:10C8C00043EA501043EA5111A0FB01310CF0004043
:10C8D000B1F5000F3EBF490041EAD3715B0040EA69
:10C8E000010062F17F02FD2A1DD8B3F1004F40EB39
:10C8F000C25008BF20F00100704790F0000F0CF00C
:10C90000004C08BF49024CEA502040EA51207F3ACF
:10C91000C2BFD2F1FF0340EAC250704740F40000AA
:10C920004FF00003013A5DDC12F1190FDCBF00F09B
:10C9300000407047C2F10002410021FA02F1C2F149
:10C94000200200FA02FC5FEA310040F1000053EAE5
:10C950004C0308BF20EADC70704792F0000F00F033
:10C96000004C02BF400010F4000F013AF9D040EA39
:10C970000C0093F0000F01F0004C02BF490011F4CD
:10C98000000F013BF9D041EA0C018FE70CEAD153CB
:10C9900092EA0C0F18BF93EA0C0F0AD030F0004C4B
:10C9A00018BF31F0004CD8D180EA010000F00040FF
:10C9B000704790F0000F17BF90F0004F084691F0BD
:10C9C000000F91F0004F14D092EA0C0F01D14202F7
:10C9D0000FD193EA0C0F03D14B0218BF084608D1C0
:10C9E00080EA010000F0004040F0FE4040F400000A
:10C9F000704740F0FE4040F44000704781F0004135
:10CA000002E000BF83F0004330B54FEA41044FEA33
:10CA1000430594EA050F08BF90EA020F1FBF54EACE
:10CA2000000C55EA020C7FEA645C7FEA655C00F06A
:10CA3000E2804FEA5454D4EB5555B8BF6D420CDD3B
:10CA40002C4480EA020281EA030382EA000083EABE
:10CA5000010180EA020281EA0303362D88BF30BD5E
:10CA600011F0004F4FEA01314FF4801C4CEA1131B4
:10CA700002D0404261EB410113F0004F4FEA033313
:10CA80004CEA133302D0524263EB430394EA050F9E
:10CA900000F0A780A4F10104D5F1200E0DDB02FA0D
:10CAA0000EFC22FA05F2801841F1000103FA0EF2A1
:10CAB000801843FA05F359410EE0A5F120050EF167
:10CAC000200E012A03FA0EFC28BF4CF0020C43FA98
:10CAD00005F3C01851EBE37101F0004507D54FF0A5
:10CAE000000EDCF1000C7EEB00006EEB0101B1F5F5
:10CAF000801F1BD3B1F5001F0CD349085FEA30003B
:10CB00004FEA3C0C04F101044FEA445212F5800F45
:10CB100080F09A80BCF1004F08BF5FEA500C50F1E2
:10CB2000000041EB045141EA050130BD5FEA4C0CC5
:10CB3000404141EB0101013C28BFB1F5801FE9D222
:10CB400091F0000F04BF01460020B1FA81F308BF45
:10CB50002033A3F10B03B3F120020CDA0C3208DD11
:10CB600002F1140CC2F10C0201FA0CF021FA02F1EC
:10CB70000CE002F11402D8BFC2F1200C01FA02F15C
:10CB800020FA0CFCDCBF41EA0C019040E41AA2BF81
:10CB900001EB0451294330BD6FEA04041F3C1CDA49
:10CBA0000C340EDC04F11404C4F1200220FA04F069
:10CBB00001FA02F340EA030021FA04F345EA030113
:10CBC00030BDC4F10C04C4F1200220FA02F001FAD5
:10CBD00004F340EA0300294630BD21FA04F0294657
:10CBE00030BD94F0000F83F4801306BF81F48011F0
:10CBF0000134013D4EE77FEA645C18BF7FEA655C63
:10CC000029D094EA050F08BF90EA020F05D054EA34
:10CC1000000C04BF1946104630BD91EA030F1EBF39
:10CC20000021002030BD5FEA545C05D1400049413D
:10CC300028BF41F0004130BD14F580043CBF01F530
:10CC4000801130BD01F0004545F0FE4141F4700116
:10CC50004FF0000030BD7FEA645C1ABF19461046F1
:10CC60007FEA655C1CBF0B46024650EA013406BFF2
:10CC700052EA033591EA030F41F4002130BD00BFB1
:10CC800090F0000F04BF0021704730B54FF480646E
:10CC900004F132044FF000054FF0000150E700BFEF
:10CCA00090F0000F04BF0021704730B54FF480644E
:10CCB00004F1320410F0004548BF40424FF000013B
:10CCC0003EE700BF42004FEAE2014FEA31014FEA7E
:10CCD00002701FBF12F07F4393F07F4F81F06051CD
:10CCE000704732F07F4208BF704793F07F4F04BF18
:10CCF00041F40021704730B54FF4607401F00045F5
:10CD000021F000411CE700BF50EA010208BF704754
:10CD100030B54FF000050AE050EA010208BF704745
:10CD200030B511F0004502D5404261EB41014FF4AE
:10CD3000806404F132045FEA915C3FF4D8AE4FF0B6
:10CD400003025FEADC0C18BF03325FEADC0C18BF99
:10CD5000033202EBDC02C2F1200300FA03FC20FAEA
:10CD600002F001FA03FE40EA0E0021FA02F1144437
:10CD7000BDE600BF70B54FF0FF0C4CF4E06C1CEA50
:10CD800011541DBF1CEA135594EA0C0F95EA0C0FC1
:10CD900000F0DEF82C4481EA030621EA4C5123EA34
:10CDA0004C5350EA013518BF52EA033541F4801163
:10CDB00043F4801338D0A0FB02CE4FF00005E1FB16
:10CDC00002E506F00042E0FB03E54FF00006E1FB60
:10CDD00003569CF0000F18BF4EF0010EA4F1FF04A3
:10CDE000B6F5007F64F5407404D25FEA4E0E6D41E3
:10CDF00046EB060642EAC62141EA55514FEAC520F4
:10CE000040EA5E504FEACE2EB4F1FD0C88BFBCF56F
:10CE1000E06F1ED8BEF1004F08BF5FEA500E50F120
:10CE2000000041EB045170BD06F0004646EA0101E6
:10CE300040EA020081EA0301B4EB5C04C2BFD4EB18
:10CE40000C0541EA045170BD41F480114FF0000E11
:10CE5000013C00F3AB8014F1360FDEBF002001F07F
:10CE6000004170BDC4F10004203C35DA0C341BDCF9
:10CE700004F11404C4F1200500FA05F320FA04F0CB
:10CE800001FA05F240EA020001F0004221F00041FF
:10CE900010EBD37021FA04F642EB06015EEA430E72
:10CEA00008BF20EAD37070BDC4F10C04C4F12005A2
:10CEB00000FA04F320FA05F001FA04F240EA020055
:10CEC00001F0004110EBD37041F100015EEA430E26
:10CED00008BF20EAD37070BDC4F1200500FA05F246
:10CEE0004EEA020E20FA04F301FA05F243EA0203C5
:10CEF00021FA04F001F0004121FA04F220EA0200D4
:10CF000000EBD3705EEA430E08BF20EAD37070BD19
:10CF100094F0000F0FD101F00046400041EB0101F9
:10CF200011F4801F08BF013CF7D041EA060195F0DB
:10CF3000000F18BF704703F00046520043EB030395
:10CF400013F4801F08BF013DF7D043EA0603704782
:10CF500094EA0C0F0CEA135518BF95EA0C0F0CD08D
:10CF600050EA410618BF52EA4306D1D181EA0301D3
:10CF700001F000414FF0000070BD50EA410606BFCD
:10CF80001046194652EA430619D094EA0C0F02D112
:10CF900050EA013613D195EA0C0F05D152EA033657
:10CFA0001CBF104619460AD181EA030101F0004175
:10CFB00041F0FE4141F470014FF0000070BD41F0BE
:10CFC000FE4141F4780170BD70B54FF0FF0C4CF498
:10CFD000E06C1CEA11541DBF1CEA135594EA0C0FB7
:10CFE00095EA0C0F00F0A7F8A4EB050481EA030E04
:10CFF00052EA03354FEA013100F088804FEA0333EB
:10D000004FF0805545EA131343EA12634FEA0222B8
:10D0100045EA111545EA10654FEA00260EF0004179
:10D020009D4208BF964244F1FD0404F5407402D2CB
:10D030005B084FEA3202B61A65EB03055B084FEA5C
:10D0400032024FF480104FF4002CB6EB020E75EB59
:10D05000030E22BFB61A754640EA0C005B084FEA81
:10D060003202B6EB020E75EB030E22BFB61A7546FE
:10D0700040EA5C005B084FEA3202B6EB020E75EB49
:10D08000030E22BFB61A754640EA9C005B084FEAC1
:10D090003202B6EB020E75EB030E22BFB61A7546CE
:10D0A00040EADC0055EA060E18D04FEA051545EABD
:10D0B00016754FEA06164FEAC30343EA52734FEA66
:10D0C000C2025FEA1C1CC0D111F4801F0BD141EADF
:10D0D00000014FF000004FF0004CB6E711F4801F44
:10D0E00004BF01430020B4F1FD0C88BFBCF5E06F24
:10D0F0003FF6AFAEB5EB030C04BFB6EB020C5FEA34
:10D10000500C50F1000041EB045170BD0EF0004E88
:10D110004EEA113114EB5C04C2BFD4EB0C0541EABA
:10D12000045170BD41F480114FF0000E013C90E6B7
:10D1300045EA060E8DE60CEA135594EA0C0F08BF7B
:10D1400095EA0C0F3FF43BAF94EA0C0F0AD150EA7A
:10D1500001347FF434AF95EA0C0F7FF425AF10460D
:10D1600019462CE795EA0C0F06D152EA03353FF435
:10D17000FDAE1046194622E750EA410618BF52EAB2
:10D1800043067FF4C5AE50EA41047FF40DAF52EA86
:10D1900043057FF4EBAE12E74FF0FF3C06E000BF23
:10D1A0004FF0010C02E000BF4FF0010C4DF804CD30
:10D1B0004FEA410C7FEA6C5C4FEA430C18BF7FEAF0
:10D1C0006C5C1BD001B050EA410C0CBF52EA430C1E
:10D1D00091EA030F02BF90EA020F0020704710F19E
:10D1E000000F91EA030F58BF994208BF90422CBF2D
:10D1F000D8176FEAE37040F0010070474FEA410C26
:10D200007FEA6C5C02D150EA013C07D14FEA430C43
:10D210007FEA6C5CD6D152EA033CD3D05DF8040BB4
:10D22000704700BF8446104662468C4619466346E6
:10D2300000E000BF01B5FFF7B7FF002848BF10F1BD
:10D24000000F01BD4DF808EDFFF7F4FF0CBF012002
:10D2500000205DF808FB00BF4DF808EDFFF7EAFF7E
:10D2600034BF012000205DF808FB00BF4DF808ED39
:10D27000FFF7E0FF94BF012000205DF808FB00BF2E
:10D280004DF808EDFFF7CEFF94BF012000205DF8B8
:10D2900008FB00BF4DF808EDFFF7C4FF34BF0120C5
:10D2A00000205DF808FB00BF4FEA410C7FEA6C5C90
:10D2B00002D150EA013C0AD14FEA430C7FEA6C5C90
:10D2C00002D152EA033C02D14FF0000070474FF008
:10D2D000010070474FEA410212F5001215D211D534
:10D2E0006FF47873B3EB625212D94FEAC12343F063
:10D2F000004343EA505311F0004F23FA02F018BFE5
:10D30000404270474FF00000704750EA013005D1AD
:10D3100011F0004008BF6FF0004070474FF0000070
:10D32000704700BF80F0004002E000BF81F0004184
:10D3300042001FBF5FEA410392EA030F7FEA226CBB
:10D340007FEA236C6AD04FEA1262D2EB1363C1BF4B
:10D35000D218414048404140B8BF5B42192B88BFBA
:10D36000704710F0004F40F4000020F07F4018BFDD
:10D37000404211F0004F41F4000121F07F4118BFFD
:10D38000494292EA030F3FD0A2F1010241FA03FCA5
:10D3900010EB0C00C3F1200301FA03F100F000438D
:10D3A00002D5494260EB4000B0F5000F13D3B0F155
:10D3B000807F06D340084FEA310102F10102FE2AC4
:10D3C00051D2B1F1004F40EBC25008BF20F0010034
:10D3D00040EA03007047490040EB0000013A28BFD3
:10D3E000B0F5000FEDD2B0FA80FCACF1080CB2EB56
:10D3F0000C0200FA0CF0AABF00EBC25052421843D4
:10D40000BCBFD0401843704792F0000F81F4000178
:10D4100006BF80F400000132013BB5E74FEA41034B
:10D420007FEA226C18BF7FEA236C21D092EA030FB7
:10D4300004D092F0000F08BF0846704790EA010F31
:10D440001CBF0020704712F07F4F04D1400028BF5E
:10D4500040F00040704712F100723CBF00F5000040
:10D46000704700F0004343F0FE4040F40000704776
:10D470007FEA226216BF08467FEA23630146420222
:10D4800006BF5FEA412390EA010F40F48000704735
:10D490004FF0000304E000BF10F0004348BF4042DB
:10D4A0005FEA000C08BF704743F0964301464FF017
:10D4B00000001CE050EA010208BF70474FF0000373
:10D4C0000AE000BF50EA010208BF704711F00043B4
:10D4D00002D5404261EB41015FEA010C02BF844684
:10D4E0000146002043F0B64308BFA3F18053A3F5E3
:10D4F0000003BCFA8CF2083AA3EBC25310DB01FA2A
:10D5000002FC634400FA02FCC2F12002BCF1004FAD
:10D5100020FA02F243EB020008BF20F0010070473E
:10D5200002F1200201FA02FCC2F1200250EA4C0092
:10D5300021FA02F243EB020008BF20EADC707047D8
:10D540007BB972B90029BEBF00204FF0004106E050
:10D5500008BF00281CBF6FF000414FF0FF3000F003
:10D5600057B8ADF1080C6DE904CE002909DB002B9A
:10D570001ADB00F062F8DDF804E0DDE9022304B014
:10D580007047404261EB4101002B1BDB00F055F876
:10D59000DDF804E0DDE9022304B0404261EB410123
:10D5A000524263EB43037047524263EB430300F084
:10D5B00044F8DDF804E0DDE9022304B0404261EB09
:10D5C00041017047524263EB430300F036F8DDF847
:10D5D00004E0DDE9022304B0524263EB43037047E9
:10D5E00053B94AB9002908BF00281CBF4FF0FF31CA
:10D5F0004FF0FF3000F00CB8ADF1080C6DE904CE2F
:10D6000000F01BF8DDF804E0DDE9022304B0704708
:10D61000704700BF430803F05533C01A00F033339E
:10D62000800800F03330184400EB10104FF0013345
:10D6300000F00F305843000E70472DE9F047864642
:10D640008C460846089E154674461946002B40F045
:10D65000C2808542B2FA82F245D94AB1C2F12003B2
:10D6600000FA02FC2EFA03F3954043EA0C0C9440B6
:10D670004FEA154EA8B2BCFBFEF8230C0EFB18CCEB
:10D6800008FB00F943EA0C43994528D9EB1808F147
:10D69000FF3704D2994502D9A8F102072B44A3EB26
:10D6A0000903A4B2B3FBFEFC0EFB1C330CFB00F021
:10D6B00044EA0344A04214D92C190CF1FF3304D2DC
:10D6C000A04202D9ACF102032C44241A43EA0740D9
:10D6D0001EB1D440002334607360BDE8F087474634
:10D6E000DDE76346F1E792BB431B01214FEA154E8C
:10D6F000AFB2B3FBFEFC200C0EFB1C330CFB07F897
:10D7000040EA0343984562D9EB180CF1FF3004D28C
:10D71000984502D9ACF102002B44A3EB0803A4B254
:10D72000B3FBFEFC0EFB1C330CFB07F744EA03447F
:10D73000A7424ED92C190CF1FF3304D2A74202D9CB
:10D74000ACF102032C44E41B43EA0040C0E7C2F101
:10D75000200320FA03F1954090402EFA03F303438F
:10D760004FEA154EAFB2B1FBFEFC0EFB1C10190CBC
:10D770000CFB07F841EA0041884504FA02F422D97B
:10D7800069180CF1FF3004D2884502D9ACF10200CF
:10D790002944A1EB08019BB2B1FBFEFC0EFB1C115E
:10D7A0000CFB07F743EA01439F420ED9EB180CF13B
:10D7B000FF3104D29F4202D9ACF102012B44DB1BA2
:10D7C00041EA004192E76046E3E76146F7E76046D9
:10D7D000A3E76346B7E7834206D916B90021084696
:10D7E0007BE7C6E900E0F9E7B3FA83F78FB9834234
:10D7F00001D3724508D8BEEB020460EB030301209D
:10D800009C461EB9002168E73846FAE7C6E9004C95
:10D81000F8E7C7F1200CBB4022FA0CF41C432EFAA7
:10D820000CF120FA0CF3B84001434FEA14490EFA08
:10D8300007F5B3FBF9F81FFA84FE09FB18300B0C4F
:10D8400008FB0EFA43EA00439A4502FA07F240D970
:10D85000E31808F1FF3004D29A4502D9A8F102007A
:10D860002344A3EB0A0389B2B3FBF9F809FB18338D
:10D8700008FB0EFE41EA03418E452CD9611808F1E0
:10D88000FF3304D28E4502D9A8F10203214443EAB2
:10D890000040A0FB0298A1EB0E014145CE46434655
:10D8A00002D306D14D4504D2B9EB020E68EB040356
:10D8B0000138002EA6D0B5EB0E0261EB030101FA90
:10D8C0000CFC22FA07F34CEA0303F940C6E90031E5
:10D8D00098E74046C5E74346D9E70000000000004E
:10D8E0002DE9F047064688B00F46904649F05CFDAA
:10D8F0004FF47A73A0FB034503FB0155E40B012FA2
:10D9000044EA45444FEAD53507D1294922462B46FA
:10D9100030463DF017FE002012E0D8F8047025488C
:10D920003946FEF761FD70B123483946FEF75CFDCC
:10D9300048B1304621493A463DF020FE6FF00400E0
:10D9400008B0BDE8F0872046294617A3D3E9002395
:10D95000FFF7F6FD05460C4610461946184A002307
:10D96000FFF7EEFD80460F46104619464EF6602240
:10D970000023FFF7E5FD82468946104619464FF41D
:10D980007A720023FFF7DCFDCDE902A9CDE9062379
:10D99000CDE90401CDE900870A492A4623463046ED
:10D9A0003DF0D0FDB7E700BF005C26050000000099
:10D9B000E1D50500F2D50500F5D50500FED5050039
:10D9C00080EE360016D60500F0B58BB009AA00210E
:10D9D00040F603400DF040FD044600286FD1099841
:10D9E000C3681B788BB9BFF35B8FC04B1A68BFF35A
:10D9F0005B8F02F00902BFF35B8F53E8001F43E81F
:10DA00000024002CF9D1BFF35B8F09F033FE09AA83
:10DA1000002141F203000DF01FFD044600284ED105
:10DA2000099AB34DD168D1F80100D1F8051005F17C
:10DA3000780303C3104609F01DFE214609AA41F2EE
:10DA400001000DF009FD0446002838D10998C3688B
:10DA50005A7885F870205A88A5F872201A7985F8C6
:10DA60007120B3F80720A5F87420B3F80530A5F8A5
:10DA7000763009F0FFFD214609AA41F202000DF0BF
:10DA8000EBFC0446D8B9099FFA6805F18006531CDF
:10DA9000413218685968344603C408339342264615
:10DAA000F7D1384609F0E6FD95F87C3013F04003D5
:10DAB00011D190490A68520704D16FF01204204630
:10DAC0000BB0F0BD8C4A0093CDE90132184601221B
:10DAD0003FF07FFAF1E709AA002142F203000DF0BE
:10DAE000BBFC04460028EAD1099B844EDA68D2F8D0
:10DAF0000100D2F8051003C6184609F0BBFD214607
:10DB000009AA42F202000DF0A7FC04460028D6D173
:10DB1000099CE368B3F8012091B249B1D97839B1D1
:10DB2000A5F80421DA78114606F1280049F0D0F969
:10DB3000204609F09FFD95F87C601F2316F0200613
:10DB4000A5F8203118D1022140F66D400DF06EF895
:10DB50000446002800F0C68002210C303EF01FFD74
:10DB60000123037046702146324640F66D400DF0A9
:10DB700073FC04460028A2D195F89C301F0712D5EB
:10DB800009AA002142F21C000DF066FC04460028A0
:10DB900095D10998C368D3F80120D3F80530C5E9B9
:10DBA000382309F067FD95F8D8309E0625D50DF18C
:10DBB000220108A80DF048FD044600287FF47FAF3D
:10DBC000042142F224000DF031F80646002800F04E
:10DBD000898004210C303EF0E2FCBDF82030038047
:10DBE000BDF8223043802246314642F224000DF037
:10DBF00033FC044600287FF462AF95F8D8305C0609
:10DC000010D509AA002142F22A000DF025FC044695
:10DC100000287FF454AF0998C3685B7885F82231F7
:10DC200009F028FD082142F201000CF0FFFF044634
:10DC3000002857D008210C303EF0B1FC95F8D810E0
:10DC400011F0400F024640F2022308BF0323880769
:10DC50004CBF43F02C0043F00C008B0695F8D930F4
:10DC600048BF40F0400013F0090F18BF40F40060B7
:10DC7000CF0748BF40F0100000213FF0C5F9214612
:10DC8000002242F201000DF0E7FB044600287FF479
:10DC900016AF95F87C20B5F80431960632D4D3B986
:10DCA00009AA194641F205000DF0D6FB04460028EA
:10DCB0007FF405AFB5F80431099C4BB9E368B3F8BC
:10DCC0000120A5F804219A880D48114649F000F971
:10DCD000204609F0CFFC082140F601400CF0A6FFD9
:10DCE000044600BB6FF06804E9E600BF4402002070
:10DCF000700100208C1200208FFB050048020020DC
:10DD000078020020002BE6D175490A68540702D139
:10DD10006FF00404D3E6734A0093CDE90132012287
:10DD20003FF057F9F4E708210C303EF038FC95F845
:10DD3000D830D907024633D46B484FF000513FF03A
:10DD400063F92146002240F601400DF085FB0446B0
:10DD500000287FF4B4AE014609AA4FF601400DF049
:10DD60007BFB5F4E00B3336813F0060F09D05F4BA7
:10DD70000094CDE9014302222346314618463FF084
:10DD800028F90EF0CBFA044600287FF498AE10F084
:10DD9000E9F8044600287FF492AE0DF011F98EE602
:10DDA0004DA1D1E90001CAE73368099F03F00703D9
:10DDB000022BFC684FD9B4F801304949032B96BFB8
:10DDC0004B4A4C4A52F82320CDE903234A4B029395
:10DDD0000023CDE90033184603223FF0FAF83368F8
:10DDE00003F00703022B36D9B4F80130B4F803204E
:10DDF000022B47D1052A45D8404B53F822303849E9
:10DE0000CDE903323E4B02930023CDE9003318469F
:10DE100003223FF0DEF8336803F00703022B1AD920
:10DE2000D4F8091063790791B4F807100691032B11
:10DE3000A17996BF334A2F4A52F823200392CDE9A5
:10DE40000431314B02930023CDE9003324490322EE
:10DE500018463FF0BEF8384609F00CFC09AA00212C
:10DE60004FF602400DF0F8FA044668B1336813F03B
:10DE7000060F86D0254B02930023CDE900331849C5
:10DE800002227BE71B4BBAE70998C368B3F801305D
:10DE9000A5F8C13009F0EEFB95F8C1305B077FF5BE
:10DEA00070AF09AA21464FF603400DF0D5FA50B1E4
:10DEB000336813F0060F3FF464AF154B0094CDE9BF
:10DEC00001432346DBE70998C3685B7885F8C030D7
:10DED00009F0D0FB55E700BF9088000200800020C9
:10DEE0008C120020B3FB050010880002D6FB050051
:10DEF000948B050066F90500FAFB05007C8B050094
:10DF000013FC05006C8B05002BFC050058FC05007C
:10DF100081FC0500000000002DE9F843D0E9073836
:10DF2000856903EB08042F34A5420F46164619D81D
:10DF3000DFF86C80A3FB080117A3D3E90023FFF7E8
:10DF40004FFB0346601BA0FB080123F07F4412A394
:10DF5000D3E90023FFF744FB20F07F403C603060B2
:10DF6000BDE8F883DFF838900BA3D3E90023A5FBC5
:10DF70000901FFF735FB20F07F440A480A2106A378
:10DF8000D3E90023E8FB0901FFF72AFB20F07F40DB
:10DF90003C603060BDE8F8838D49FD1A0700000041
:10DFA00000CA9A3B00166BF1002800F046812DE96B
:10DFB000F04FC94C94F86A2012F001058DB040F082
:10DFC000788194F82500FF2300F0030084F82630C0
:10DFD0001FF000FD94F86A00420727D494F8292026
:10DFE00094F8353004EB820204EB8303D66AD3F84D
:10DFF000388086B1B848314619F0CAF933785B06E3
:10E0000005D5062114F05AFA002800F05481B248D0
:10E01000414619F0BDF9337813F00E0F40F09E80A1
:10E02000236A93B10C200DB0BDE8F08F2A4604F1AD
:10E030006B01C0F3C0001FF045FEFF2884F82600E6
:10E04000CCD028461FF0E0FCC8E716F06FFD8146F3
:10E05000002800F0548116F075FD8246002800F07B
:10E060004B8119F093FC0546002800F04A81D0F856
:10E0700094004FF6FF732B8605F11C0B002800F06F
:10E08000208105F1880205F1840114F023FAB5F826
:10E09000823023F4EF6323F0070343F48C7343F0DF
:10E0A0000103A5F8823095F8433003F03F0363F095
:10E0B0007F0385F8433095F89A3023F0070385F8FD
:10E0C0009A3095F8483023F00F03002785F8483040
:10E0D0004FF4C023C5F898312846C5E91577C5F82F
:10E0E0009470A5F8987085F84570EF86C5F83A7079
:10E0F000EF65A5F89E71A5F894711BF0B1FD85F848
:10E100006071C5F8649119F0F5FE95F8A43160F3DB
:10E11000020385F8A43119F0F3FE95F8A43160F3F9
:10E12000C50385F8A43195F8903167F3410385F86C
:10E130009031012128461AF0FFFA05F1E0001BF0AA
:10E1400067FBC4E9189AC4F820B0C5E905772F70B9
:10E15000ED6120F099FE002840F0AF8094F8243063
:10E160000121C3F342030DF12B008DF82B3014F085
:10E170004DFB0246002862D098F80110304618F096
:10E18000C1FE31235549A360554BB4F86870A0FB1C
:10E1900001010025C01841F107014DA3D3E9002377
:10E1A000C4E9055525706560E560FFF719FA20613F
:10E1B00015F0E4FD00F109083FB9357805F00F05C9
:10E1C000A5F10105B5FA85F56D0994F824002369D8
:10E1D00065F3000010F0010584F8240036D0414AB0
:10E1E00009920020106002253F4A404F04930BAE75
:10E1F000019305920321CDE9020006944346009065
:10E20000089607972A460B9515F0BAFC314616F08A
:10E2100049FDA0B9364905914AF2D8330093CDE9BA
:10E220000300CDE9010007970896069443460122B2
:10E2300003210B9515F088FC2EE018F0B3BD236A7E
:10E24000002B3FF4EFAE18F069FDEBE6254A2948B4
:10E25000049303F247130694029591211360A7FBE0
:10E26000000301FB0731214B07931F4B05934FF62A
:10E27000FF730992022703930BAE15A3D3E9002382
:10E280000B970896FFF7ACF94346CDE900503A46A4
:10E290002846032115F074FC314616F003FD0028D2
:10E2A000CDD194F86A300120034384F86A301FF01E
:10E2B00073FB0020B7E61220B5E618F02FFD03200F
:10E2C000B1E605F18C00C5F89400DAE6AFF3008002
:10E2D0008D49FD1A07000000E848002000CA9A3B5B
:10E2E0008C49FD1ADC480020816F0200DD3E0200EF
:10E2F000656A0200002AE784484616F01DFC0720E4
:10E3000091E6504616F024FC484616F015FCF6E758
:10E3100070B590F824308AB0C3F342030D4604462A
:10E3200001210DF1230016468DF8233014F06EFA0A
:10E3300071780246284618F0E5FD1F491F4AA0FBE8
:10E340000131981841F1070119A3D3E90023FFF720
:10E3500047F923699842054621D21B1A00220192EF
:10E36000174A0293174BA21AA3FB02320221920909
:10E3700000230A4409AE099113490591CDE90333FD
:10E380000321D2B206960093184615F059FC314687
:10E3900016F088FC38B9256100200AB070BDFBD9A1
:10E3A000C21A0023DBE70C200AB070BDAFF3008077
:10E3B0008D49FD1A0700000000CA9A3B8C49FD1ADE
:10E3C000E848002009CB3D8DDD3E02000000000042
:10E3D0002DE9F04F06468DB08A460120022199466C
:10E3E000154622F0DBFC00220B900221012014F0E4
:10E3F000C1F83B494FF4D872304614F04BF8C71CB3
:10E40000384B0093FFB201964B463A46012100205B
:10E4100015F070FC10F0FD0F0ED0334A334934482C
:10E4200040F68F033CF0EFF8002383F31188BFF32D
:10E430006F8F0323184602DF2E4CA5FB044526A34D
:10E44000D3E9002320462946FFF7CAF80896069626
:10E4500033690493284B20F07F48A8FB0331E01A6E
:10E46000264B07934FF00702254B059302FB08113B
:10E470004FF6FE7365EB010103934FF47A720023AC
:10E48000FFF7AEF84FF0000BCDE90180CDF800A00A
:10E490004B463A460121584615F056FB10F0FD0F49
:10E4A0000DD0114A1149124840F6A4033CF0ABF8D4
:10E4B0008BF31188BFF36F8F0323184602DF0B9B8A
:10E4C00013B90DB0BDE8F08F0122022110460DB046
:10E4D000BDE8F04F14F04EB88D49FD1A070000005A
:10E4E000482500202D79020004960500C8960500F5
:10E4F0006C8F050000CA9A3B8D49FD1ACD78020049
:10E50000E5CD0200000000002DE9F0418468228E74
:10E510004FF6FF739A428CB045D0054620461BF05B
:10E520003DFE2B7D012B00F02281022B00F0158196
:10E53000002B00F0F48094F86061002E40F0108110
:10E540002B8A678F94F94320CDE90A6673B3002ABA
:10E55000C0F25A810023A4F89A31AA7C238FFD18B7
:10E5600002F003030135012BADB23BD0B4F89E316C
:10E57000002B00F005819D4280F059815B1B9BB20E
:10E580000022062BA4F89E31628740F2F68094F9AF
:10E5900043309342C0F25081002326E09DF82710BB
:10E5A000204619F08BFD0CB0BDE8F081002AB8BF01
:10E5B00084F88561238FAA7CFD1802F003030135DE
:10E5C000012BADB20ED0B4F89A31002BCED0AB42B5
:10E5D00040F23C815B1BA4F89A31B4F89E31002BC9
:10E5E000C9D102E00023A4F89E3194F8482063F3D7
:10E5F000820284F8482029460DF1270220461BF0AC
:10E600006BFB7430CAD0B4F898312BB1AB4240F2F6
:10E61000EC805B1BA4F89831B4F894312BB1AB4279
:10E6200040F2DA805B1BA4F89431658F16B9AF42D3
:10E6300000F0C9800135ADB294F8DD3013F0010768
:10E6400031D1DDE90A130A46002B40F0CC800029C5
:10E6500000F0BB801F461846228EE4690694CDE97F
:10E66000035603329A4D0290CDE90017D2B2012130
:10E670000020059515F0E4FA10F0FD0F93D016F088
:10E680003BFB84428FD0934A934994484FF4AE6346
:10E690003BF0B9FF002383F31188BFF36F8F03238F
:10E6A000184602DF7FE794F943206FF30003002A46
:10E6B00084F8DD307FDB94F88200C0F3C00100F005
:10E6C000070020F0F9F9B4F87A20B4F87830134450
:10E6D000628D03F23F1313440344814A81480721AA
:10E6E000E3FB0021104678A3D3E90023FEF778FF6F
:10E6F000DDE90A1320F07F4220692261904235BF94
:10E70000171A801A002000270A46002BA4D157EAC6
:10E71000010CA1D1002858D019461F469CE794F857
:10E720009A3003F01803182B7FF405AFA18EB4F8CC
:10E7300096218B1D9A42C4BF931F5B1AB4F89211A5
:10E74000CCBF9BB21346994200F09C80A4F8923152
:10E75000A4F89431A4F89821EDE63D2684F8606190
:10E76000314620460CB0BDE8F04119F0A7BC0023AB
:10E77000A4F89831A4F89431DDE60126334634E755
:10E78000628E052A97BF013240F2E2434FF4FA73DA
:10E7900092B203FB02F2B4F89C3142F2107101FB19
:10E7A0000323013BB3FBF2F39BB2A4F89E31002B91
:10E7B0007FF4E1AE19E794F88300012100F007002F
:10E7C00020F07CF97FE7354636E7002D43D000275F
:10E7D000114638463B463FE70023A4F894312046D3
:10E7E0001BF01CFB21E7384636E716F0F1F901462D
:10E7F000A0B30023A4F89831238EC3801B23037198
:10E80000006816F0B7F907E794F885316BB3013B60
:10E8100084F8853104F1E00840461BF03BF8B8B3BA
:10E8200040461BF037F8B8B30023638792E608210F
:10E83000204619F043FCB6E6A7B9D4F888315A0847
:10E8400013F0010336D1C4F88821A5E63E21204605
:10E8500019F034FCA7E6002EB9D1A4E60123A4F8F0
:10E860009831D9E613460126BFE60AAA0BA9284625
:10E87000FFF752FBDDE90A231343CBD0237884F85A
:10E880008531C7E7B4F8981100297FF454AE5FE7EB
:10E89000FF2019F0D5FBC3E70246D4E9210113F0AC
:10E8A00031FE0028C0D194F848301B0744BFA38E26
:10E8B00063874FE642F000421E46C4F888213B467B
:10E8C00093E600BFAFF300808D49FD1A07000000FA
:10E8D0008978020004960500449705006C8F0500B6
:10E8E0008C49FD1A00CA9A3B2DE9F04F87B0CDE95B
:10E8F0000423BDF8442003780292BDF84820BDF8F7
:10E9000040A0BDF84C90878F019104460392002BE4
:10E9100000F0D980013FBFB2A368D4F81CB1A7EBC7
:10E92000090292B2002B00920ADAE168626823F0D1
:10E93000004391422CBF8B449344A360ABEB030B89
:10E9400094F88200C0F3C00100F0070020F0B4F892
:10E95000B4F83280B8F1050F40F2AB80009B18FB91
:10E9600003F81FFA88F840F2E246BAF1050F40F2C8
:10E970009480B4F87A20B4F87830134403F2D513B5
:10E9800018447D4A7D4B0721E0FB023118464FF0C9
:10E990009613A3629623A38575A3D3E90023FEF7FC
:10E9A0001FFE554620F07F4040F2E24303FB05F591
:10E9B00016FB08F6B3B22061B3FBF5F815FB08F0BF
:10E9C00080B283421FFA88F659D26B49C01A80FB85
:10E9D000010167A3D3E90023FEF702FE20F07F4088
:10E9E0008344E38EB4F824211344994494F84330CB
:10E9F000A9EB07094E44DB09E6866BD1604A614901
:10EA0000614840F667133BF0FEFD002787F311884D
:10EA1000BFF36F8F0323184602DF2E46029BA386A7
:10EA2000039BA4F89C3129462046A4F832A01BF091
:10EA30008FF9564BA18E2B44881DB3FBF5F39AB288
:10EA40009042A4F8962104D2C1F57F41FA310A44DC
:10EA500092B2019BA4F8922113B10023A4F89E3135
:10EA60005B46324639462046FFF7B2FC94F89031B7
:10EA700043F0010384F8903107B0BDE8F08F1B1A12
:10EA80003D4883FB00013AA3D3E90023FEF7A8FD2C
:10EA900020F07F40ABEB000BA3E74FF096130AF199
:10EAA0000105A3629623A385ADB20A204FF4FA7341
:10EAB0007CE7009B08F1010818FB03F81FFA88F8AF
:10EAC0004FF4FA7651E7C38E1F44B0F824311F4447
:10EAD000BFB221E7E26C0099636D274F02FB11334F
:10EAE000636520F021FA064694F88401C0F34200E1
:10EAF00020F01CFA064405FB06F6254B06F57426A5
:10EB000006F23F26A3FB0636B60C636DE66406FBF1
:10EB100008F06A080344963A934228BF1346C4E9B2
:10EB20001423049B40F2E24909FB03F3E36500234D
:10EB3000A0FB0701C4F88C310DA3D3E90023FEF735
:10EB40004FFD144B059AABEB000BA3FB0230800A80
:10EB500009FB00F0A0FB070105A3D3E90023FEF7A2
:10EB60003FFDAE1B20F07F4758E700BFAFF30080AA
:10EB70008D49FD1A0700000000CA9A3B8C49FD1A16
:10EB800004960500449005006C8F05007FC3C90101
:10EB900083DE1B435917B7D12DE9F04F0B6891F86D
:10EBA0001180D3F80090037F176895B00446C3F333
:10EBB0008013D0F81E008DF83F30B8F1FF0F638C42
:10EBC00012900E461546ADF84C300DF1480A4DD165
:10EBD0009AE803001090ADF844102346E28D53F8F4
:10EBE0002EBB9B78AB722A81D4F82A306B60D4F8A4
:10EBF0003A30C5F8223005F1220094F83E30037116
:10EC0000052113F003FE95F8273000F03F0060F374
:10EC1000050385F8273094F83F30C3F3040285F8E4
:10EC20002820A28EEA82012803F01F0392B205D9A0
:10EC30001B3303F01F030B2B00D81ABB0022C9F8AB
:10EC4000142095F82C3062F3000385F82C30E56829
:10EC5000012658462146267115F080FF28682E713E
:10EC6000294615F087FF15B0BDE8F08F10AA0DF109
:10EC70003F0140461EF0C2FB9DF83F3002338DF845
:10EC80003F30AAE7336800215960E38EEA8A2B837C
:10EC900040F2E24303FB02F20B92638E0D9338467F
:10ECA0001BF06AF894F83F2097F88411520962F338
:10ECB000430187F8841120F037F90C9097F884010C
:10ECC000C0F3420020F032F90C9A0B99104401FB7A
:10ECD00000F0BF4A00F5742000F23F20A2FB0020A4
:10ECE0004A08800C963A28636A6394F8312040F20F
:10ECF000E24302FB03F36B64238FA7F89C31384691
:10ED00001BF026F80B99B34BB34AC7F8A0210B446C
:10ED1000B3FBF1F39AB2A7F89621298B881D8242A2
:10ED200004DDC1F57F41FA310A4492B2A7F892217D
:10ED30006B68C7F88831234613F81C2FC2F34012C2
:10ED40000C92DA0700F101814FF48073A38399F8E4
:10ED500026001FF0CBF804F12B03002800F0F1800F
:10ED6000626AC4F82B20228D9A80B8F1FF0F00F060
:10ED70000F81BAF804301298A4F82930C4F825009D
:10ED80009DF83F30A3771098BDF84430C4F81F00B9
:10ED9000A4F82330EB8A63862B8BA386B7F89C31CB
:10EDA000E38697F88431C3F3420384F83830384659
:10EDB00018F0F8FDA882E08021465846746815F0E6
:10EDC000CDFEAB8AE3801C2323710C9BD4F800801A
:10EDD000002B40F0D1800C9B23772146404615F054
:10EDE000C9FE95F86700B5F85C80B5F85E40012172
:10EDF00000F007001FF062FE444404F2D514DFF86F
:10EE0000DC810444824676484FF096130721C5E919
:10EE10000333E4FB080131230024BB607C606AA358
:10EE2000D3E90023FC60FEF7DBFB20F07F40386174
:10EE30000B9B2D6B0D995D1BF36840F2E24202FBC8
:10EE4000013303F2B341A1EB0A0A22460221012059
:10EE500013F090FB484618F057FA0246AAFB080147
:10EE6000924659A3D3E90023FEF7BAFBCDF80490EC
:10EE7000B3685C49009120F07F480AF102023A3BF6
:10EE8000D2B243440121204614F034FF012800F09F
:10EE9000858099F82430DB0766D4384618F082FD67
:10EEA0004E4BA5FB03A9044647A3D3E900235046D4
:10EEB0004946FEF795FB4C4BB6684C4A079220F04A
:10EEC0007F45A5FB0331BAEB0300494B05934FF493
:10EED000F573069708933B694FF0000BCDE903B338
:10EEE0004FF0070303FB051169EB01014FF47A7240
:10EEF0000023FEF775FB03343A3EE4B2CDE901503E
:10EF0000CDF80080334622460121584614F01CFEFD
:10EF100010F0FD0F0DD0374A3749384840F2EB1357
:10EF20003BF071FB8BF31188BFF36F8F03231846FF
:10EF300002DF01220221104613F01CFB15B0BDE8D0
:10EF4000F08FC4F82B0098800FE72A4A2C492B48F1
:10EF5000FD233BF058FB002383F31188BFF36F8F31
:10EF60000323184602DFEFE6002301220093184630
:10EF7000114614F07DFE90E795F8273043F04003EA
:10EF800085F82730281D1EF043F80123288523E744
:10EF90000022C4F82520A4F82920F1E615F0ACFEE3
:10EFA00081453FF476AF134A1649144840F2922344
:10EFB0003BF029FB84F31188BFF36F8F03231846BE
:10EFC00002DF66E7AFF300808D49FD1A07000000FD
:10EFD00083DE1B437FC3C901404B4C0000CA9A3BF0
:10EFE0008C49FD1AA5CD02008D49FD1A71CD020094
:10EFF000E5CD0200389C0500C89605006C8F050021
:10F0000078930500949C05002DE9F04F8FB00DF129
:10F0100037010446DFF8D0A0DFF8D0800DF13600CC
:10F0200015F018FE9DF836309DF837B00B9314F0AC
:10F03000A5FEDAF80060A6FB085629A3D3E9002351
:10F040000027814631462846FEF7CAFACDE9077700
:10F05000069420F07F44DAF80400254B0593A0FBCA
:10F0600008011FA3D3E90023FEF7BAFA214B20F0D1
:10F070007F40A4FB0331072202FB0411CDE903709A
:10F08000E81A66EB01014FF47A720023FEF7A8FA42
:10F090000097CDE901404B460B985A46032114F0E6
:10F0A00053FD10F0FD0404D06FF08B000FB0BDE8ED
:10F0B000F08F1148114A002334F058FA20B9DAF8D9
:10F0C0000C000FB0BDE8F08F9DF837209DF836009A
:10F0D00000942346032114F0CBFD6FF07300E5E7A5
:10F0E0008D49FD1A07000000F452002000CA9A3B27
:10F0F000A9E102008D49FD1ADC520020447B0B007F
:10F1000038B50F4D044614F039FEA96814F038FEE6
:10F11000696803460B48B3FBF4F4A1FB00011C44EF
:10F1200005A3D3E90023FEF75BFA20F07F40844279
:10F1300094BF0020012038BD8D49FD1A0700000052
:10F14000F452002000CA9A3BF0B5C468636883B0EB
:10F150000546002B64D121F0B5F9002021F0D8F943
:10F160000021084621F0C6F900222521082021F0BF
:10F1700003FA474B019301A821F0EAF9454940F20F
:10F180005B6021F099FA237AC3F3420262F306131B
:10F190002046237220F0E6F81EF084FF58BB637A05
:10F1A0009B071FD127682E6838461FF021FC0644B4
:10F1B0006A6806F10901012021F0C6FB21F084FCF8
:10F1C000204618F0ADF8811C3246C9B238461FF00F
:10F1D0001DFC054678BB20461FF0B2FB88B9002015
:10F1E00003B0F0BD01201EF0CBFB4178821C0078FB
:10F1F00021F04AFBD6E7607A10F0030018BF012027
:10F20000F1E7254A2549264840F229433BF0FBF91E
:10F2100085F31188BFF36F8F0323184602DFDEE703
:10F2200093F82C309A0796D01E48214621F008F911
:10F2300021F0EEF9D3E7184A1B49194840F211436F
:10F240003BF0E1F9194B0721A5FB030301FB053155
:10F250000DA3D3E90023FEF7C3F91549024615486B
:10F260003BF0D1F9002585F31188BFF36F8F03239D
:10F27000184602DF1048214621F0E2F821F0C8F9D3
:10F280006FF08B00ACE700BF00CA9A3B00000000A3
:10F29000D6BE898E55555500B4A005004091050095
:10F2A0006C8F05009DEB0200449005008D49FD1A0E
:10F2B00064A1050038A1050039EF0200000000003C
:10F2C0002DE9F041C468A28A4FF6FF739A4282B0DA
:10F2D00000F0DF80054620F089FB2B89628B208CB3
:10F2E000A3831A4492B2104494F82730E28380B288
:10F2F000411C21845E064FF00001618304F122016C
:10F3000000F1A18003F03F000B4694F82810009014
:10F3100004F129001DF034FE0646D4E90C31A28B1D
:10F3200002FB0333A26B1344E26B8B4294BFD218EF
:10F3300052188A4228BF0A46E263616C226C94F834
:10F3400067301144616494F87E2094F82C10C3F364
:10F35000020363F3061112F004024FF0000384F875
:10F360002C10A363236478D021F0ACF8002021F0A6
:10F37000CFF8201D21F0ECF82389A17A40F25B60E0
:10F3800043EA014121F098F930461FF051FB214634
:10F39000594821F055F8A08921F0CAFA94F866205E
:10F3A00094F86700C2F3C003002102F0070200F0E6
:10F3B000070021F0E7F9204620F0C2FB27682E68FD
:10F3C00038461FF015FB06446A6806F10901002063
:10F3D00021F0BAFA804621F04BFB002021F062FBBD
:10F3E000E36B94F8670003F12F02636C00F00700F1
:10F3F000012103EB420521F0FDF84544054494F852
:10F40000670000F00700022825D004280CBF4FF445
:10F41000BC73282301211D4421F0EEF8284421F07B
:10F4200019FBA18A03313246C9B238461FF0EEFA01
:10F430000546002834D120461FF082FAD0B90020BA
:10F4400002B0BDE8F0810A4603F03F03218D1DF0B4
:10F45000E3FD064661E71823DCE7D4E91A0113F05F
:10F4600051F8002880D194F87E3043F0040384F8EA
:10F470007E3079E7214A224922484FF4B0733BF0AD
:10F48000C2F885F31188BFF36F8F0323184602DF9C
:10F49000D5E71D48214620F0D3FF21F0B9F8CEE78B
:10F4A000164A1A4917484FF4AB733BF0ACF8184BA7
:10F4B0000721A5FB030301FB05310DA3D3E90023BD
:10F4C000FEF78EF81349024613483BF09CF80025DE
:10F4D00085F31188BFF36F8F0323184602DF0F48AF
:10F4E000214620F0ADFF21F093F86FF08B00A7E7E5
:10F4F00000CA9A3B00000000B9FD0200F0A105001F
:10F50000409105006C8F05009DEB020044900500C2
:10F510008D49FD1A44A2050038A1050079EB0200CF
:10F52000002931D000220023C0E90023C0E90223D2
:10F5300017A3D3E90023C0E9042317A3D3E90023C9
:10F54000C0E9062316A3D3E90023C0E9082316A3C4
:10F55000D3E90023C0E90A2315A3D3E90023C0E9B6
:10F560000C2315A3D3E90023C0E90E2314A3D3E988
:10F570000023C0E9102314A3D3E90023C0F8D0105E
:10F58000C0E91223002070476FF07400704700BF7D
:10F59000D89E05C15D9DBBCB07D57C362A299A62D2
:10F5A00017DD70305A01599139590EF7D8EC2F15E3
:10F5B000310BC0FF6726336711155868874AB48E30
:10F5C000A78FF9640D2E0CDBA44FFABE1D48B5477A
:10F5D0002DE9F04F016C9FB016461F46CDE9046738
:10F5E0002B9D039049B1426C4A600123934004462D
:10F5F0008B6039F053FE00232364B7F10009B4BFD8
:10F60000012300232B60764BBCBF29F00049CDF8C5
:10F61000149033EA090300F0AA80DDE904340022E3
:10F62000184621460023CDE90801FDF70BFE804670
:10F6300068B12A9A012313602C9B13B12C9A694B51
:10F640001360694B0A930A981FB0BDE8F08F1CAB9A
:10F6500001931DAB00930398DDE908233AF052F9BA
:10F660005FEA1955824640F09880DDE91C854544E3
:10F6700005F23243202B40F38383C3F1400309FAA0
:10F6800003F905F2124326FA03F349EA0300FDF7F2
:10F69000F7FA0123013DA1F1F8711193534B0022B8
:10F6A000FDF7B0F948A3D3E90023FDF763FB48A3B6
:10F6B000D3E90023FDF7A8F9064628460F46FDF7D3
:10F6C000EFFA45A3D3E90023FDF754FB02460B46AE
:10F6D00030463946FDF798F906460F46FDF7FAFD24
:10F6E00000228346002330463946FDF7B5FD002849
:10F6F00040F01A83A8EB0508BBF1160F08F1FF34A0
:10F7000000F28B813A4D05EBCB05D5E90023DDE90D
:10F710000801FDF7A1FD002870D00023002C0BF19B
:10F72000FF3B1093C0F27E8100230B93BBF1000FCF
:10F730006ADA0B9BA3EB0B030B93CBF10003CDE930
:10F740000EB3289B092B4FF0000B65D8052B40F317
:10F750001C83043B28930025289B023B032B00F2CB
:10F760002386DFE813F060045D04540438042A9A09
:10F77000C9F3130942F20F7359EA060913601CD149
:10F780002C9B002B00F02B861A4B0A9308332C9AE3
:10F790000A9813601FB0BDE8F08FDDE90812C2F3CC
:10F7A0001303084643F07F51CDF84480A5F2FF359E
:10F7B000DDF8708041F4401170E72C9B002B40F085
:10F7C000E7830D4B0A933EE761436F63A787D23F00
:10F7D000B3C8608B288AC63FFB799F501344D33F40
:10F7E0000000F07F45900500449005000000F83FC0
:10F7F000A083050028CA050034CA0500B8F1000F2F
:10F8000040F3608410900B9000230F93289BCDF859
:10F8100038B0092B5C4499D90023CDE92833012560
:10F820004FF0FF330C950693039B00215964069B10
:10F830001893039839F00CFD0A90002800F0BD855C
:10F84000039B0A9A1A64069B0E2B00F21581002D69
:10F8500000F012810E9A002A40F33B84B24D02F070
:10F860000F0305EBC303D3E9008913461511DA052D
:10F8700040F1FA83AD4BDDE90801D3E90823FDF738
:10F88000A3FBCDE9120105F00F0503277DB1A74EBB
:10F89000EB0708D540464946D6E90023FDF76AFA4A
:10F8A0000137804689466D1006F10806F0D14246C0
:10F8B0004B46DDE91201FDF787FB80468946109B28
:10F8C00043B19B4B002240464946FDF7C5FC00284A
:10F8D00040F0F1843846FDF7E3F942464B46FDF728
:10F8E00049FA944B0022FDF78FF8069B0646A1F1DA
:10F8F0005077002B00F0A9800E9B1993069B129362
:10F900000A9B894D49464046CDE914675E1CFDF7C8
:10F91000E1FC129905EBC10353E902120746CDE958
:10F920001612FDF7BDF902460B4640464946FDF763
:10F9300069F889460C993037DDE916238046FFB215
:10F94000002900F053847C490020FDF73DFBDDE9F0
:10F950001423FDF757F80A9D02460B46CDE9142300
:10F960002F7042464B46FDF795FC002840F09784E7
:10F97000CDE91AB4CDF858A0129DDDE914AB0027EB
:10F980002AE00137AF4280F2DE846C4B5046594684
:10F990000022FDF7EFF9694B002282468B46404674
:10F9A0004946FDF7E7F989468046FDF793FC044692
:10F9B000FDF776F902460B4640464946FDF722F828
:10F9C000303406F8014B52465B4680468946FDF7C7
:10F9D00043FC002840F0B48442464B465449002082
:10F9E000FDF710F852465B46FDF736FC0028C8D0FC
:10F9F000199BDDF858A00A9A374603F1010802E086
:10FA0000974200F07C843E4617F8013D392BF7D031
:10FA10000133DBB23B70454675E10123002C1093A6
:10FA2000BFF682AEC8F101030B9300247EE6384690
:10FA3000FDF736F942464B46FDF79CF93D4B002257
:10FA4000FCF7E2FF0646A1F150773D4B40464946A0
:10FA50000022FCF7D7FF32463B4680468946FDF739
:10FA600019FC002840F05A8440464946324607F1C6
:10FA70000043FDF7F1FB28BB1D9B002BC0F29280D9
:10FA80000E9A0E2A00F38E80274D0E9B05EBC305C0
:10FA9000D5E90034CDE90434299B002B19DA069B03
:10FAA000002B16DC0ED1264B0022DDE90401FDF708
:10FAB00061F902460B46DDE90801FDF7D7FB002896
:10FAC00000F02C844FF000090A9E4F46299BDD432D
:10FAD00025E2DDE90445DDE9088922462B4640465A
:10FAE0004946FDF771FAFDF7F5FB0646FDF7D8F834
:10FAF00022462B46FDF73EF90A9F0B460246494631
:10FB00004046FCF77FFF06F1300307F8013B069BF8
:10FB1000012B00F012830125CDF818A09946DDE9EC
:10FB200004ABA8462CE000BFA08305007883050045
:10FB30000000F03F00001C400000E03F00002440B7
:10FB40000000144052465B4620462946FDF73CFA29
:10FB5000FDF7C0FB0646FDF7A3F852465B46FDF7EE
:10FB600009F908F101080B46024629462046FCF730
:10FB700049FF06F13003C84507F8013B00F0DB827E
:10FB8000B94B0022FDF7F6F80022002304460D468B
:10FB9000FDF758FB0028D5D00E9DDDF818A00135E3
:10FBA0003E46B0E00C9A002A40F0D28000230F9D20
:10FBB0000B9E0C931F4656B1002C08DDA6420B9AF3
:10FBC0003346A8BF2346D21A0B92F61AE41A0F9BAB
:10FBD00053B10C9B13B1002D40F0E88251460F9AAF
:10FBE000039839F0EBFC82460398012139F002FCBE
:10FBF0008146BBF1000F40F0B681289B012B40F3FA
:10FC0000CC810120204410F01F0000F09A80C0F148
:10FC10002003042B40F3DA810B9BC0F11C0003444A
:10FC20000B93064404440B9B002B05DD51460398BF
:10FC30001A4639F01DFD8246002C05DD4946039821
:10FC4000224639F015FD8146109B002B40F0708153
:10FC5000069B002B40F348810C9B002B40F0A480B6
:10FC60000E9D0135DDF82880069CDDF80CB00126DC
:10FC700007E0514600230A22584639F019FB0136A5
:10FC800082464946504638F0B9FDA64200F130039D
:10FC900008F8013BEDDB069A002AC8BF16460A9A0F
:10FCA000D8BF012602EB060B00245146012203981F
:10FCB000049339F0DDFC4946824639F051FD0028B5
:10FCC00040F3E3810A9A02E05A4500F0E9815E467A
:10FCD0000BF1FF3B16F8013C392BF5D001338BF8C3
:10FCE0000030DDF80C804946404639F0D7FA57B16C
:10FCF0002CB1BC4203D02146404639F0CFFA0398DC
:10FD0000394639F0CBFA0398514639F0C7FA002347
:10FD100033702A9B1D602C9B002B3FF494AC0A98F7
:10FD20001E601FB0BDE8F08F5846FCF7B9FF3246A1
:10FD30003B46FDF787FA00287FF4DCAC0BF1FF3B74
:10FD4000D8E41C230B9A1A440B921E441C446AE705
:10FD5000289A012A40F3A981069A0F9B551EAB42AF
:10FD6000C0F26B81002AA3EB050580F2DD820B9BBC
:10FD7000069A9E1A0398012139F03CFB07461AE7C0
:10FD8000C3F1200306FA03F081E40125E4E43946D7
:10FD9000002303980A2239F08BFA189B002B0746A0
:10FDA00040F3EF820E950693002E00F33F81BBF1E6
:10FDB000000F40F0DF81B8460A9E069C731E1C446B
:10FDC000049B0C9403F00103039C0F934946504697
:10FDD00038F014FD39468346504639F0C1FC42469E
:10FDE00049460546204639F0DBFCC26801460BF166
:10FDF0003003002A3AD1089050460B9339F0B0FCFA
:10FE000008990690204639F049FA069A0B9B002A79
:10FE10005AD1289A1AB90F9A002A00F09A82002D16
:10FE200045DB0C9AB346B2420BF8013B00F0B981B6
:10FE3000514600230A22204639F03AFA47458246C5
:10FE400039464FF000034FF00A02204636D039F011
:10FE50002FFA4146074600230A22204639F028FAA5
:10FE60005E468046B2E700BF000024400398069338
:10FE700039F014FA002D069B06DB049A289902F04B
:10FE800001020D432A432AD15146012203980493CB
:10FE900039F0EEFB4946824639F062FC0028049BAB
:10FEA00040F3E880392B00F02F820BF131030E9DD7
:10FEB00006F8013B3C460135474612E739F0F8F9B0
:10FEC0005E460746804681E7002DC0F27D82289974
:10FED0000D430F990D4300F07782002AA1DD392BE5
:10FEE00000F012820133E2E7289B022B7FF7B4AEC9
:10FEF000069B002B40F01D8149460522039839F0EE
:10FF0000D7F901468146504639F02AFC002840F3D3
:10FF100010810A9E0E9D312306F8013B013503989E
:10FF20004946013539F0BAF9002F7FF4E8AEEAE628
:10FF30004946504639F014FC0028BFF689AE5146B8
:10FF4000002303980A2239F0B3F90E9B5D1E0C9B27
:10FF50008246002B7FF41BAF189B002B40F3FF81E0
:10FF60000E9D06937EE601465A46039839F026FB1D
:10FF7000289B012B81466CDD4FF0000BD9F8103027
:10FF800009EB8303186939F0E3F9C0F1200039E681
:10FF9000924B0A930333FFF7FABB049B002B7FF4C9
:10FFA00030AEDDE90412C2F31303002B7FF429AE57
:10FFB0008B4B134023B10B9B01330B930134012373
:10FFC000BBF1000F40F0AE819B461AE63FF42BAE2A
:10FFD000C0F13C03B6E601230C93299B0E9A13440F
:10FFE00018930133012B1E460693B8BF0126172E26
:10FFF00040F3D581012204235B0003F11400B042D9
:020000021000EC
:10000000114602F10102F7D9039B596411E401235F
:100010000C93299B002B33DD189306931E46E6E7CD
:1000200000230C93D9E700230C93F2E73946039899
:10003000324639F01DFB0746B9E60F9B069A0F952D
:10004000EB1A9B440B9B1E46134414440B93002550
:1000500090E6049B002B8FD1DDE90401C1F313036B
:100060000A46002B88D1A3E7DDE908230227CDE962
:1000700012230BE47FF41BAFDA077FF518AF11E70B
:10008000012329930693FFF7CFBB03D1049BDB0722
:100090003FF518AE5E461BF8013D302BFAD020E646
:1000A0000A9A3123013513701BE6119A002A00F0D9
:1000B000F98003F233430B9A0F9D16461A441C44F1
:1000C0000B9257E6C8F1010304460B931090FFF71B
:1000D0009BBB00F0EB800E9B424D5E4206F00F038F
:1000E00005EBC303D3E90023DDE90801FCF742FE79
:1000F0003511CDE9120100F04D813B4E002302275E
:1001000080468946E80709D5D6E900234046494696
:10011000FCF730FE01378046894601236D1006F159
:100120000806EFD1002B7FF4CAABDDE91289FFF797
:10013000C6BB0A9ECAE4DDF818A00E9D02460B4617
:10014000FCF762FC02460B46CDE906230135DDE9EA
:100150000423A846FDF79EF840B9DDE90423DDE954
:100160000601FDF76FF818B1F10701D50A9A4AE4C4
:100170003E46C8E57968039839F06AF805460028D4
:1001800000F026813B6902339A0007F10C010C3024
:10019000FCF7E6FA03982946012239F069FA80460D
:1001A0000AE60E9D3C46013547467EE5DDF80C80AB
:1001B00039462A46404639F001FA5246014607467A
:1001C000404639F045F951468246404639F066F8D6
:1001D0000F9B5B1B0F933FF407ADFFE434CA050090
:1001E0000000F07FA083050078830500DDE914019D
:1001F000FCF7C0FD0A9B1F70129B012BCDE90C017F
:1002000000F0C680129F0A9BCDF844B01F447C4B7F
:10021000002240464946FCF7ADFD89468046FDF781
:1002200059F88346FCF73CFD0BF1300B02460B46B8
:1002300040464946FCF7E6FB06F801BBB74280465C
:100240008946E4D1DDF844B06E4B0022DDE90C01B3
:10025000FCF7DAFB02460B4640464946FDF71AF822
:10026000002867D1DDE90C2366490020FCF7CAFBB2
:1002700002460B4640464946FCF7EEFF48B91D9B37
:10028000002BFFF693AC0E9B0E2B3FF78FACFFF7C6
:10029000FCBB3E46013F16F8013C302BF9D0199DBE
:1002A000013530E51C9BC3F1360304E7DDE908891D
:1002B0000227FFF704BB069B002B3FF4B8AB189B4B
:1002C000002B7FF7D9AB0E9A1293013A4C4B19923F
:1002D000404600224946FCF74DFD80468946781C81
:1002E000FCF7DEFC42464B46FCF744FD464B002241
:1002F000FCF78AFB0646A1F15077FFF701BB08F136
:1003000001083123FFF786BB0E9D0A9AB3463923B5
:100310003C460BF8013B01354746D8E44FF0000955
:100320004F46F6E59B4629E60B9B1E4613441444B4
:100330000B931FE5199B0A9A03F10108FFF763BBB2
:10034000DDF858A0ABE7DDE91AB4DDF858A0FFF7F7
:1003500093BB392BD8D0002D3FF7A7ADA7E5289B3D
:10036000022B0ADC189B069349460E9D38F046FA8C
:100370000A9A00F1300313708DE4189B06930E95D2
:10038000B6E5289B022BF8DC189B0E9506930BE52F
:10039000374659E7DDE912890227FFF790BA039B38
:1003A00000215964FFF745BA039B00255D64294687
:1003B000184638F04DFF0A90A8B9144B1448002293
:1003C0004FF4D57134F006FC002A7FF770AD5BE581
:1003D0000E4B0F482A4640F2EA2134F0FBFB0D4B4E
:1003E0000A93FFF730B9039B0A9A1A644FF0FF3360
:1003F0000122299518930C920693FFF73DBB00BF8D
:10040000000024400000E03F00001C4038CA050006
:100410004CCA050028CA050002484FF400420023D8
:1004200033F0ECBA30000020034A0448012353742F
:100430000221034A0CF0A2B8A9110020980900205B
:100440009009002010B5044628B939F068FEBDE8CF
:10045000104025F05FBF012812D139F062FE094B30
:10046000094800225A7402212346084A0CF086F8F3
:10047000BDE8104006484FF42022002333F0BEBAF6
:1004800010BD00BFA911002098090020900900208C
:100490000000002030B5104D0FCD8BB005AC0FC45F
:1004A0002B68236001240D4B0D490094022205A8FE
:1004B0000CF0CCF968B10B490B685B0709D00A4B0B
:1004C000029300230390CDE900332246184639F009
:1004D000BFFD0BB030BD00BF507F0500900900206C
:1004E00098090020F012002000CC0500084B1A6982
:1004F0001268520148BF80F0010028B19B68DB6898
:1005000003484FF0806118479B681B69F8E700BFFC
:10051000007805001FB50B490B6803F00703022B99
:10052000044609D9084B029300230390CDE9003318
:100530000322184639F08CFD2046FFF7D7FF002034
:1005400004B010BDF012002025CC050070B58CB0B1
:10055000AA4802698168136843F0806313600B68DE
:10056000A74A1A21984790B903240120FFF7BEFF3C
:10057000642039F07CFD0020FFF7B8FF642039F0DB
:1005800076FD013CF1D140F6B83039F070FD9D4C5C
:10059000236803F00703022B3AD900259A4B0293F4
:1005A000CDE900552B4603222146284639F050FD5F
:1005B000236803F00703022B2AD9944B0095CDE959
:1005C000015303222B462146284639F041FD23687A
:1005D00003F00703022B1BD98D4B00950126CDE9B3
:1005E000015303962B4603222146284639F030FD5D
:1005F000236803F00703022B0AD9864B0396CDE943
:10060000015300952B4603222146284639F020FD50
:100610000120FFF76BFFC82039F029FD0020FFF70C
:1006200065FF40F6B83039F022FD236803F0070378
:10063000022B09D9784B02930023CDE9003371498D
:100640000322184639F004FD25F028FD0546A8BB15
:100650000120FFF74BFF642039F009FD2846FFF722
:1006600045FF642039F003FD0120FFF73FFF6420C0
:1006700039F0FDFC2846FFF739FF642039F0F7FC1C
:1006800040F6B83039F0F3FC236803F00703022B7F
:1006900009D9624B5B490095CDE9015303222B46F2
:1006A000284639F0D5FC00200BF034F822680346C8
:1006B000A8B1540710D05A4B039004E023685E079A
:1006C0000AD0584B039002930023CDE900334D49E3
:1006D0000122184639F0BCFC00200CB070BD02F0BD
:1006E0000702022A07D9504A46490090CDE9010283
:1006F000032239F0ADFC03250120FFF7F7FE64204B
:1007000039F0B5FC0020FFF7F1FE642039F0AFFCB2
:10071000013DF1D140F6B83039F0A9FC236803F06F
:100720000703022B09D9414B36490095CDE9015306
:1007300003222B46284639F08BFC002604A8CDE97D
:100740000466069600F022FA054648B12368580769
:10075000C2D0374B0395CDE9016300963346B6E727
:1007600000F0B4F90346069058B922685107B3D097
:10077000304A24490090CDE90102012239F068FC99
:10078000AAE7236803F00703022B09D92A4B1D4966
:100790000095CDE9015303222B46284639F058FC39
:1007A00004250120FFF7A2FE642039F060FC002040
:1007B000FFF79CFE642039F05AFC013DF1D140F670
:1007C000B83039F054FC236803F00703022B09D931
:1007D0001A4B0C490095CDE9015303222B462846BC
:1007E00039F036FC04A824F023F92268034648B304
:1007F00052073FF471AF124B039064E70078050095
:1008000001000600F01200203ECC050053CC05008C
:1008100073CC05008ECC0500B7CC050013CD0500C8
:1008200029CD0500DBCC050048CD05005ECD0500D7
:1008300075CD050099CD0500B4CD0500C7CD0500E7
:10084000DDCD050002F00702022A07D9524A5349BA
:100850000090CDE90102032239F0FAFB05250120C1
:10086000FFF744FE642039F002FC0020FFF73EFE53
:10087000642039F0FCFB013DF1D140F6B83039F08D
:10088000F6FB236803F00703022B09D9444B4349C5
:100890000095CDE9015303222B46284639F0D8FBB9
:1008A000404E0FCE07AD0FC533682B6000252B4699
:1008B0003D490095022207A80BF0C8FF236848B104
:1008C0005B073FF409AF394B0390CDE90153009525
:1008D0002B46FCE603F00703022B08D9344B2F49C3
:1008E0000090CDE901030322034639F0B1FB01205A
:1008F000FFF7FCFD4FF47A7039F0B9FB0020FFF7E9
:10090000F5FD236803F00703022B09D9294B029355
:100910000023CDE9003321490322184639F098FB22
:1009200039F0FBFB2268034640B312F0060F0AD0F1
:10093000214B029300230390CDE900331749022293
:10094000184639F085FB236803F00703022B09D909
:100950001A4B02930023CDE90033104903221846B5
:1009600039F076FB16484FF42022002333F046F886
:1009700000214FF4004046F09DFCF9E702F0070229
:10098000022AEFD90F4A05490090CDE9010203225E
:1009900039F05EFBD7E700BFF8CD0500F01200206C
:1009A0000ACE0500507F05009809002000CC050004
:1009B00026CE05003ACE050052CE0500A9CE050090
:1009C0000000002088CE050000B5C7B00D4804A97E
:1009D00007F074FA821C02D10A4807F0B7F968B12F
:1009E00009490B685B0709D0084B02930023039069
:1009F000CDE900330122184639F05EFB47B05DF8BF
:100A000004FB00BFE1CE0500B0120020F3CE0500CC
:100A10002DE9F04307468BB00D46FFF7D5FF38466A
:100A200039F035FB041E23DD34F044F9A14680463D
:100A3000002841D000260122394607A8CDE90766E3
:100A40008DF8246006F0CAFE0446A8B11C490B6864
:100A50005A070AD01B4B0096CDE90370CDE901631C
:100A600001223346304639F027FB404634F02AF95C
:100A700020460BB0BDE8F0834A46414607A806F081
:100A800089FF041E15DA0E490B685B070AD00E4B6E
:100A90000096CDE90163CDE9037433460122304667
:100AA00039F00AFB404634F00DF907A806F04CFF78
:100AB000DEE7C5F80080F8E76FF00B04D8E700BF69
:100AC000B012002018CF050033CF050070B590B0EC
:100AD000284805A9FFF79CFF041E49DB07A8059ECF
:100AE00044F0DAFE244B0025CDE90053224602955E
:100AF0002B46314607A830F0F3F90446A8B11F4948
:100B00000B685A070AD01E4B00954442CDE90153A9
:100B100003942B460122184639F0CEFA00243046C1
:100B200034F0D0F8204610B070BD014616220DF109
:100B30002A0034F03BFC134B0D9347F21213ADF82F
:100B4000283006AA4FF480430AA907A80C9330F076
:100B5000F1FA58B109490B685B07DFD00A4B0094E2
:100B60004042CDE9014303902346D3E7069CD6E7F4
:100B70000024D7E74ECF0500B1A00400B01200203A
:100B800068CF05000000020983CF050013B50446B5
:100B900001A90548FFF73CFF0028A2BF019BC4E95B
:100BA0000030002002B010BDA7CF05007FB50BAB11
:100BB00005930393054B02930023CDE900330122F3
:100BC000184601F01FFC07B05DF804FBC1CF05001B
:100BD0001FB501F0C7FA08490B685B0708D0074B3F
:100BE00002930023CDE9003301221846FFF7DEFF10
:100BF000012000F0D9FF00BFBC120020C1CF0500CA
:100C0000F0B5064685B017461D460C4689B92848FA
:100C10003AF0A1FA68B127490B6858071FD0264B54
:100C20000094CDE9014301222346204639F066FABB
:100C300015E01F482B463A4631463AF02AFA044658
:100C400078B11C490B685A0709D01C4B029300234A
:100C50000390CDE900330122184639F04FFA05B070
:100C6000F0BD002DFBD001203EF043F911490346B1
:100C700020B10B685B07F2D0114BD1E70A6802F094
:100C80000702022A06D90F4A0090CDE90102032289
:100C900039F034FA39F029FF04460028FAD14FF42C
:100CA000C030002146F006FB204600F07DFF00BF6B
:100CB000B02C0020D0120020DECF0500F9CF0500B7
:100CC00016D0050030D0050013B5074804698368C5
:100CD00001A95B68984720B9236801985840C0F380
:100CE000007002B010BD00BF00780500F0B587B0FD
:100CF0004848494D45F0E9FE034668B92A6812F0B4
:100D0000060F07D0454A0090CDE90102294602228C
:100D100039F009FA07B0F0BDFFF7D6FF041E0FDA6D
:100D20002B6813F0060FF5D03D4B02930023CDE95D
:100D30000033039402222946184639F0F4F9E9E712
:100D4000384E3378CCBF01270027BB4215D02B6823
:100D500003F00703022B0FD9334A344B002C08BF92
:100D600013460393324B02930023CDE90033032251
:100D70002946184639F0D7F937702B6803F0070376
:100D8000022B10D9284A294B2349002C08BF1346AF
:100D9000CDE90334274B02930023CDE9003303222E
:100DA000184639F0C0F9244B1B78002BB2D0234BE6
:100DB000234E002C08BF1E463046FBF7A1FA002147
:100DC00003460020CDE9000132461E48322124F0BE
:100DD0002FF82A68034658B112F0060F9AD01A4B22
:100DE00002930023CDE900330B4903900222A3E7CD
:100DF00002F00702022A8DD90C490B4A0090002C00
:100E000018BF0A460392114A0349CDE901020322A1
:100E100093E700BF00780500F012002092D0050093
:100E2000B3D00500AE6F00205FD005005BD0050099
:100E3000D5D00500EDD00500AF6F00207AD00500B9
:100E400063D005001AD1050023D1050046D1050065
:100E500010B5FFF74BFFBDE8104003484FF4A02248
:100E6000002332F0CBBD00BF6000002070B586B01B
:100E7000384D394C284645F028FE034678B922689B
:100E8000520707D0354A0090CDE9010221460122E0
:100E900039F049F96FF01205284606B070BD2A698D
:100EA000A968136823F0805313600B6828464FF439
:100EB00080321C219847051E0EDA23685B07EBD0B1
:100EC000274B02930023CDE90033039501222146ED
:100ED000184639F028F9DFE7FFF7F6FE051E214E28
:100EE0002ADA236813F0060F0AD01F4B029300235F
:100EF000CDE90033039502222146184639F013F953
:100F000000233370236803F00703022B0CD9174B1F
:100F10001149CDE90335164B02930023CDE9003387
:100F20000322184639F0FFF812484FF4A02200239C
:100F300032F064FD0025AFE7CCBF012300233370FE
:100F4000236803F00703022BEED9002DDFDD0A4BE7
:100F5000DEE700BF00780500F012002092D0050007
:100F600068D10500AE6F002097D105005FD0050065
:100F7000C1D10500600000205BD00500024B0122BA
:100F80001A70FFF7B3BE00BFAF6F0020014B002205
:100F90001A707047AF6F00202DE9F04F91B08407B1
:100FA000009302F004030293C2F3C20303F10103AE
:100FB000DDF86880039205460E46059340F0BA813D
:100FC000041D30B1072909D86FF01B0011B0BDE82E
:100FD000F08F01F007063444C6F10806009B4FF07D
:100FE0000009591E4FF0040A4FF0FF330193CDF86A
:100FF00010904F46CB4653460DB1009A226005989B
:10100000002800F3E8809848009A824203D397486A
:101010008242C0F0E080039AA4EB050E92074FEAEB
:101020009E0000F103810F2F00F2B180002D00F02F
:10103000058107F140020DEB020C019A0CF8200C1F
:101040000CF8102C049801300490E7E07A285DD861
:101050004B280ED8472859D829282DD8252852D0D2
:1010600054D820287AD02338D0F1000B4BEB000B5A
:1010700074E04C382E2849D8DFE800F07048484822
:1010800048484848484848484B48484848484848DD
:101090004859484B4B595959704B6D487048184B3B
:1010A000184848827F4B48484B487F0000204FF04B
:1010B000000B4FF0040A38E02A38C0B2012202FACD
:1010C00000F010EA0E0F49D110F0625C2FD110EA47
:1010D000020B43D06046013C5444B4FBFAF40AFBD3
:1010E00004F4002D61D0A3EB050CA444B4453FF6F5
:1010F0006BAF002868D1042B47D158F8043B23601C
:10110000043404232AE0019A013A01924FF0000BC3
:1011100024E011F8010C6C2834D111F8023C0020B5
:101120006C2B8346C5D14FF0080A5346D3E708F12C
:10113000070828F007080734F8E802AB24F0070492
:1011400035B106982044B0423FF63EAFC4E900AB4B
:1011500008344FF0000B4FF0080A534611F8010F06
:10116000002878D0BBF1000F7FF470AF2528F5D1AF
:10117000019B013301934FF0010B4FF0040AECE7A0
:10118000584694E700208346A5E7082B02D06FF06D
:1011900015001BE708F1070828F00708F8E8022304
:1011A000C4E9002308340823D8E768B9042B02D126
:1011B00008F10408A4E7082BE9D108F1070828F092
:1011C000070808F10808EDE7059A013A059258F872
:1011D000042B009210E7039A900720D5A4EB050E8C
:1011E0004FEA9E004FF0010CBEF5007FCFD20F2FCB
:1011F000CDD8F5B107F140020DEB020EC0B2019A55
:101200000EF8200C0EF8102CBCF1000F3FF41AAFB2
:1012100060F07F000EF8200C09F101090137C5F1DB
:101220000802043406924FF6DA7E97E74FF0000C7E
:10123000DAE7BCF1000F01D00136EFE70298023681
:101240000028EBD10098CDE90631FBF759F8DDE92C
:1012500006310644E2E7631BB3F5806F97D23DB9D0
:10126000A6F10804E018B1E6E8760500A82E06000D
:10127000029A28609B082B709DF81030C2B1EB7069
:1012800085F80290B9F1000F05D008A80022C5F139
:10129000010C97420ED1C5F101030DF120084FF06A
:1012A000000A01930DF1300B574512D1601B8DE6FA
:1012B0006B70E5E710F8013B190608D50CEB040E3E
:1012C000B64503F07F033FF67FAE04F8013B0132E1
:1012D000DFE7B9F1000F03D098F90020002A17DBEF
:1012E000029BD3B11AF80B2004F8012B0022019BBA
:1012F00018191044B0423FF667AE98F8000004F8A1
:10130000010B009903922046FBF72AFA039A144432
:101310000AF1010A08F10108C6E798F8002055F81B
:1013200022300093029B45F822300098FAF7E8FF3C
:10133000421CDCE76FF00D0048E600BF014B18606F
:10134000704700BFF009002030B587B00025CDE917
:1013500003010446009503A90548059500F06EF8C1
:10136000DDE904309842B8BF255407B030BD00BF56
:1013700069A50400F0B5094E016802460A2700205D
:101380000B4601311C78355D6D0701D41360F0BD4B
:1013900007FB0043A3F13000F2E700BFA5C805003A
:1013A0002DE9F84F15469A46D378234A12F803B030
:1013B0006F2B81460F460BF0030B2BD026D8582BF2
:1013C0000CBF10260A26DDF8288032460023484646
:1013D0003946FCF705F9092A08F1FF38D4B21ED8BE
:1013E0003034B145E4B277F1000788F8004001D30A
:1013F000D04511D82B789B0605D5082E15D1AB7892
:1014000043F00803AB704046BDE8F88F03F0F703E4
:10141000702BD5E70826D6E781460F46D5E7BBF106
:10142000010F0CBF37345734DBE7102EEBD1AB780C
:1014300043F01003E6E700BFA5C805002DE9F04F13
:1014400097B08A46039016461C460025307808B9A6
:10145000284656E325280AD0039B51469847002882
:10146000C0F24F83731C01350493049EEEE71822EB
:10147000002110A833F09AFF7378252B00F0A38089
:101480000023711C98469E469C4618460F4611F84C
:10149000012B2B2A00F0C68000F2BD80202A00F02C
:1014A000C480232A00F0C4802BB19DF8483043F05B
:1014B00040038DF84830B8F1000F05D09DF8483052
:1014C00043F020038DF84830BEF1000F05D09DF8A1
:1014D000483043F010038DF84830BCF1000F05D0C0
:1014E0009DF8483043F008038DF8483028B19DF846
:1014F000483043F004038DF848309DF8483003F03D
:101500004401442903D16FF386138DF848309DF8C8
:101510004830099743F080032A2A8DF8483040F07C
:101520008C809DF8493043F001038DF849307B1CD5
:101530001A782E2A9DF849200CBF0121002161F361
:1015400041028DF849200CD15A1C09925A782A2A56
:1015500040F083809DF8492042F004028DF8492034
:1015600002331A786C2A00F0A48000F28680682A80
:1015700000F08C806A2A00F0A5804C2A00F0AA8036
:101580001A4612F8013B0492782B9DF849208DF8F9
:101590004B3000F217816D2B00F2A980692B00F20D
:1015A0001181572B00F2BE80412B03D0453B022B0B
:1015B00000F208819DF84A30042262F302038DF89C
:1015C0004A300123CAE08DF84B30B31C04939DF8D8
:1015D0004930D90740F1FD8054F8048BB8F1000F71
:1015E00007DA9DF8482042F004028DF84820C8F13F
:1015F00000085A0740F1F68054F804BBBBF1000F15
:1016000080F2F5809DF849306FF341038DF8493041
:101610004FF0FF3BEBE02D2A0DD0302A7FF444AF92
:10162000012333E74FF0010C30E74FF0010E2DE7B7
:101630004FF001082AE7012028E709A8FFF79AFEE2
:10164000099BBB423FF474AF9DF848201390C00F34
:1016500060F341028DF848206AE709A8FFF78AFE87
:101660009DF848301490C3F3400242EAD07262F30E
:1016700041038DF84830099B73E7742A26D07A2AF3
:101680007FF47EAF9DF8492006210CE05A78682A45
:101690009DF8492006D1012161F3C6028DF8492049
:1016A00002336DE7022161F3C6028DF84920013350
:1016B00066E75A786C2A9DF8492001D10421EBE7AE
:1016C0000321F0E79DF849200521ECE79DF849202A
:1016D0000721E8E7BDF8482022F4F04222F0020298
:1016E00042F4804242F00202ADF84820DFE76E3B50
:1016F000D9B201238B4040F282410B4238D113F022
:10170000240F52D1DF075DD59DF84A30032161F3E4
:1017100002038DF84A3002F07803A3F140004342FF
:1017200043411BE0A3F15801C9B2012000FA01F1C5
:1017300011F4624F7FF43EAF40F6010739421DD1EC
:1017400011F4043F3ED09DF84A3060F3020302F0EA
:101750007802402A8DF84A3034D000239DF8482082
:10176000C2F340010B4363F341028DF848202EE79A
:101770009DF84A30022161F30203E8E79DF84A1020
:10178000022002F0780260F30201402A8DF84A102C
:1017900002BF9DF8481041F001018DF84810632BFD
:1017A000DBD1131E18BF0123D8E79DF84A3003216F
:1017B00061F3020312F0780F8DF84A3014BF012351
:1017C0000023CBE79DF8483043F001038DF8483003
:1017D000C3E79DF94820002AB4BFDDF84C804FF0E4
:1017E000FF3806E79F077FF513AFDDF850B09DF88F
:1017F00049100023CDE913339DF84A3003F0070365
:10180000012BC1F3C30132D1CB1E042B04D8DFE876
:1018100003F0204545202000236801294FEAE372A8
:10182000CDE910321BD19DF94030DA17CDE91032E5
:1018300004349DF8483013F003074FD0049B0398FD
:101840003246514638F0C8FE0028C0F25A8105449D
:101850000BE654F8043BDA17CDE91032E9E7022928
:10186000E6D11AB243F3C033CDE91023E0E7022BEF
:1018700024D1CB1E042B04D8DFE803F01810101875
:101880001800012954F8043B4FF0000214D002293B
:10189000CDE91032CDD19BB21093CAE7073424F0C2
:1018A0000704F4E80223CDE91023C2E754F8043B0F
:1018B000109300231193BCE7DBB2CDE7042B08D1D2
:1018C000073424F00704D4E900230834CDE91023B9
:1018D000AFE7032BADD154F8043BDDE79DF84B0097
:1018E00078283FF6C2AD62281ED8252850D0582847
:1018F0007FF4BBAD0DF13E030093DDE910010AABAF
:1019000012AAFFF74DFDBBF1000F814680F2C280A5
:10191000B9F1000F3FF4A9AD0DF13E06A6EB0903A6
:10192000002F7BD0013379E0633815283FF69DAD59
:1019300001A252F820F000BF0B1A0100691A010041
:101940006B1401006B1401006B1401006B14010097
:10195000691A01006B1401006B1401006B14010083
:101960006B140100B71A01008F1A0100C919010098
:101970006B1401006B140100A11901006B1401002C
:101980008F1A01006B1401006B1401008F1A010003
:10199000039B514698470028C0F2B380013564E5A7
:1019A000BBF1000FDDF840900ADB5946484644F091
:1019B0000DFCB9F1000F3FF458AD09EB000620E033
:1019C0004846FAF79DFCF8E71098002800F0878059
:1019D0000DF13E060AAB009612AA0021FFF7E0FCCB
:1019E000BDF84A3003F0EF0343F4F04343F0100333
:1019F000BBF1000F8146ADF84A304ADA00283FF4C7
:101A000034ADA6EB0903002708E0109B8DF82830C1
:101A100000270DF129060DF1280901239DF84A1030
:101A200011F01002069260D00233139A059213440B
:101A30004A0644BF14995B18B8F1000F6EDDA8EB9D
:101A400003089DF848305807C3F3800B66D4590645
:101A50005AD53FB1039B514638469847002850DB82
:101A600001355F46302350E01E075CBFC3F300130F
:101A70005F01DDE9102348BF2B27002BBFF63AAFEB
:101A8000524263EB4303CDE910232D2732E70027B1
:101A900030E700279DF848100DF13E03A3EB090342
:101AA0006FF386119B458DF848107FF631AFABEB95
:101AB000030313932CE7109B07293FF6D6ACDFE80E
:101AC00001F00C04060C08080C0C1D70CDE41D8000
:101AD000CBE4EA17C3E90052C7E41D60C5E4314E08
:101AE0000746A6F10509052398E7080748BF013313
:101AF0009BE7184607935146039B98470028079B8E
:101B000004DA17B0BDE8F08F2023C34659460029F8
:101B10000BF1FF3BEDDC45446D1AD84637B1039B12
:101B20005146384698470028EBDB01359DF84A308E
:101B3000DA0601D41B0706D5039B5146302098478F
:101B40000028DEDB0135069B3BB19DF84B00039B73
:101B5000514698470028D4DB0135059F2F4406E005
:101B6000039B5146302098470028CADB01357B1B78
:101B7000002BF5DC039833464A46514638F02CFDDD
:101B80000028BEDB0544A844A8EB0503002B7FF723
:101B90006CAC039B5146202098470028B1DB0135EF
:101BA000F2E700BF20D2050008B50446EFF3118329
:101BB000202383F31288BFF36F8F22F0A9FE204603
:101BC00005F070F8024838F0E3FC3AF0E5FAFCE77B
:101BD00021D205002DE9F043079D15B915600020BD
:101BE00012E00324B5FBF4F404EB4407BD4218BF34
:101BF0000134B4F1804F09D2A40001348C4200D8E2
:101C000038B914606FF00B00BDE8F0834FF0FF347B
:101C1000F7E7DFF8BCE004460021B94203F1030C0A
:101C200004F104062CD3A942274624D21F7801F1DF
:101C3000010CAC45264938BF5B784FEAA70E28BF98
:101C4000002311F80EE084F800E0AC4501EB131E10
:101C50003CBF9B0003F03C034FEA071707F0300737
:101C600038BFCB5C1EF80770677028BF3D23A37098
:101C70003D23E3703746381A002310603B70AEE70F
:101C80001CF8034C1CF8023C1CF8018C4FEAA40918
:101C900024011EF8099006F8049C04F030040EEBB1
:101CA00013199B0019F8044006F8034C03F03C0399
:101CB0000EEB981408F03F08E35C06F8023C1EF8AF
:101CC000083006F8013C033134466346A5E700BFFF
:101CD000CAD205002DE9F043DDF81CE0DFF82C81C5
:101CE00000273C463D4675451FD3E4BB14600020E9
:101CF000BDE8F0830136764533D013F806C0BCF159
:101D0000200FF7D0AEEB0609B9F1010FA6EB0505E0
:101D10000DD0BCF10D0F0AD103EB060999F8019023
:101D2000B9F10A0F6ED1751CDDE72E46E3E7BCF171
:101D30000A0FF8D02DB9BCF13D0F05D10137022FA4
:101D40000DD96FF01500D3E71CF0800FF9D118F80A
:101D50000C507F2DF5D03F2D01D8002FF1D101344B
:101D6000E1E73546C1E704F007064FF0060CE4084A
:101D70000CFB06F60CFB04F40736E41B04EBD6045C
:101D800070B18C420CD80027DFF880E0DFF880804B
:101D90001D44014603263C469D4205D10C1AA5E789
:101DA00014606FF00B00A3E713F8019BA9F10A0C74
:101DB0005FFA8CFCBCF1160F04D848FA0CFC1CF03E
:101DC000010FE9D01EF809C00134BCF1400F08BF73
:101DD000013E0CF03F0C042C4CEA8717DCD17EB19D
:101DE0003C0C012E0C7002D101310024D4E7022EEC
:101DF0004FEA17244C7016BF8F7002310331F4E79D
:101E00003446C9E7002DA2D09BE700BF4AD20500A7
:101E1000F6FFBFFF2DE9F047058B044628079046E3
:101E200011D4022905F0070540F0CC80204638F097
:101E300083FC78B10138218B042811D8DFE800F049
:101E4000C2106D85950001290CBF45F0100545F0C5
:101E50002005258388F31188BFF36F8FBDE8F087D5
:101E600001F0070AAA4500F0A5800027B9463E46C2
:101E7000A368002B00F0BC8041F00801218388F3A7
:101E80001188BFF36F8FA168002900F0BA800D6838
:101E9000002900F0B680D1F804803346524620462F
:101EA000C047002D76D02B6829461D46F0E701F08B
:101EB00007035A1F012A1BD8002221F00701062B15
:101EC000276889B2C4E9002209D13B4603E0628B4E
:101ED000013262831B68002BF9D141F0020121839A
:101EE000204638F029FC00287AD041F0200176E025
:101EF000042B0AD121F0070189B22183204638F052
:101F00001BFC10B141F020012183218B01F0070A55
:101F1000AA454FD00027B946AAE7236921F0070157
:101F200041F00601062DD3F8009021832DD1B9F19F
:101F3000000F3FD041F00801218388F31188BFF3DF
:101F40006F8F3A492046C84729E021F007012369ED
:101F500041F0040189B2042DD3F804902183E6D026
:101F600000273E464FF0040A82E721F0070123696B
:101F700041F0050189B2052DD3F808902183D6D010
:101F800000273E464FF0050A72E700273E464FF015
:101F9000060A6DE72B4687E7B9F1000FD1D1EFF3C1
:101FA0001188202383F31288BFF36F8F238B23F0D4
:101FB00008032383258BEA062ED525F010032383FF
:101FC00005F007056669218B002EBFF670AF002370
:101FD0002768C4E9003321F0070141F001012183A2
:101FE000218B01F0070AAA454FF000097FF440AFAA
:101FF000002F9CD041F00801218388F31188BFF3A2
:102000006F8F002FC8D03D68394633465246204670
:1020100038F0BEFB2F46F4E7AB067FF51BAF25F08B
:102020002003238305F0070500E700BFBDA70400D8
:102030002DE9F84F81463348884638F033FD06468F
:1020400070B9314CDFF8C4B0054627464FF0010A9D
:102050005C4507D3B9F1000F02D04FF0010A25BB50
:10206000BDE8F88FE31B62681B1101331371237BFA
:1020700083B12368DB680BB120469847636883F817
:1020800006A023681B6943B96368042219682046C7
:1020900038F037FD01361034DAE72046984700283B
:1020A000F2D00AFA06F31D43F4E7A94695FAA5F41F
:1020B000B4FA84F40AFA04F3260107EB04146FEA75
:1020C000030B25EA0305237B5BB1BB591B69A3B94D
:1020D0003E44042273682046196809EA0B0938F067
:1020E00010FD002DE2D1B8F1000F04D04FF4A47020
:1020F000002145F0DFF84D46B1E72046984700281B
:10210000EFD1E5E7E82E0020B07D0500C07D050099
:1021100008B5034608462BB1044A136000F066FB7D
:10212000002008BD6FF01500FBE700BFF409002098
:10213000084A094808B500231370084A1360084A82
:102140004FF400411360FFF7E3FFBDE8084000F0E3
:1021500083B800BFB06F0020A1AA0400E02E0020C9
:10216000E42E002070B50B4D297841B90120FFF70E
:102170005FFF094C094EB44202D301232B7070BD9E
:1021800063685B791BB1236820469B6898471034CD
:10219000F1E700BFB06F0020B07D0500C07D0500F5
:1021A00010B50446084838F07DFC5CB1BFF35B8F86
:1021B000064B53E8001F013943E80012002AF8D10A
:1021C000BFF35B8F10BD00BFE02E0020E42E002087
:1021D0002DE9F041164B174C1B68DFF85C80054673
:1021E0009847A860444501D3BDE8F08163685B79F6
:1021F0003BB129784B0706D5236829461B68204642
:1022000098471034EEE728462E88C1F3C20700F045
:1022100053F9C6F382160246002EEDD00028EBDB00
:1022200001233946204600F0C7F8B042E9D3E3E77E
:10223000F4090020B07D0500C07D0500044A054B6F
:102240009B1AB1EBD30F34BF52F831000020704716
:10225000B87B0500B07D05000B480C4B30B51B1A50
:102260000B4CDB0800210430994200D130BD10F83E
:102270003120256802F0070225F007052A4344F8BB
:10228000042B0131F0E700BFB87B0500B07D0500ED
:1022900054120020F8B50B4F0B4DED1B0646ED0810
:1022A0000024AC4203D14FF0FF342046F8BD57F86C
:1022B000340020B13146FAF797F80028F5D0013400
:1022C000EFE700BFB87B0500B07D050000282DE9D1
:1022D000F047884615461F461DDADFF89890264ECF
:1022E0004FF0000AA6EB090636095446B24509F13B
:1022F000100902D12046BDE8F08759F80C0C3B4686
:1023000000792A464146FFF7E1FF844238BF044680
:102310000AF1010AEAE7194B194AD21AB5EBD20FB2
:1023200026D203EBC5031C79BC4228BF3C46154EA0
:10233000C0B200EB400056F825300722824023EA65
:10234000020304F00702824013430021032223FA10
:1023500002F000F00700814202F1030238BF01469B
:102360001E2AF4D123F007030B4346F82530C1E7BA
:102370000024DCE7B07D0500C07D0500B87B0500CA
:10238000B07D050054120020F8B5094D094BED1A37
:1023900006460F46ED080024AC4200D3F8BD0021EC
:1023A00022B23B463046013438F0A3FBA4B2F3E737
:1023B000B07D0500B87B050070B14168097973B143
:1023C000002A17DBCBB20C4951F8220003EB430380
:1023D000D84000F0070070474FF0FF31EFE70749A2
:1023E0000748401AB2EBD00F3ABF01EBC20108799F
:1023F000184670470420704754120020B87B05002F
:10240000B07D05002DE9F04F87B004AFD7E90EA9E4
:102410003D6B04460E4693469846BAF1000F22D013
:10242000C7F80490CDF8009010217A6B5346002035
:10243000FEF7B2FDB0F5006F014615D31C490B68DD
:1024400013F0060F0BD040F2FF730393194B029366
:102450000023CDE900330222184638F088FB0C3700
:10246000BD46BDE8F08F514604F007040BF0070BA2
:10247000E40044EA8B1444EA412444EA0554173545
:102480000D4425F00705ADEB050D04ADBAF1000FC5
:1024900007D0CDF800907A6B534605F11000FEF797
:1024A0007BFD434622463146284638F047FBD6E7B7
:1024B000E812002017D30500406820B1034BC01A72
:1024C00040F38F0070474FF0FF30704754120020E8
:1024D0000EB403B503AB014653F8042B0448019333
:1024E00038F07FFB02B05DF804EB03B0704700BF2B
:1024F000ABAB0400CA0605D48B064CBF02490349A6
:10250000FFF7E6BF704700BF102406004FD3050059
:102510002DE9F04F87B004469DF844B0159E0D4656
:1025200090469946BBF1000F00F09D8006F4807341
:10253000059338F0DCFA06F0020A024600283ED085
:1025400095492046FFF7C4FF0746BAF1000F08D0AF
:1025500016F0440F35D191492A462046FFF7B8FFBF
:10256000074406F0010353B18D4B8E4953F82B20DD
:102570008D4B2046002A08BF1A46FFF7A9FF06F434
:102580008073002B49D006F00803002B63D1B8F10B
:10259000000F66D0854942462046FFF799FF054661
:1025A000129B3D44002B6DD1149B002B73D1F3077C
:1025B00000F1EC8031462046FFF79CFFD9E007464A
:1025C000C3E77B4B18680028CAD07A4B4FF47A7A5D
:1025D0001B68B5FBF3F54FF46163B5FBF0F100FB4D
:1025E00011550AFB05F54FF03C0CB1FBF3F203FB70
:1025F0001211B5FBF0FEB1FBFCF300FB1E550CFB0A
:1026000013110AFB05F50091B5FBF0F56A49CDE918
:1026100001E52046FFF75CFFA2E706F00803EBB1F7
:10262000664B674953F82B202046FFF751FF0546BC
:10263000B8F1000F05D05D4942462046FFF748FF3C
:102640000544B9F1000FABD05E494A462046FFF77A
:102650003FFF0544A4E74FF00009E1E706F0080555
:10266000E6E745469CE7B9F1010F129B06D1002B26
:1026700065D1149B002B7CD000250CE0002BF8D0FA
:1026800051485DE05148129B5149224637F039FFCD
:10269000149B002B69D0DFF83C81DFF83C91149F3C
:1026A0003146102F204628BF1027FFF723FF4FF099
:1026B000000A554546DC139B49461A782046FFF729
:1026C00007FF4FF0010A1AF0070F03D141462046D9
:1026D000FFF7FEFE57453CD9139B494613F80A20E5
:1026E0002046FFF7F5FE0AF1010ABAF1100FEAD110
:1026F0003A4920464FF0000AFFF7EAFE5246139B84
:102700009A5C374B995C11F0970F08BF2E22354920
:102710002046FFF7DDFE0AF1010ABAF1100F1DD0C5
:102720001AF0070F03D141462046FFF7D1FE574567
:102730005246E4D841462046FFF7CAFEEBE723485D
:102740005D46A0E741462046FFF7C2FE0AF1010AB6
:10275000AFE725492046FFF7BBFEC4E7139B3B4488
:102760001393149BDB1B149399D1BBF1000F7FF4DF
:102770001EAF6268A1682068D2E9002338F007FA2A
:10278000636800221A6007B0BDE8F08F064A054969
:102790002046FFF79DFE0DE757D305005BD30500EC
:1027A0006884050010DB050052D3050080D30500C6
:1027B000F02E0020EC2E002064D305007C84050060
:1027C00084D305008AD30500C7AB0400ABAB04007B
:1027D000E3AB0400F52706008FD3050099D305006D
:1027E000A5C805002BE1050095D30500074A002187
:1027F0000123904206D8064A01B901231360054B14
:102800001860704740085B000121F2E740420F006A
:10281000EC2E0020F02E0020014B036000207047BA
:102820009084050070B5104B1C680D46B4B10F4B79
:10283000196800238B4202DB6FF0010070BD224655
:1028400012F8106B864202D001331446F2E7E068BA
:1028500044F03BF928B12C600020EFE76FF00C004A
:10286000ECE76FF01200E9E7F8090020908405001A
:10287000F0B583688BB00546002B00F08180D0E96D
:102880000467016A33448B424DD9826993426CD804
:10289000C06807AA39443CF058FC044680B150494E
:1028A0000B68580709D04F4B02930023CDE9003342
:1028B00003940122184638F036FA002C0CDB32E083
:1028C000DDE90712E86883689B68C3B9444B1B685D
:1028D0005A076FF0570419D141490B685E070BD0B6
:1028E000AB68CDE90343404B02930023CDE90033AD
:1028F0000122184638F017FA20460BB0F0BD984771
:10290000044660B1364B1B685B07D6D0374B029349
:102910000023CDE90033324903940122CAE72B6A30
:10292000089A13442B626A6AAB68B3FBF2F402FBA9
:1029300014343CB1286895F82810141B224618441A
:1029400032F034FDAB68E8682A683E44234481686D
:102950004C683146A047044650B121490B685807DE
:10296000CAD0CDE90346224BBEE76FF02104B3E79E
:10297000EB695BB92B69AA6813442B610023AB6038
:102980000024B9E7135DDB4313550134AB682A68B3
:10299000A342F7D8E86881680C683146A04704462E
:1029A00070B10F490B685A07A6D0124B03900293DF
:1029B0000023CDE900330122184638F0B4F99BE733
:1029C000EB69A96828683246984704460028D1D0A8
:1029D00003490B685B078FD0074B0390E7E700BF05
:1029E00054120020BBD30500F8D30500DCD305004A
:1029F00024D4050048D405005ED405001FB5436803
:102A00000A689A420C4611D90A490B685B0708D03C
:102A1000094B02930023CDE900330122184638F018
:102A200082F900231846636004B010BD4A68012093
:102A30001344F8E75412002072D405002DE9F04742
:102A400086B0DDE90EA80E4691461F460446C0B189
:102A5000B9B1B2B18B680846DB6898470168B7FB2B
:102A6000F1F301FB13738BB12E490B685D0708D09E
:102A70002D4B02930023CDE900330122184638F094
:102A800052F96FF00D0006B0BDE8F087BAFBF1F225
:102A900001FB12A232B123490A685407F1D0234A3C
:102AA0000292E8E7B8F1000F04D0B8FBF1F501FBA2
:102AB00015852DB11B490B685807E2D01C4BD8E790
:102AC000C4E90097C4E905A8E6602561A56003682C
:102AD0006362109B1749C4E90735437984F82830AD
:102AE00004AA3046CDE904753CF033FB059B2BB9B5
:102AF0000C490A685207C4D00F4AD1E7D4E905212E
:102B00000A4493420BD2074B1B685B07B9D00B4BAF
:102B100002930023CDE9003302490122AEE72846A3
:102B2000B1E700BF5412002092D40500C9D40500BB
:102B3000DDD40500FD290100EFD405000BD505000B
:102B4000F0B40C4B0C4E5F6A0C4BB34203D36FF0E6
:102B50008500F0BC70475D68BD4209D31C693CB17B
:102B600095F802C00579AC4502D12346F0BC184760
:102B70002433EAE7F42E00206817002044170020D1
:102B80002DE9F047134CDFF85080DFF850900546F0
:102B90000E461746444503D36FF08500BDE8F08725
:102BA0006268D9F824309A4212D3A36983B190782D
:102BB0002979884205D13A4631462846BDE8F04792
:102BC00018475279012A03D13A4631462846984798
:102BD0002434DFE74417002068170020F42E00207B
:102BE0002DE9F0410B4CDFF8308005460E461746C4
:102BF000444502D36FF0850009E063690BB92434C2
:102C0000F6E73A463146284698470028F7D1BDE80E
:102C1000F08100BF441700206817002010B504465B
:102C20003CF097F910F1780F00D050B9054A2046D2
:102C300038F0CFF8D2F8C43023EA0003C2F8C43029
:102C4000002010BDF42E0020024B00221A605A60B2
:102C5000704700BFAF2F002070B50B4B0B4CA34249
:102C600001D3002070BD196A1E7F00220439D5B23D
:102C7000AE4201D82433F2E7013211F832508542D6
:102C8000F5D10120EEE700BF4417002068170020AF
:102C900008B509480378C3F341130A3350F82330C9
:102CA0003BB100F1080200F110019847C043C00F8A
:102CB00008BD1846FCE700BFF42E002004282DE9CB
:102CC000F14FDFF8989004460F4616D001282DD119
:102CD000DFF88C8098F8B93043B300F001FE214D45
:102CE0004D4520D2D5F820B04FF0000A2B7F5FFA77
:102CF0008AF6B34204D82435F2E7FFF7A5FFE7E7E9
:102D00000BEBC6060AF1010A30793CF022F90246C3
:102D1000307938F05EF8D8F8C430002A23EA00038E
:102D2000C8F8C430E2DA002388F8B9300D4D4D45BB
:102D300008D30B4B1B6A6BB13946204601B0BDE886
:102D4000F04F1847EB681BB13A4621462846984792
:102D50002435ECE701B0BDE8F08F00BF6817002014
:102D6000F42E00204417002073B5C4B263060D464C
:102D70008DF8074007D02046FFF76EFF78B10D4B66
:102D800093F8BA0058B10B4E204655B11EF0AEFE76
:102D9000F3691BB10DF1070108209847012002B02B
:102DA00070BD1EF0DFFEF369002BF7D00DF10701B7
:102DB0000920F2E7F42E002073B586788DF80060C4
:102DC000037942791C4C43EA0223ADF80230C37800
:102DD000304603F003038DF8043037F0FAFFD4F8DF
:102DE000C430184205460BD0304600F05BFD30463B
:102DF000FFF714FF44F098F910B9962031F04CFA1F
:102E000068461EF03DFE10F1780F03D010B100208F
:102E100002B070BD9DF800001EF0E0FE10F1780FCA
:102E200001D00028F3D1D4F8C43001202B4384F81A
:102E3000B900C4F8C430EBE7F42E00202DE9F047C8
:102E4000A34EB36904460F461546FBB9237803F039
:102E50001F03012B00F09D80022B00F0048133BB87
:102E600094F900002A686178002834DA062912D023
:102E700008292BD0D9B901231370517096F8C330AB
:102E80005B0043F00103137002232AE198470028F6
:102E9000DCD100200DE06288100A011F0129844660
:102EA00005D9072803D8716AD2B20C781CB96FF023
:102EB0001500BDE8F0874E78664503D19A4200F0D0
:102EC0000B8101332144F0E70B780AE196F8BA3020
:102ED0001370012305E101390829E8D801A353F84B
:102EE00021F000BF7D2F0100AF2E01008B2F0100CC
:102EF000AF2E0100092F0100AF2E0100AF2E0100FF
:102F0000AF2E0100152F0100A0781EF05DFD0028F6
:102F1000BFD0CCE76388756A63BBFFF795FE638813
:102F200086F8BA30F369002BB3D06A49032098477A
:102F3000AFE76B78042B10D0052B11D0022B04D1F6
:102F40006F796388BB4208BF01202B781D442B7822
:102F5000002BEED10028AAD0DFE795F80380F4E734
:102F60006388BB42F1D1B8F1000FEED12846FFF7DC
:102F700023FFEAE7FF270020B846E8E76388012B34
:102F800095D1002386F8C33083E76388012B8ED167
:102F9000F8E796F8BA30D5F800C0002B87D0756AEC
:102FA000A38894F804E02A46107800283FF47FAF05
:102FB0005178022904D192F80480F04500F2938000
:102FC0000244F1E78CF800208CF80120396060E7BA
:102FD000154494E00B2A7FF46AAF00274FF0FF08F6
:102FE000C146BA4606E06B78042B0FD0052B21D0E2
:102FF0002B781D442B78002BF5D1F36913B1514682
:1030000007209847002F7FF444AF50E795F80280DF
:10301000A38895F803909845EAD163889945E7D14C
:10302000B8F1070F1CD806EB0803AA4683F8BB903B
:103030000127DDE7A3884345DAD1A3784B450AD0C1
:10304000AF78384600F02EFC3846FFF7E7FDB0FABF
:1030500080F77F09CCE72846FFF7AEFE0746C7E7B3
:10306000AA460027C4E794F900206378002A18DAFA
:10307000002B7FF41CAF24792D6863060AD020460C
:10308000FFF7EAFD00283FF412AF96F8BA30002BA4
:103090003FF40DAF294620461EF084FD00236B70DF
:1030A000F2E6012B08D0032B7FF401AF6388002BDD
:1030B0007FF4FDAE012103E0618800297FF4F7AEC3
:1030C000A088FFF751FE00287FF4E3AEEFE600BFD3
:1030D000F42E0020AE2F0020022829607FF4F4AEE9
:1030E0004B883B60D5E694F9000062780028BFF673
:1030F00071AF002A3FF466AF0A2A7FF4D8AE2A786F
:10310000002A3FF4D4AE697804297FF461AFA9782E
:103110008B427FF45DAF072B96BF9B19002393F87A
:10312000BB308CF80030D4E613B5164C237DF3B9D0
:10313000E268A168019201AB802037F058FE019A45
:10314000A3681344A360E3689B1AE3606BB962B1A0
:103150002369E2889A4208DD94F8C82093FBF2F1D3
:1031600002FB11330BB90123237502B010BD0023FC
:103170001A4619468020237502B0BDE810401EF0A3
:1031800057BD00BFF42E002030B585B000230246A5
:103190000D460193002858D1002935D108220B464D
:1031A0000DEB02013BF0EEFE002804DA80201EF059
:1031B0009DFC05B030BD2A4C029A2260039A6260E1
:1031C00004F13802A2609DF90820BDF80E30257583
:1031D000002AC4E903550ADB802B04D980201EF0A5
:1031E00085FC0020E3E713B1C4E90333E1E7FFF70F
:1031F0004FFD0028DAD0E28823699A42D4BFE2600A
:10320000E360FFF791FFD4E7154CD4E90215002DD8
:1032100001AB04DC3BF0B6FE0028CADAC6E72A465A
:103220003BF0B0FE0028D9DB019AA3681344A360E9
:10323000E3689B1AE360002BBBD104F13803A36061
:10324000FFF726FD0028DCD1B0E78028B1D1044B80
:10325000DA68002AD5D11B7D002BD2D1A9E700BFA7
:10326000F42E0020054B064A9A62064ADA62064AA4
:103270001A63064A58629A6100207047F42E0020B3
:103280003D2E0100412B0100E12B0100812B0100AB
:103290002DE9F3410446474D47484FF0FF334FF0C7
:1032A000FF3230F02FF895F8B830002B7BD16B6AE5
:1032B00083B142482C62E8616E6A1EF01DFE1EF06A
:1032C00051FB041E10DA3C4830F094F8204602B05E
:1032D000BDE8F08100F0BEF8FFF7C4FF6B6A002B79
:1032E000E7D14FF0FF34EEE700F01CFB041EEADBF1
:1032F0007378012B5AD1F379002B57D000266846FA
:1033000085F8C830ADF802308DF804608DF80060A3
:103310001EF0B6FB041ED6DB802768468DF80070D1
:103320001EF0AEFB041ECEDB254930461EF0D0FD5C
:10333000041EC8DB224938461EF0CAFD041EC2DB4B
:10334000204CDFF8848044451AD300201EF046FC50
:10335000041EB8DBD5F8C430802043F00103C5F863
:10336000C4301EF03BFC041EADDBD5F8C43043F482
:103370008033C5F8C430012385F8B8300024A2E7B3
:10338000276A0026227FF3B29A4201D82434DAE772
:1033900007EBC30257F8331010791EF099FD013680
:1033A0000028EFD09DE76FF077048CE76FF01504ED
:1033B00089E700BFF42E00205C140020BD2C010022
:1033C00089310100441700206817002030B51F4BD9
:1033D0008BB005AA03F1100518685968144603C498
:1033E0000833AB422246F7D11B782370102200210C
:1033F00001A831F0DBFF12220021154831F0D6FF81
:10340000102101A83BF0CEFF00281BDD0828B8BF23
:103410000820093801AB0E491A18002012F8013FA4
:103420000AAC04EB131403F00F0328336B44013090
:1034300014F8144C13F8143C0C7008284B7001F16C
:103440000201EBD102480BB030BD00BF3ED50500F4
:10345000B26F00202DE9F04F724B93F800B087B0A7
:10346000BBF1000F03D0704807B0BDE8F08F6E4C81
:1034700000264FF0011AB0463546B14623783BB9D5
:103480006A4B02349C42F3D1664A01231370EAE787
:103490006378052B1BD8DFE803F08E03C38E1D393C
:1034A000402304A88DF810B0ADF812308DF814B098
:1034B0001EF09CFA40B1082304A8ADF812301EF0AB
:1034C00095FA08B1ADF812B0BDF81230E371237867
:1034D0001C44D3E7E378002BF9D1A3786BB108F152
:1034E00001085FFA88F8F2E76B689C4207D0243540
:1034F0004F4B9D42F8D30020B6E74E4DF8E7AB683E
:10350000002BECD0414620469847E8E7002DF2D04A
:1035100000222B7F9A42EED2296AA07801EBC201E9
:103520000B79984201D00132F3E70127E07800F0EF
:1035300003008DF81400207994F805C040EA0C20AF
:10354000ADF8120094F902000028FBB228DA07F166
:1035500010004FF0010C0CFA00F010EA0A0F26D10F
:1035600043F080008DF8100004A8CDE90213019209
:103570001EF03CFADDE90121039BC0B99DF8102043
:10358000A27012F0800F18BF10330A7118BFDBB29F
:103590004FF0010214BF9A40BA404AEA020A96E785
:1035A0000120B84010EA0A0F01D11846DAE70137C6
:1035B000102FBBD1B7E7032E1AD1FFF707FF07463D
:1035C00050B1F8F79DFE024630B11028A8BF102276
:1035D0003946A01CF9F7C4F823786FF00201E2180D
:1035E000091B04EB5303D14213D50136F6B26EE743
:1035F000002EF1D1B9F1000F3FF47DAFA4EB090328
:1036000089F80230C3F3072389F8033089F804806E
:10361000EBE702F801BC13F8010902F8020DE2E73A
:10362000A14654E7B16F00208C16002041170020FE
:10363000681700204417002010B5094B00211A46D6
:103640001C78844205D15C681CB1482303FB01202F
:1036500010BD0131042903F14803F1D10020F7E73F
:10366000C02F00202DE9F34150F8303C10F8346CA5
:10367000103304460AD1036950F8282C980736D530
:10368000D2B9590715D5002344F8303C54F8303CE2
:1036900010330BD054E9097554F81C8C43F044FDE9
:1036A00000284FD02E48214643F0B1FC02B0BDE8BF
:1036B000F08143F00403236154F82C1C01AB304625
:1036C00037F095FB10B16FF01503DDE7019A54F860
:1036D0002C3C134444F82C3C54F8283C9B1A44F8E6
:1036E000283C54F8243C134444F8243CCEE754F8D6
:1036F0002C1C01AB30461EF035FB0028E3D1019DA8
:1037000054F82C3C2B4444F82C3C54F8283C5B1BCC
:1037100044F8283C54F8243C2B4444F8243C002D25
:10372000B1D030461EF0EEFBB5FBF0F303FB1055B5
:10373000002DA8D154F8283C002BA4D030461EF010
:1037400071FBA3E744F8200CA4F118002FF0D4FE7D
:10375000002DABD0424639463046A847A6E700BF09
:10376000481800204B1E012B73B506460D460FD896
:10377000FFF762FF044668B9012D09D101AB0122B0
:103780000DF1030130461EF0EDFA019B002BF5D13F
:1037900002B070BD43F0C8FC04F1340108B1012D42
:1037A00005D1084602B0BDE87040FFF75BBF034893
:1037B00002B0BDE8704043F02ABC00BF48180020AA
:1037C0002DE9F74F804600911746994637F05AFB8E
:1037D000044600285CD1EFF3118B202383F3128879
:1037E000BFF36F8F2C4900220846002301912FF070
:1037F000BDFE019968B9DFF8A4A0482262430AEB34
:1038000002056E6816F1100F12D108462FF074FEF3
:1038100006E00134042C01F14801E4D16FF00B06FD
:103820008BF31188BFF36F8F304603B0BDE8F08F84
:103830000AF802800C9A009B6A610D9A2861AA61BD
:1038400040466FF00F02C5E90237C5F844906A6040
:103850001EF058FB58B140461EF054FBB7FBF0F287
:1038600002FB10771FB16A6C42F004026A6419F01F
:10387000020F08D0482202FB04A10948343143F06A
:10388000C6FB0026CCE740461EF0CCFA0646C7E74A
:103890006FF00F06C8E700BFDC2F0020C02F00200C
:1038A0004818002010B5EFF31184202383F3128809
:1038B000BFF36F8FFFF7C0FE50B14368103307D1DD
:1038C0006FF08B03436000F13401044843F09FFB29
:1038D00084F31188BFF36F8F10BD00BF481800201C
:1038E000F8B50E4C04252027EFF3118687F31288D4
:1038F000BFF36F8F6368103307D16FF08B030848F5
:10390000636004F1340143F082FB86F31188BFF356
:103910006F8F013D04F14804E6D1F8BDC02F0020AF
:103920004818002070B50A4C0A4E00253146204642
:1039300043F051FB0122A4F118001146013543F078
:10394000C7FA042D04F14804F0D1002070BD00BF77
:10395000F42F0020653601000169012381F84B3006
:103960000B6833B191F849301BB10248083143F07C
:103970004EBB7047481800200169012381F84A3086
:103980000B6833B191F848301BB10248083143F05D
:103990003EBB70474818002070B50569EFF31186EB
:1039A000202383F31288BFF36F8FD5F8900037F090
:1039B00032F8044686F31188BFF36F8F30B10448A4
:1039C0000022002305F118012FF0EEFF204670BD04
:1039D0004818002070B5012382F8483013680D465E
:1039E00014463BB192F84A3023B10E4802F1080167
:1039F00043F00DFBD4F890301A699B689A4205D1C8
:103A00007DB904F1180140F6CD4204E004F118013B
:103A1000002DF8D00022BDE87040024800232FF0AE
:103A2000C3BF70BD4818002070B504460E4601792A
:103A30001548154637F002FA10B394F90020637860
:103A4000002A16DB202B04D0222B0ED06FF085002D
:103A50000AE02B681A6840F8102C9A8820F80C2C81
:103A60009B7900F80A3C002070BD638800F8093C8F
:103A7000F9E7212BEAD11038072328603360F2E7F9
:103A80006FF01200F0E700BFE030002008B50146FB
:103A9000034837F0E1F910B1012300F8073C08BDF5
:103AA000E03000200D4A03460021A0F848101068BD
:103AB000C3F8940090889279A3F8980083F89A202C
:103AC00083F89C1083F89B10A3F89E1083F8A01035
:103AD000402203F14C0031F069BC00BF3880050082
:103AE00010B504690023C4F8A8300C4BC4F8A40036
:103AF000596804F1A80269B9C3E9002204F1080079
:103B0000074943F068FA04F11800064943F0B0FA97
:103B1000002010BD0A605A60F0E700BFE0300020CE
:103B2000AFAE0400DD3B010030B54FF40033426816
:103B300005690D4C85B042F2A100CDE901030023D7
:103B400085F89D30106AADF80C1000790A2201A9A1
:103B500037F04DF995F89D3023B9012042F0B0FFC0
:103B6000013CF7D105B030BDA186010073B50469F1
:103B70008DF80710002384F848302025EFF31186D4
:103B800085F31288BFF36F8F0122D4F890000DF1F6
:103B9000070136F040FF86F31188BFF36F8F0128CD
:103BA0000AD043F0C1FA10B994F8A1306BB9094BAF
:103BB0001A780AB901221A702122002304F118018F
:103BC00005482FF0F1FE02B070BD0021212043F026
:103BD00071FBD3E7C46F002048180020F0B5D0F87F
:103BE0008C305B681B6A1F7D85B00546384637F010
:103BF00049F9064648BB95F8863033B3A86F0146AD
:103C0000836851F8102F9B1AB3F5806F28BF4FF4CB
:103C1000806303AA36F0B5FE0446B0B18306A5F171
:103C2000180308BF00F1FF3485F830600193084B9A
:103C300003990093224602233846FFF7C1FDA86F7F
:103C4000224600F1100136F0D0FE05B0F0BD00BFF5
:103C5000D539010037B514460A1E054620DDD4F8D3
:103C60008C0004F14C0136F0D6FE012384F8493073
:103C700023683BB194F84B3023B1114804F108019B
:103C800043F0C5F9D4F88C104B684A699A1ACB698D
:103C90009B1A3F2B04D8012384F8A03003B030BD19
:103CA00094F89E30002BF9D0064B00930194012329
:103CB000402204F14C012846FFF782FDEEE700BFE9
:103CC00048180020553C0100F7B50D4601461D4837
:103CD00037F0A8F8044610B30646691E56F8A43912
:103CE0005F6805291BD8DFE801F01C1A031C222697
:103CF00010F8061C99B9012300F8063C3B6A3246CD
:103D0000187BFFF7A7FF14F85C2C42B93B6A187DBB
:103D10000D4B0093019602231146FFF751FD03B0AE
:103D2000F0BD304603B0BDE8F040FFF7BBBE012355
:103D300004F8053CF3E710F8053C002BEFD0002316
:103D4000F6E700BFE0300020D539010037B5094D56
:103D50000949002400944FF0FF334FF48062284655
:103D60002FF0E4FD054928462FF0BCFE204603B0A5
:103D700030BD00BF481800208071002062D50500CA
:103D800010B504463BF082FC03490246204637F05A
:103D9000D9FB002010BD00BF8CD5050073B51346BC
:103DA00000220192044601AA58680A2137F026FD34
:103DB000019D95B920EAE0744FF40046294640F28F
:103DC000E7304FF47A720023C4FB0601F9F708FCD0
:103DD00043F070FA284602B070BD2A4602492046D8
:103DE00037F0CCFB019DF5E7B8D5050008B5034ACF
:103DF000034937F0A7FB002008BD00BFA8D6050087
:103E0000AED60500F7B517460023054601AA0A21DC
:103E1000B868019337F0F2FC1749C6B2284637F06C
:103E20009FFB019C44B122461449284637F0A6FB6B
:103E3000019C204603B0F0BD042E09D9104932463A
:103E4000284637F09BFB284637F0D4FB0124F0E7E7
:103E50007868FEF71FFA021E07DA7A6809492846D1
:103E600037F08CFB6FF01504E3E7334612B22146BE
:103E7000204636F03EFEDCE7D9D605003FD70500E8
:103E800066D705007DD7050007B500230090694679
:103E900004488DF8043030F09DFB9DF8040003B019
:103EA0005DF804FB6DB1040010B5044620F026FD5A
:103EB00007490246204637F045FB2046054937F0C2
:103EC00041FB0548214630F09FFB002010BD00BF9C
:103ED0000FD805002ED80500DD3E0100F0B58FB0EB
:103EE000D0F8A07004460D4643F024F9064630F0A1
:103EF00015FA204B2049214A002E08BF1E46844255
:103F000018BF0A46234628461D49009637F01AFB7B
:103F1000D4E90A23CDE90023284694F90E30227B08
:103F2000184937F00FFB06A9202220462FF0EAFDA2
:103F3000636E15490246284637F004FB05A9204662
:103F400043F006F9024628B11049284637F0FAFA3C
:103F50000FB0F0BD059B6422F91A4A430091B2FBF1
:103F6000F7F20B49CDE9017228463A4637F0EAFAF2
:103F7000EEE700BF38D80500F5270600D22406007A
:103F80003BD8050047D8050073D805008AD805003E
:103F9000B7D80500F0B5002591B00446294608AF12
:103FA0001C2209A831F002FA134E1A2220213846A9
:103FB00031F0FCF92146114830F026FB07AA4FF4F6
:103FC0000061304643F0B8F8079A0097C2F50061E7
:103FD00064234B43DB0A05934FF40063CDE90313DD
:103FE000CDE90132204606492B46A6F1400237F0C2
:103FF000A9FA284611B0F0BDC0AE0020054001006E
:1040000003D9050070B50446D0F8A06088B00D460D
:1040100007A943F09DF8024628B10F49284637F01A
:1040200091FA08B070BD204643F084F8079B0096D3
:10403000F11ACDE90131094B64224A43002818BF27
:104040000346B2FBF6F20649CDE903622846224652
:1040500037F078FAE5E700BF8AD8050038D80500C0
:104060004CD9050038B51346054610225868002182
:1040700031F040FF0446FFF707FF38B90D492246EB
:10408000284637F07BFA6FF0150038BD30F046F95E
:10409000844204D10849284637F070FAF3E72046F5
:1040A0002FF0EEFE28460549224637F04BFA002055
:1040B000EBE700BFB0D90500CBD90500F3D9050067
:1040C00038B51346054610225868002131F012FF1A
:1040D0000446FFF7D9FE38B90D492246284637F085
:1040E0004DFA6FF0150038BD30F018F9844204D154
:1040F0000849284637F042FAF3E720462FF0C6FF7A
:1041000028460549224637F01DFA0020EBE700BF9C
:10411000B0D9050032DA050058DA050038B5134683
:10412000054610225868002131F0E4FE0446FFF7EE
:10413000ABFE38B90D492246284637F01FFA6FF01A
:10414000150038BD30F0EAF8844204D10849284609
:1041500037F014FAF3E7204602F0FAFD2846054945
:10416000224637F0EFF90020EBE700BFB0D9050099
:1041700093DA0500B8DA05002DE9F04F87B0044660
:1041800068462EF0F9FD009F284ADFF8A4A0DFF86A
:10419000A4B0182303FB00770821204637F0C5F9A7
:1041A000009DBD4203D3002007B0BDE8F08F2B680F
:1041B0000BB11A7832B92B461F4A142101A831F0ED
:1041C00065F901AB52460821204637F0AEF9284682
:1041D00042F07BFC194B1A4A002808BF5B460821B5
:1041E000204637F0A2F96B69A3B11E6896B1336817
:1041F00083B1144A0821204637F097F9B1464FF0B1
:1042000000083368104A434506D8104A0821204662
:1042100037F08BF91835C4E759F8043F08212046D8
:1042200037F083F908F10108EBE700BFFFDA05007A
:104230000EDB0500F6DA050009DB0500F0DA050003
:1042400083E1050013DB05000FDB050010240600E9
:104250002DE9F04114468846074610226068002187
:1042600031F048FEB8F1020F064607D8254A202350
:104270000821384637F059F9336816E00A22002140
:10428000A06831F037FEC5B21E4A2B4608213846D9
:1042900037F04BF9B8F1030F1AD1102D0CD0202DA7
:1042A000EAD0082D0BD13378DBB2174A0821384603
:1042B00037F03BF9002009E033889BB2F5E7384638
:1042C000124A082137F031F96FF01500BDE8F0818E
:1042D000E0681022002131F00DFE0D4A034604462D
:1042E0000821384637F021F9102D06D0202D07D0AF
:1042F000082DE4D1E4B23470DCE7A4B23480D9E70D
:104300003460D7E74DDB050078DB050062DB050094
:1043100089DB05002DE9F04F87B000230193524B54
:10432000DFF848A191460122074688461A6003F04B
:104330001FF84FF0FF3520262C464946524640468E
:1043400003F03AF8411C06D16A1C41D1484938466D
:1043500037F014F917E073281AD0772828D061288D
:1043600011D1DFF810B101AADBF80000102137F0FD
:1043700045FA019B0546002BDFD0DBF800203E49C3
:10438000384637F0FBF86FF0150007B0BDE8F08F46
:10439000DFF8E0B001AADBF80000002137F02EFAC8
:1043A000019B0446002BC8D0DBF800203349E7E727
:1043B000DFF8C0B001AADBF80000002137F01EFAD8
:1043C000019B0646002BB8D0DBF800202C49D7E72C
:1043D000631C01D12B49BAE75FFA86F8C6F3C4061D
:1043E000002C3FD002AB29461A46A6EB050C0CE088
:1043F000B8F1100F1DD0B8F1200F20D0B8F1080F80
:104400002AD10878187031443344A64203D80CEB03
:1044100001001028ECD9102CA14628BF4FF010093C
:1044200029464B46384601F07BF81035A4EB0904C9
:10443000D6E7088880B21870000A5870E3E7086869
:1044400018704FEA102E83F801E04FEA104E000E6C
:1044500083F802E0D870D6E70B4A0821384637F0D7
:1044600064F890E7204690E7B40A0020D7DB050007
:10447000DEDB0500903400209DDB0500B0DB05008D
:10448000C3DB0500FBDB050062DB050070B50F4EEA
:10449000044633780D4671B123B1BDE870400C4934
:1044A00037F06CB8012333700A49204637F04AF8D8
:1044B0000123337004E083F001033370002BF3D148
:1044C00029462046BDE8704037F0B2B8C56F0020DD
:1044D00015DC050050DC050070B504463B48037848
:1044E000182B02D10B78112B31D0013A0B468D18C5
:1044F000AB4225D18B5C0A780370A2F13003092B03
:10450000334C04D922F02003413B052B04D8236807
:104510003049CA54013323602368022B33D110225F
:104520002C48002131F0E6FC2B4A136803F8010BFC
:1045300013602A4A1368013313600023236022E0CA
:1045400013F8016B182ED3D11E78112ED0D1234D24
:1045500023492A68204636F0F5FF20460021FFF760
:1045600095FF204B187870B91F4A2B681168042BEF
:104570000ADC08B111602B6013F003010BD1126843
:1045800013681BBA136070BD086800BA41F8040BC9
:10459000043B0120EBE75B4203F0030358BF5942A1
:1045A000022904D1126813885BBA9BB2EAE7032997
:1045B000E9D1106802681104C2F3074301F47F01D6
:1045C0000B4302F47F4213430360DCE7C66F002015
:1045D000E8300020C86F0020F4300020EC300020CC
:1045E0007ADC0500C76F0020F03000202DE9F84F7D
:1045F0000C462B49DFF8AC80DFF8AC90DFF8ACB0AC
:1046000000230B602A4988F8003006460B601546E7
:10461000012C2F4655F804AF1ED9022249465046B8
:1046200031F080F880B99AF80220003A18BF0122D0
:10463000924420490222504631F074F830B90123E7
:1046400088F80030013CE3E70022F1E74946504694
:10465000F7F7CAFEA8B9043700221146786831F08E
:1046600049FC154B002211461860786831F042FC75
:10467000124B134918603046FFF708FF0020BDE8D1
:10468000F88F9AF800202D2AE6D19AF80120002A06
:10469000E2D052465946304636F054FFD2E700BFCA
:1046A000E8300020C76F00208A2C060097DC050048
:1046B000EC30002094DC0500F4300020F0300020C5
:1046C000D94401007FB50BAB05930393054B0293CF
:1046D0000023CDE9003302221846FDF793FE07B010
:1046E0005DF804FBFEDD050007B50B4842F0EDF96F
:1046F00070B105F0DFFB094A074912680848042336
:104700000093012300F074FF002003B05DF804FB68
:104710006FF01200F9E700BF18780500C8850500A2
:10472000C87D050038B50546406883601C4B0361B1
:10473000C0E90012143042F073FB6C684FF48073D0
:10474000236704F17C03636500230822C4E917335F
:10475000C4E91A33C4E90F33C4E91233226525686A
:10476000A36504F1740263666263A3636364C4F8BF
:10477000B831AB682BB11B6C1BB10A4922462846E5
:104780009847AB681B6A0BB1284698470649002238
:1047900004F5C07042F04FFEC4F8B441002038BDAB
:1047A00034160020AD4701008BB204002DE9F04F14
:1047B000054687B00C468368DB6B03B19847AB684E
:1047C000DB6A73BB04F1100A002704F1540804F1FA
:1047D0005809A16EA36D226F5B1AD31A934228BFAA
:1047E0001346494605AA404636F0CBF883460028D2
:1047F00045D0AB6805991B696BB3024628469847BC
:10480000061E18BF012732460599504605F050FA9A
:10481000361A24D132464946404636F0E6F827B1EA
:104820004CE0284698470028CCD1AB68DB69002BC8
:1048300049D1284636F0D0FC00284BD1284636F026
:10484000B0FC40F6CD420023CDE9002304F5C07052
:1048500030F0A4F83BE06FF057060127D3E70023C0
:10486000059AD118095CD15401339E42F8D13246E1
:104870004946404636F0B9F85E45AAD0CFE72B4905
:104880000B6813F0060F07D0294B0090CDE9010308
:1048900002220346FFF716FFAB681B6933B1012202
:1048A0000DF11301284698470028B8D001220DF1D8
:1048B0001301504605F0FCF90128B0D1D4E90131CB
:1048C00000209847B1E7284698470028B1D107B0A3
:1048D000BDE8F08F626CE36B9B1A226D04F1340724
:1048E000934204F1440828BF1346414605AA3846BE
:1048F00036F047F8064698B1AB680599DB6863B1B6
:1049000002462846984702464146384636F06DF83A
:10491000D4E9013101209847D9E76FF05702F3E756
:10492000284636F03EFCC4F8B861F1E738130020A1
:10493000FEDD050000487047C87D050010B58168A0
:104940000446183101F06EFBA168034A2046183175
:10495000BDE8104001F0F4BA40DE0500014936F030
:10496000CFBC00BF10240600F7B504468068D0F81D
:1049700078325A070D4605D5002136F028FDE0684B
:1049800037F0C1FAE368DB6873B9002D3BD0A66845
:1049900006F15607384636F0C0FC002835D03946B7
:1049A00006F5AB7030F03EFEA268E0680DF106033C
:1049B0005632294637F0AAFA58B9A06800F5AB710B
:1049C000563030F02FFEA068563036F0A6FCADF819
:1049D0000600204636F0D1FFA368D3F874329B0658
:1049E00003D50B49606936F08BFC204601F092F844
:1049F000A268BDF80630A2F85230A2682046A2F89C
:104A0000503036F05DFF03B0F0BD86F85601CBE7BD
:104A10003F8005002DE9F04FA7B004465422002145
:104A200011A830F0C3FC0023CDE90533A36820466C
:104A30005633029336F0A8FF204636F02AFF10B90D
:104A40006069FFF78BFFA06814220021183030F056
:104A5000ADFC204600F0A4FFA168E068B1F850204A
:104A60005631002637F089FA204637F01AFB4FF00E
:104A7000FF37B24603960DF14408B3463546B146BA
:104A8000DDE90532012A6DD0132B6ED85FBBBBF177
:104A9000000F0AD0204637F025FBA26814235632B7
:104AA00011A90DEB030000F02FFEB9F1000F0CD09F
:104AB00099F81130FE2B08D1059B26AA02EB830240
:104AC00052F8542C0AB101330593A068059D436A3E
:104AD000002B40F0B680CEB1C3699E422DD00D961A
:104AE00000F1180524E0029A0223414606A800F0CE
:104AF0000BFE0699D8F804200292034631B1012931
:104B00000AD148B16D4A204636F0F0FF6FF0070534
:104B1000284627B0BDE8F08F059B002B34D0D8F88D
:104B2000000001F09FFA98B166B1A5680D9618359E
:104B30000CAE0FCE0FC533682B602046FFF7FEFE8C
:104B40000125E5E75E4A0121204636F0CFFFDDE78B
:104B5000059BCBB1D8F800202946204601F024FC63
:104B6000022809D1059B132B91D9069B022B8ED1CC
:104B7000544B554A0121C6E7032805D0059B013354
:104B800005934FF0010B7BE7039B33B9D8F8001076
:104B900007AA484636F0D9FD054608F10408013F4A
:104BA0009DB3EB68BBF1000F08D0F3B1204636F09F
:104BB000EBFE204636F084FE444AC4E7ABB1A3685E
:104BC000DDF814A0AE4603F1180CBEE80F00ACE807
:104BD0000F00DEF80030CCF80030AB682BB96B7CEE
:104BE000FE2B04BF2F7C07F1FF37D5F804C0BCF1C2
:104BF000000F08D0AE46BEE80F000CAE0FC6DEF8C0
:104C0000003033606646A94603E0059B53B101239B
:104C10000393069B17B9022B7FF432AF059B013338
:104C200005932DE7A368DB6A13B1DB68002BEED197
:104C3000274B0093274A119B0121204636F056FF4F
:104C4000E5E790F82830A5EB0A05BBB190F82910EC
:104C50004FF6FF72FF2918BF0A469D4202D3134444
:104C60009D420BD983691C4A0121204636F03EFF44
:104C70002046FFF763FE6FF0150549E7012136F086
:104C80009BFBA06800F5437036F0BAFBA36811AA3D
:104C9000294602EB8A025B6A204698470546A068CF
:104CA0004FF0FF324FF0FF3300F5437036F026FB34
:104CB000A068002136F080FB2AE700BF4EDE050029
:104CC00062DE0500C3DE050098D7050080DE050022
:104CD000AFDE0500B0E10500E7DE050010B5836832
:104CE00002221A7583689B6C0446BBB936F0DDFA64
:104CF0008368D3F87832DB040BD50321084B094ACB
:104D000036F0F4FEA0686FF4805100F51E7036F0A6
:104D1000E6FA2046BDE8104001F082B810BD00BFA1
:104D200002DF050010DB05002DE9F04F0446806826
:104D3000B1B0012100F51E7036F0C2FAA3681B7DE8
:104D4000022B20D100230993A36860689E6C03683E
:104D50001D6909AB0EB310221BA9A847099B93B18B
:104D6000A068012136F028FB099A1BA92046B0470C
:104D7000A068002136F020FBA3689B6C002BE3D1D8
:104D80002046FFF7ABFFA0686FF0010100F51E7031
:104D900031B0BDE8F04F36F0A2BA01220DF1230187
:104DA000A847099B002BEED09DF923109DF82330D6
:104DB000A2680029C8DB517D032900F20E83DFE8D9
:104DC00011F004008D02A5020C030D2B56D00A2B06
:104DD00032D0B2F878126FF3CA01A2F87812092B18
:104DE000A06860D013D8002BAED0082B00F0DC8177
:104DF0005A1C8C49A068D2B28A5C12F0970F00F05E
:104E0000DF81012136F0E3FA9DF8231000E11B2B2E
:104E100046D07F2BECD1D0F874329D0794D5012178
:104E200036F0D5FAA368D3F87432190700F1C481BB
:104E3000204636F0A4FE87E7D2F87812C1F3C70106
:104E400029B1D2F87812C1F3C7010A29D0D1B2F83A
:104E5000781263F3CA01A2F87812A568B5F8501069
:104E6000C1B9284636F0B3FAE06837F04CF860690B
:104E7000FFF774FD2046FFF731FF65E7D2F878129F
:104E8000C1F3C7010029E2D0D2F87812C1F3C701FB
:104E90000D29DBE72046FFF7BDFDC5F82403E9E750
:104EA0000123437550E7D0F874329A077FF54CAF71
:104EB000012136F08CFAA068B0F85030FF2B3FF497
:104EC00043AFB0F8522000F1560100F5AB70F7F790
:104ED00047FCA368B3F852201344002583F85651C9
:104EE000A2681BA9142302F5AB720BA800F00CFCFE
:104EF0000B9914293FF628AF30AB03EB810343F83D
:104F0000545CA368B3F85220002A51D1002958D12B
:104F100000250A950A9B30AA02EB8303002653F86A
:104F200054AC504636F0F9F9B3468146B0463746A0
:104F300016AA3946284600F0C3FC034600284FD184
:104F4000012EA76872D10A9B30AA02EB830353F8A3
:104F5000540C36F0E2F907F118020646414628469D
:104F600000F0AEFC0568284636F0D7F9864205D039
:104F7000821B92B2A919204636F0FFFDA0682A4A8A
:104F8000B0F85230034493F85630D15C11F0080168
:104F900042D1D0F87432DF0739D536F022FA202119
:104FA000204600F005FFA068012136F01AFACBE692
:104FB0000029ADD013441C4A93F85530D35C1B072D
:104FC00002D40129A4D0013900200CAB0093019038
:104FD0000AAB1BAA36F0E4FB054600289AD1B3E6DB
:104FE0001B6803934A465146184630F09BFB60B954
:104FF000039B1846F7F784F9584538BF58461FFAFF
:1050000080FB002E08BFB8460136013790E720210B
:10501000204600F0CDFE97E60121204636F084FCC4
:1050200092E600BFA4C80500A5C8050004907FF65D
:105030008BAE0A9A30AB03EB8202C14652F8543C65
:105040000393184636F069F9049B0590A7F84030A1
:105050000496A26849461832284600F031FC039BAA
:10506000D0F800A009F101094BB1BAF1000F06D048
:10507000059A1946504630F055FB0028E9D1A16841
:10508000BAF1000F4ED1A1F840A0049B013B04935C
:10509000DFD16069FFF762FC204600F0C1FE0A9B89
:1050A00030AA02EB830308F1010A53F8540C36F0DE
:1050B00034F9414611AA8146284600F001FC074612
:1050C000A0683968FF2200F5AB7030F06DFB3B68DB
:1050D00003934FF6FF77B84616AA514628460AF1C1
:1050E000010B00F0EDFB002852D0A168036801F22B
:1050F0005511002211F801EF985C704503D110B1F1
:1051000001324245F6D1B9F1000F01D04A4507DB23
:10511000BA4206F1FF36A8BF3A46012E97B237D001
:10512000DA46D9E7AE48069136F0F7F806990791C6
:105130004A8F00EB0B07BFB2121A504692FBF7F2F0
:1051400092B2069236F0E9F80799069A3F1AB1F83A
:10515000400000F1010CA1F840C0B0FBF2F102FBED
:10516000110080B2BFB260B99D4B9E4ACDF800A03D
:105170000621204636F0BAFC3946204600F076FC7F
:1051800083E7994A53460621204636F0AFFCF3E701
:10519000002F3FF4D9AD0399A7EB090292B249441D
:1051A000204636F0EAFCCFE5D0F874329E077FF552
:1051B000CBAD012136F00BF9204636F0FFFCC3E5FC
:1051C000D0F8742292077FF5BFAD013B162B3FF656
:1051D000BBAD01A252F823F0AD53010035520100DE
:1051E0003D520100314E0100A15301005B5201000C
:1051F000494D0100494D0100494D0100494D010053
:10520000635201006B520100494D010095520100AB
:10521000494D01009F520100494D0100494D0100D7
:10522000494D0100494D0100A3520100494D0100C3
:10523000CD520100204636F0B0FB85E5204636F021
:10524000A3FB204636F025FB10B96069FFF786FB0B
:10525000A068012136F0BBF80CE6204636F0A6FB2C
:1052600072E5204636F0ADFB6EE5D0F874329F064D
:1052700003D55E49606936F043F8A368D3F8743209
:105280009E0603D55A49606936F03AF8204600F088
:10529000C7FD59E500212046FFF766FB54E50121D3
:1052A000F9E7204636F069FB204635F0FEFF012184
:1052B000A06836F08CF8A368D3F874329D067FF5A9
:1052C00043AD4C49606936F01BF83DE5204600F0DF
:1052D0009BFCA068012136F07AF835E55B2B02D102
:1052E0000223537530E5D2F87422900706D5622B5D
:1052F00008D14FF0FF31204600F0CEFBA36800221A
:105300005A7521E5662BF9D10121F4E70021517589
:10531000A268D2F8741289077FF516AD313B1B2BBA
:105320003FF612AD01A151F823F000BFA9530100CF
:10533000B5530100C95301009D530100494D0100BF
:10534000494D0100494D0100494D0100494D010001
:10535000494D0100494D0100494D0100494D0100F1
:10536000494D0100494D0100494D01009F52010086
:10537000955201005B52010035520100494D010078
:10538000A1530100494D0100AD530100494D0100F9
:10539000494D0100494D0100B953010003235375E4
:1053A000204636F0F1FACFE403235375204636F059
:1053B000E4FAC9E403235375A068D0F8741201F02D
:1053C000010181F00101F0E503235375A368D3F8CF
:1053D00074329B077FF5B8AC2AE5002381E700BF54
:1053E00096D3050046DF050010DB0500448005006C
:1053F000498005003F8005002DE9F04104468068A2
:10540000154600F51E70002937D04FF4804135F065
:1054100057FFA368DD646068036800219B689847B4
:10542000002851D1204636F003F800284CD1274EF1
:10543000274FDFF8A080A06800F52F704FF0FF32F3
:105440004FF0FF3303212FF013FB0546A068CDB1C9
:1054500040F26762002300F5437035F04FFF98BBC0
:1054600020462B461C4A012136F040FBA068BDE8CF
:10547000F04100F5437035F0C3BF6FF4804135F063
:105480002EFFC6E74FF0FF334FF0FF3200F54370B9
:1054900035F034FF32460221204635F0B3FF3A465C
:1054A0002946204635F0AEFF20464246012135F020
:1054B000A9FF606803685B6903B19847A06800F5BD
:1054C000437035F09DFFB6E7BDE8F0816DB3040091
:1054D000294D010027B304004CDF050010B50B492E
:1054E000044636F02FF82046094936F02BF82046BE
:1054F000084936F027F82046074936F023F82046B9
:10550000064A002100F01CFD002010BD63DF0500ED
:10551000A1DF050000E0050054E00500EEE0050015
:10552000F8B517461E460A462949044636F00AF8D9
:105530003EB33A782749204636F004F801256A0739
:1055400003D12549204635F0FDFFAE421ED97A5DD4
:105550002049204635F0F6FF0135102DEFD11F49C7
:10556000204635F0EFFFB6B91B49204635F0EAFF7B
:105570000125AE422B4610D81749204635F0E2FFF0
:1055800016E01749204635F0DDFF01251449204675
:1055900035F0D8FFE0E700252B46FA5C114B1249A5
:1055A0009B5C13F0970F08BF2E22204635F0CAFFF0
:1055B0000135102D06D06B07DBD10749204635F0A9
:1055C000C1FFD6E720460949BDE8F84035F0BABF2B
:1055D00004E105008FD30500F527060099D30500E7
:1055E00095D30500A5C805002BE105000BE10500DA
:1055F0002DE9F043044680688846D0F8201389B02E
:1056000015461F46002960D14FF44A722FF0CEFE96
:10561000E06836F02CFDA06800F5437041F06EFBA9
:105620004FF42F794FF41F76A068304442F044F8CD
:10563000A0680022831901214844103642F00EF878
:10564000B6F52F7F09F11409EED1A36900261E607B
:10565000A068022100F51E7035F032FEA3685022CA
:105660005A87A36818221A872168204635F094FFCC
:10567000A368174A66F38205C3F87452606803682A
:1056800041461D682346A8470546D0B9A3680122B4
:105690001A75D4E90A0100220023CDE906230E235E
:1056A0000393109B0495CDE901730094094B4FF4CB
:1056B00000622EF0DDFAA368C3F82003616A2EF0C1
:1056C00011FA284609B0BDE8F0836FF07705F8E7D6
:1056D00059B30400F953010013B5134604460022E0
:1056E00000920A4601460748FBF7A8FE23691B798A
:1056F0002BB1204602B0BDE8104035F09FBF02B08C
:1057000010BD00BF55B604002DE9F04F85B000264E
:10571000DFF8A8A101910746144699460660B346F2
:105720002378002B00F0C6801AF8033013F008032A
:1057300004D004F801BBF3E70026F1E73A68511CF6
:105740003960019941F822403A684A4500F0B28038
:105750001E4621780029E3D0A6B90E4623461C46F2
:10576000272E04D05C2E20D0222E40F09780204699
:1057700035F08EFF611C024620462FF097FD217800
:105780000029CDD0B142A04604F101041BD140460E
:1057900035F07EFF2146024640462FF087FD98F8FF
:1057A00000604446002ED9D1BAE7204635F070FF9C
:1057B000651C0246294620462FF078FD66782C4667
:1057C000002ECDD1ACE75C2998F80110D8D1B142B8
:1057D0008C4608D1404635F05BFF214602464046E4
:1057E0002FF064FDB5E7302925D10025022218F8F5
:1057F00002C0ACF13000C0B2072819D8ED00013268
:10580000EDB2052A45EA0005F1D1511E414440465A
:105810000392029135F03CFF039A0299023A821AF0
:1058200040462FF043FD98F8011088F80050A7E794
:10583000D2B2022AE9D1BCF1780F2AD10025022088
:1058400018F80020A2F1300C5FFA8CFCBCF1090FB3
:1058500009D82D01EDB24CEA0505022801D0042239
:10586000D3E70320ECE7A2F1610CBCF1050F05D8EA
:105870002D01EDB2573A1543EDB2EEE7A2F1410C1E
:10588000BCF1050F03D82D01EDB2373AF3E702283A
:1058900002D108F1010473E70322B6E71AF80630D3
:1058A0001B073FF549AF6678631C002E7FF457AFA6
:1058B0001C4635E7304605B0BDE8F08FA5C80500A9
:1058C00038B50B46154648B91449154A521AB3EB78
:1058D000920F05D251F82350284638BD84680CB980
:1058E0000025F9E70F4A94420AD30F4A944207D29F
:1058F00018462268294690472B68002BECD1EFE729
:105900000A4A944202D30A4A944205D324681422D4
:105910005343E518E358F0E70133F8E7F87D050055
:10592000247E0500507F0500507F0500247E050081
:10593000507F05002DE9F843074635F0A9FE0546DE
:1059400030BBBDE8F88354B18AB2AA1A01300132E3
:10595000394438442FF0AAFC2C1BA5B244466B1ED8
:105960009E42EEDA304601363B5C19F803301B07E5
:10597000B6B2F4D531468BB29D42F0D97B5C19F8B2
:10598000038018F00808DED001340131A4B2F2E738
:105990000026DFF808903446E1E700BFA5C80500FF
:1059A000F8B5846894F8563005466BB9AB68B3F81F
:1059B0005020A3F85220F8BD013A92B2A4F850202A
:1059C0002AB984F85620F1E7134E04F15600B4F8D2
:1059D0005020831813F8013CF35C13F00803EBD15B
:1059E00083549AB210FA83F110F802C016F80CC072
:1059F0001CF0080F1F4603F10103F2D1BFB2002FC4
:105A0000D4D0B4F85060731C9A1AF61B2FF04EFCD9
:105A1000A4F85060CAE700BFA5C805008368D3F8A2
:105A200074329B0603D50249406935F013BF7047B5
:105A30004F800500014935F00DBF00BF102406005E
:105A40000A1E0DDC0ED042238168D1F8741289063B
:105A500008D5002A04494069B8BF524235F0FABE61
:105A60004123F1E7704700BF27E105000A1E0DDC66
:105A70000ED044238168D1F87412890608D5002A13
:105A800004494069B8BF524235F0E4BE4323F1E710
:105A9000704700BF27E105002DE9F0410C1E0646C6
:105AA00033DA644224B24FF0FF35DFF86480A4B2E9
:105AB000AFB214E0B368B3F8522003F1560CB3F858
:105AC00050301146002071B9B5F1FF3F00D073B9D5
:105AD000891A09B2304635F027FF013CA4B2002CE8
:105AE000E8D1BDE8F0818B4201D1012DF0D01CF846
:105AF00001E018F80EE01EF0070F04D10028E7D1EE
:105B0000394489B2DFE70120FAE70125CDE700BF7C
:105B1000A5C805002DE9F0478568DFF868900446C0
:105B200005F15600F6F7ECFB002395F83C7086B2C1
:105B30009846A268558FED1BB54209DB002E1FDD8C
:105B4000563360691049BDE8F0471A4435F082BE0B
:105B50001D442A44563392F856A082F85680A26813
:105B600060691A44494635F075FEA3682B4483F8F2
:105B700056A0A3685B8FDB1BF61A00272B46D8E7DD
:105B8000BDE8F08798D7050010DB050008290A4614
:105B900017D8836893F83E10914212D083F83E20C4
:105BA0008368082AD3F8743205D0990609D50549C7
:105BB000406935F04FBE9B0603D50349406935F077
:105BC00049BE70472EE105005480050038B50D46EA
:105BD00009780446FFF7DAFF6A78072A11D8A36824
:105BE00093F83F1091420CD083F83F20A368D3F87C
:105BF00074329B0605D560690249BDE8384035F02E
:105C000029BE38BD37E10500F8B58368B3F85020E8
:105C10000446002A55D0B3F85210002951D055310E
:105C200003F156050B441846A84206D3014611F865
:105C30000169202E3CD0A8423CD286B29DB2AB1B5B
:105C40009BB2591C471CD21A014438462FF02EFB38
:105C5000A268B2F85030711B13FA81F3A2F85030E9
:105C6000A368B3F850201344002283F8562009B2E9
:105C7000204635F059FEA368D3F874329A0603D54E
:105C80001049606935F0E6FD3B460F4A0821204681
:105C900035F02CFF2046FFF7C1FEA368D3F874321D
:105CA0009B060ED560690949BDE8F84035F0D2BDC4
:105CB0000846B9E7014611F80169202EBDD0084613
:105CC000B9E7F8BD5980050010DB05005D800500CF
:105CD0002DE9F84F04460F4690460AB1FFF79EFEA5
:105CE000A668D6F87432B6F852505B0724D505F191
:105CF00056003044F6F704FB2A4E0546B5B9A368B2
:105D0000B3F85020A3F85220A06835F0B0FD30B1B0
:105D1000B8F1000F00D017B16069FFF78BFE794230
:105D2000204609B2BDE8F84F35F0FEBD6069314646
:105D300035F090FD013DE1E73046F6F7E1FAB6F8BF
:105D40005090738F19FA80F915FA80F0B0FBF3F2D6
:105D5000B9FBF3F39A42AA461BD0134DA3684845FA
:105D6000CDDA5A8FB0FBF2F302FB1303461C13B9D2
:105D70006069FFF75FFEA3685344204693F85630EE
:105D80000AF1010B2A46082135F0B0FEDA4630460A
:105D9000E4E75635054A73190821204635F0A6FE7A
:105DA000ADE700BFD22406002BE1050010DB0500A3
:105DB00013B583688DF80710D3F874220446D00712
:105DC00025D5B3F85210B3F850208A421FD0481C92
:105DD000A3F852000B449DF8072083F85620A368CF
:105DE000D3F87412890710D5D3F8743260690B495F
:105DF00013F0040F18BF2A2235F02CFD204635F091
:105E000048FD10B16069FFF715FE02B010BD012218
:105E10000DF10701204635F076FEF6E72BE105008F
:105E200010B504468368094A022135F05FFEA36875
:105E3000D3F874329B0707D52046FFF76BFE204648
:105E4000BDE8104035F04BBD10BD00BF10DB0500B4
:105E5000014935F098BF00BF102406002DE9F04736
:105E6000054690460E46002965D0DFF8D090002404
:105E7000335D19F803301A071ED43046F6F740FA9E
:105E8000AB685A8F80B2001BA2EB0803984206EB66
:105E9000040A13D95146002711F8010B19F800C064
:105EA0001CF0080F02D00A282DD03B4608EB070053
:105EB000824227D90137EFE70134D9E7534600275B
:105EC000B84214D013F8012B0A2A19D1686935F0A9
:105ED000B5FB51463A46284635F09DFD6869FFF707
:105EE000B7FF0134414628463C44FFF7BFFD6869CF
:105EF000311935F048FF6869BDE8F047FFF7A8BFE2
:105F00000137DDE71F46686935F098FB3A46514690
:105F1000284635F080FD3C44335D19F803301B07FB
:105F200007D46869FFF794FF41462846FFF79EFDB6
:105F3000A3E70134F0E7BDE8F08700BFA5C805007E
:105F40002DE9F04F0F46002189B0044616460D4654
:105F500003AA384601F10108FFF7B2FC98B97DB1F8
:105F600026B132460821204635F0C0FDDFF8A88072
:105F7000002103AA384601F1010AFFF7A1FC60B92C
:105F800009B0BDE8F08F006810B1F6F7B9F980B23A
:105F9000854238BF05464146DAE7D0F800B0BBF18C
:105FA000000F1AD09BF80020BAB1D0F804905846E0
:105FB000F6F7A6F920222E1A8DF80B20CDF800B0A6
:105FC000164A434608212046B6B235F08FFDB9F196
:105FD000000F1DD16069FFF73BFF5146C9E7012261
:105FE0000DF10B01204635F016FD0BF1010B1FFAE8
:105FF0008BF29642F3D82046094A4346082135F0F1
:1060000075FDAA1D92B249462046FFF727FFE4E737
:106010004FF0000BEBE700BF4EE1050047DF050046
:106020008AD30500F7B50F6805460E46A7B1384676
:10603000F6F766F984B2094B00932846084A3B46B6
:10604000082135F053FDE21C716892B2284603B076
:10605000BDE8F040FFF702BF3C46ECE74AE105002F
:1060600047DF050010B507490446F6F7BDF938B11A
:1060700005492046F6F7B8F9B0FA80F0400910BD9E
:106080000120FCE740E1050043E1050010B583680D
:10609000D3F874329B06044603D50649406935F0AF
:1060A00085FEA36850225A87A36818221A87002009
:1060B00010BD00BF6180050008B5836902491A68F8
:1060C00035F040FA002008BD51E105002DE9F3410B
:1060D0000D490E4C0E4EDFF83C80054635F032FA85
:1060E0000022B44202F1010703D3002002B0BDE850
:1060F000F081636A0093A36892B24146284635F066
:1061000021FA30343A46ECE761E10500C87D05002C
:10611000F87D050079E1050008B5024935F03CFA43
:10612000002008BDFC24060073B50E4E0446002571
:10613000A268E0680DF1060302F5AB72012135F0AB
:10614000E5FEBDF80600A36840B12A4603F5AB732F
:106150003146204635F0F6F90135E9E783F8560176
:1061600002B070BD8AE1050010B5044635F058FA5A
:1061700003490246204635F0E5F9002010BD00BF76
:1061800090DC0500022907B50BD153680093126813
:106190000B4B0C4935F0F2F96FF0150003B05DF8C8
:1061A00004FB8368084AD3F87432084913F0020FDD
:1061B000074B18BF1A4635F0C5F90020EEE700BFBF
:1061C00098E10500ADE1050094E10500B6E10500A8
:1061D000C6D6050010B58368D3F874329A06044613
:1061E00003D50749406935F0E1FDA368D3F874325F
:1061F0009B0603D50349606935F0D8FD002010BD2A
:10620000688005006D800500F0B5012985B0044661
:106210000AD05368009312685D4B5E4935F0AEF9C1
:106220006FF0150005B0F0BD8368D3F8743299069D
:1062300003D55949406935F0B9FD6FF0F9012046A1
:10624000FFF7FEFBFA212046FFF710FCA0680025AF
:106250004FF48072294600F5AB708DF80B502FF08B
:10626000A5F84E49606935F0A1FD606935F0E6F9A1
:106270004FF47A766068036801221F690DF10B0103
:1062800003ABB847039BEBB9013E4FF47A70B6B24B
:1062900040F016FC002EEDD1A368D3F874329B06B3
:1062A00003D53F49606935F081FDA3683D4950221F
:1062B0005A87A368182220461A8735F051F96FF0E3
:1062C0000700AFE79DF80B20A3681B2A53D093F873
:1062D00056111B29CED1522A4DD15A19002382F8CA
:1062E0005631A66896F857215B2A2BD106F2571033
:1062F000022510F8011F2A463B2905F10105ADB220
:1063000023D1FF2AC8D002F5AB7216FA82F100221F
:1063100011F8010F18BB86F85601FA2AA16828BFA8
:10632000FA224A87FA2BA26828BFFA231387A368A8
:10633000D3F874329A0603D51949606935F036FDF1
:1063400000206FE786F85631A6E703EB8303303968
:1063500001EB4301B5F5807F8BB2CAD19CE70135D3
:1063600002EB8202ADB2303800EB4200B5F5807F1F
:1063700082B2CDD190E72B440135ADB2092D83F81F
:1063800056217FF677AFA368002283F8562183E772
:1063900098E10500ADE105007380050001E205000C
:1063A00077800500C7E105002DE9F04F074689B069
:1063B0001546894621B1104635F05FFE00285BD1B5
:1063C000032455E05C463CE029460AF5AB702FF00B
:1063D00099FB0646002854D0F5F792FF82B2601C64
:1063E0000132314630442EF061FF22465946304694
:1063F000F6F7B6F94FF020033355BAF854300133AD
:106400001C44AAF8544008F10108002401994B1CCF
:1064100003AA48460193FFF753FA0646E8B13168EC
:106420000022284636F046F80028EFD1D6F800B012
:10643000D7F808A0BBF1000FC4D05846F5F760FFAD
:1064400084B2BAF854302344FF2BBDDD0E4A2B46EC
:106450000321384635F04AFB0124B8F1000F07D07C
:10646000B8682A4600F1540100F5AB7035F046F9E2
:10647000204609B0BDE8F08F4FF0000841460224E5
:10648000C5E70224E9E700BFC3E60500F0B507460B
:1064900087B00D46002945D02F4E33685A0741D0AA
:1064A0008B6805934B6804930B68039300242B4B74
:1064B0000293CDE90044234601223146204635F0BF
:1064C00035FE33685B072DD06B6905932B69049308
:1064D000EB680393224B0094CDE901432046234609
:1064E0000122314635F022FE336858071AD0EB6995
:1064F00003931C4B0094CDE901433146234601220E
:10650000204635F013FE336859070BD0AB6903936F
:10651000154B0094CDE90143012223463146204624
:1065200035F004FE012F10D1EFF305830A490A6804
:1065300052070AD0103B03930C4B02930023CDE982
:1065400000333A46184635F0F1FD2946384607B083
:10655000BDE8F0402CF022BC181300201BE705001A
:106560004AE7050079E7050088E70500B6E705007A
:1065700030BFFFF7FDBF00BF054B5A699B689A42C9
:106580001FBF044A536843F080535360704700BFF5
:10659000106F002000ED00E07FB5504C23680646E8
:1065A00058070D4609D04E4B02930023CDE9003326
:1065B00001222146184635F0D4FD4A4B9B6AD90486
:1065C00078D523685A0709D0474B02930023CDE9B9
:1065D000003342490122184635F0C3FD1720414BD4
:1065E0009B6A1B050DD52368590709D03F4B0293C1
:1065F0000023CDE9003339490122184635F0B1FDB9
:106600001820384B9B6A9A0526D523685B0709D06A
:10661000374B02930023CDE900333049012218465D
:1066200035F09FFD2F4B9A6B9B6A180413D5236896
:1066300059070AD02F4B029300230392CDE9003370
:1066400026490122184635F08CFD26B1254A936A69
:1066500023F4004393621920224B9B6A5B050DD5FE
:1066600023685E0709D0244B02930023CDE9003351
:106670001A490122184635F074FD1A20194A936A06
:1066800013F4807318D02368580709D01B4B02936A
:106690000023CDE9003311490122184635F061FD90
:1066A0001B20104A936A43F47F43936200232B70AC
:1066B00004B070BD162092E7926A9104F1D5226869
:1066C000520708D00E4A05490093CDE90132184619
:1066D000012235F046FD1C20E3E700BF181300201F
:1066E000C9E7050000ED00E0DFE70500F0E7050081
:1066F00003E805001CE8050031E805004CE805004A
:1067000064E805001FB5424C23685A0709D0414B85
:1067100002930023CDE9003301222146184635F0CB
:1067200020FD3D4B9B6A9B0170D52368580709D01B
:106730003A4B02930023CDE9003335490122184634
:1067400035F00FFD1E20344B9B6AD9010DD523680F
:106750005A0709D0324B02930023CDE900332C496C
:106760000122184635F0FDFC1F202B4B9B6A1B03B2
:106770000DD52368580709D02A4B02930023CDE991
:10678000003323490122184635F0EBFC2120224B2F
:106790009B6A59030DD523685A0709D0224B0293EF
:1067A0000023CDE900331A490122184635F0D9FCFF
:1067B0002220194B9B6A9B030DD52368590709D0EA
:1067C0001A4B02930023CDE90033114901221846E8
:1067D00035F0C7FC2320104B9B6ADA030DD52368E4
:1067E0005B0709D0124B02930023CDE9003308491F
:1067F0000122184635F0B5FC2420074A936A6FEA57
:1068000003436FEA1343936204B010BD1D209AE75F
:106810001813002093E8050000ED00E0ABE8050048
:10682000BEE80500D8E80500F6E805001BE905000C
:1068300035E905002DE9F043594D2B688946590784
:1068400085B08046174609D0564B02930023CDE908
:10685000003301222946184635F083FC524B9B6ACF
:10686000DA064DD52B685B0709D0504B0293002305
:10687000CDE900334A490122184635F072FC112453
:10688000494B9B6A1E070DD52B68580709D0484B0A
:1068900002930023CDE9003341490122184635F027
:1068A00060FC1224404B9B6A99072BD52B685A0732
:1068B00009D0404B02930023CDE90033384901222F
:1068C000184635F04EFC384B5E6B9B6A1B0663D551
:1068D0002B685C070AD0384B02930023CDE90033C4
:1068E0002F4903960122184635F03BFCB9F1000F01
:1068F00004D02D4A936A23F080039362132403E0AB
:106900001024BDE76FF01506274B9B6AD8070DD5FD
:106910002B68590709D0294B02930023CDE9003396
:106920001F490122184635F01CFC14241E4B9B6A9B
:106930009A060DD52B685B0709D0214B02930023E3
:10694000CDE9003316490122184635F00AFC15241A
:10695000154B9A6AD50602D49A6A90070AD55B68E5
:10696000190507D54146304600F0C6FA10B180F34C
:10697000098802240C4B9A6A920642BF5A6A22F492
:1069800000525A629A6A42F0FF029A62204600233D
:106990003B7005B0BDE8F0836FF01506AEE700BFB1
:1069A0001813002060E9050000ED00E076E905001D
:1069B000F0E70500A9E90500C1E90500D7E90500F0
:1069C00064E80500F0B5874B5F6891B00446C7F3F3
:1069D0000806002383F31188BFF36F8F02F07F4016
:1069E000B0F17F4F0FD102F00C00082820D17E4972
:1069F0000A68500707D07D4A0093CDE90132184656
:106A0000012235F0AEFB00252C4600238DF81F3007
:106A1000F31E092B00F2C980DFE813F01000B30069
:106A2000B700AF00C700C700C700C700C700BB0062
:106A3000120746BF0C461D460125E6E76A4E33683D
:106A40005F0709D06A4B02930023CDE9003301228E
:106A50003146184635F085FB624800218DF81F103D
:106A6000C36A13F002030ED03368580709D0614B94
:106A70000091CDE901130B465B490122184635F020
:106A800070FB00224CE0C26A002A07DA3268520723
:106A9000F7D0594A0093CDE90132EDE7C26A5700B9
:106AA000EFD53268500708D0544A4F490093CDE9DA
:106AB00001321846012235F054FB4A4BA1695A694C
:106AC00042F480725A61BFF34F8FBFF36F8F5A69E0
:106AD00031F8021C22F480725A61BFF34F8FBFF36A
:106AE0006F8F4DF6027291420AD09A6AD2B2002A92
:106AF00035D00DF11F0201212046FFF79BFE3EE03D
:106B0000336859070BD0236803933D4B029300234E
:106B1000CDE9003334490122184635F022FB2268C2
:106B20009DF81F30CBB908AE04F1200720686168DA
:106B3000334603C30834BC421E46F7D10F9B002DD9
:106B40004BD0C3F3080121B96FEA53236FEA432303
:106B50000F9308A91046FFF799FC11B0F0BD9A6A8F
:106B600012F47F4F05D00DF11F010120FFF714FD36
:106B700005E09B6AB3F5803F83D3FFF7C3FD024670
:106B8000CEE70DF11F020021B6E70DF11F01002035
:106B9000ECE715490B685A073FF473AF194B0293A2
:106BA0000023CDE90033012268E70F490B685B073A
:106BB0003FF467AF144A154B17F4F87F18BF13461C
:106BC000103ECDE90336124B02930023CDE900338A
:106BD0000122184635F0C5FA53E723F4FF7323F07A
:106BE0000103B5E700ED00E01813002024EA0500DA
:106BF0004FEA050066EA050087EA050095EA050008
:106C0000B4EA0500D0EA05000BEA0500F6E9050044
:106C1000F4EA0500044B5A6942F010025A615A69BD
:106C200022F008025A61704700ED00E0EFF308809F
:106C3000EFF3098101B57246FFF7C4FE01BD00BF45
:106C4000002080F31488BFF36F8F20F0A3F800209A
:106C500011490860BFF34F8F104880F3088800F097
:106C600045F8202080F311880D484FF0AA014FF419
:106C700004623FF05DFF0A484FF40461401880F35E
:106C80000988EFF314800221084380F31488BFF3CE
:106C90006F8F00F0F9F8000094ED00E040C800208C
:106CA00080AE0020BFF34F8F0549064BCA6802F43F
:106CB000E0621343CB60BFF34F8F00BFFDE700BF1F
:106CC00000ED00E00400FA050749D1F89020002308
:106CD000C2F307221846934200DB7047C1F8983090
:106CE000C1F8A0000133F6E700ED00E008B572B688
:106CF000002383F31388FFF7E7FF144B4FF0FF32B5
:106D0000C3F88020C3F88420C3F88820C3F88C20FF
:106D1000C3F89020C3F89420C3F89820C3F89C20AF
:106D2000C3F88021C3F88421C3F88821C3F88C21DB
:106D3000C3F89021C3F89421C3F89821C3F89C218B
:106D400062B6BFF34F8FBFF36F8F08BD00E100E065
:106D5000084B9B6883420BD1EFF3058343B1064B8D
:106D60005A6842F080525A605A6A22F400425A62CB
:106D70002DF0DABA106F002000ED00E013498A68A8
:106D80004FF030001044EFF3098C80E8F01F202012
:106D900080F31288BFF36F8F0D4F4FF000664A6982
:106DA0008A603E60D2F8AC000023C2F8AC3080F3B9
:106DB000118804B5104600F001F9BDE8044002F165
:106DC000300090E8F01F8CF309887047106F0020A6
:106DD00004ED00E01EF0040F0CBFEFF30880EFF3AA
:106DE0000980816911F8021C0229FFD001B57246A1
:106DF00035F0ACF901BD00BF40B2002807DB044A02
:106E00004109012300F01F00834042F82130704700
:106E100000E100E040B200280CDB4309064900F025
:106E20001F0020330122824041F82320BFF34F8FFF
:106E3000BFF36F8F704700BF00E100E0054B4209D0
:106E400000F01F0053F82220012303FA00F0104045
:106E5000704700BF00E100E040B20028A8BF00F189
:106E6000604001F10101B8BF064B4FEA4111ACBFD0
:106E700000F5614000F00F00C9B2B4BF195480F8AA
:106E80000013704714ED00E00B4A08B50B4B22F0DD
:106E90007F029A60BFF34F8FBFF36F8FD3F88820C4
:106EA00022F47002C3F888202CF064F82DF0D0FB97
:106EB00000F05AF82CF0A6F800C2000000ED00E047
:106EC00042F8203C009B42F81C3C0A49019B42F8D6
:106ED000183C029B42F8143C21F001014FF08073F2
:106EE00042F8043C42F8081C0023203A0265C0F82E
:106EF000AC307047C5A504000A4A0346906878B1D3
:106F000013F1160FD0F89C0005D0A0F140029A4270
:106F100005D8834203D2814228BF00207047002059
:106F2000704700BF106F002008B5094B0E4615468C
:106F3000986000F043F82C4686F309880020054B42
:106F400098472046002100220023034C204700BF21
:106F5000106F00208BC10400C5A50400014B102256
:106F60001A61704700ED00E0044800232021C21898
:106F70000133302B82F80013F9D1704700E100E0B3
:106F800008B5EFF30583064A103B02EBC30152F844
:106F9000330049688847BDE80840FFF7EDBA00BFF5
:106FA000C0780500024B034A0348012100F09CB859
:106FB00000000420000000203C890500D0F89C203F
:106FC000054B403A1A60054A4021C3E901121846B0
:106FD000012100F093B800BF8034002000000B15A1
:106FE0001FB5154AD2F89030C3F30723013B9842EE
:106FF00012D912490B685B0709D0114B0293002389
:107000000390CDE900330122184635F0F1F86FF016
:10701000150005B05DF804FBC2F898000B6823F07A
:107020001F03034343F01003C2F89C308B6843F006
:107030000103C2F8A030ECE700ED00E008130020E7
:107040000BEB0500F0B50E4689B01F46044600253F
:10705000B54215DA606850B3D7B1431E184212D05A
:1070600014490B685B0709D0134B02930023CDE949
:10707000003303950122184635F0BAF86FF0150277
:10708000104609B0F0BD1F28EAD921680B42E7D1AC
:107090002368059335F09CF8A36805A90343D0B293
:1070A0000793FFF79DFF10F1160FE7D0421C013543
:1070B0000C34CDE70813002031EB0500044B05220A
:1070C000C3F89420BFF34F8FBFF36F8F704700BF9B
:1070D00000ED00E0BFF35F8F024B0022C3F8942065
:1070E000704700BF00ED00E010B5034C012322788B
:1070F000FFF7A8FF207010BDE86F002008B50B4A0D
:1071000000231278FFF79EFF10F1160F07D0084AF0
:107110000021D2F89030C3F30723984200DB08BD6A
:10712000C2F89800C2F8A0100130F2E7E86F002022
:1071300000ED00E02DE9F04357485849D0F8903071
:107140000D68C3F307239D4285B000F2A180FFF7CD
:10715000C1FF49680022954201F10C011AD1504C3F
:10716000504F25706846FBF757FBDFF83C81DFF88E
:107170003C9106460025AE421FD1237846490020A7
:10718000D1F89020C2F3072293427BDBFFF796FFF2
:1071900000204CE0C0F8982051F80C3C23F01F036D
:1071A000134343F01003C0F89C3051F8043C43F003
:1071B0000103C0F8A0300132CDE7009800EB0511C3
:1071C0004FEA051CCB683B40B3F5000F44D00AD80A
:1071D000B3F5001F2ED0B3F5800F34D0B3F5801F68
:1071E00010D00135C7E7B3F1807F3ED0B3F1007F07
:1071F000F7D150F80C3088684A6834F0E9FF40F461
:10720000802009E050F80C3088684A6834F0E0FFCC
:1072100040F0885040F43020039001A92078CDE957
:107220000123FFF7DDFE002828DA6FF0150005B016
:10723000BDE8F08350F80C3088684A6834F0C8FF25
:1072400040EA0800E8E750F80C3088684A6834F0F3
:10725000BFFF40EA0900DFE750F80C3088684A6851
:1072600034F0B6FF40F08270D6E750F80C308868F2
:107270004A6834F0ADFF40F08870CDE723780133E1
:107280002370AEE7C1F89830C1F8A000013377E76A
:107290004FF0FF30CBE700BF00ED00E0488905006C
:1072A000E86F00200000F0FF00000811000002025B
:1072B000014B1860704700BF980A0020F8B5084FCE
:1072C00006460D460024AC4208DA3B6898470A2877
:1072D000305504F1010401D00D28F4D12046F8BD49
:1072E000940A0020F8B50A4F0D46461EC0F101046D
:1072F000A3199D4201DC2846F8BD73780A2B02D100
:107300003B680D2098473B6816F8010F9847EFE758
:10731000980A002010B5074C2368C2180648C0F12F
:10732000005101F580218A423ABF2260C0184FF017
:10733000FF3010BD8C340020C0FD002008B505488A
:1073400033F026F9002383F31188BFF36F8F0423F2
:10735000184602DF63EB05000B0706D5034B1B5CE9
:1073600003F00303012B08BF20307047A5C80500B8
:1073700008B500F0B7F80A4941610A490122C0E99D
:1073800000220A6008490A60084A00231360084A7C
:1073900003611360C0E90233064A136008BD00BFF1
:1073A000FC240600B80A0020B40A0020983400200B
:1073B00094340020903400202DE9F04107460E4619
:1073C000154600F08FF8C36804461BB943691A7864
:1073D000002A41D10023E3606368BB4256F82320B2
:1073E00008DB324B6361204600F062F84FF0FF305B
:1073F000BDE8F081511C616192F80080B8F12D0F59
:10740000EFD1911C61615178A1602D2904D192784E
:107410006AB901336360E4E749B9244B63614146CB
:1074200028462EF097F80028DDD0C4F80880D4F85C
:107430000880284641462EF08DF8B8F13A0F63696E
:1074400000D070B91B7813B96368013363602046BC
:1074500000F02EF83F20CBE75A1C42611B78836076
:10746000E5E742783A2A0BD0002222611B7813B953
:10747000636801336360204600F01AF8A068B7E73C
:1074800018786268094928B901329742626004DDC0
:1074900056F82230C4E90431EAE761612D783A2DCB
:1074A0002046D5D100F004F82846A1E7FC240600C8
:1074B000074B02681A60074B42681A60064B8268E5
:1074C0001A60064BC2681A60054B02691A60704761
:1074D000B80A0020B40A0020983400209434002018
:1074E00090340020004870479C0A002070B5416924
:1074F000867A0B4D044659B1437ADB0706D42C2318
:1075000003FB06535B6A1B689B6898470023636113
:107510002C20214606FB0050BDE870403FF0CABC5D
:1075200000150020024B2C2202FB0030704700BFE8
:1075300000150020827A064B2C2101FB02339A6A47
:107540001B7F1B33801A23F00303B0FBF3F070475B
:107550000015002038B5074B827A2C2404FB023337
:107560005B6AD3E901240C601568FFF7E3FF04FBB5
:10757000005038BD001500202DE9F04385B00546C8
:107580006846039190461C463FF010FFDDE9006716
:10759000EFF31189202383F31288BFF36F8F6B8B76
:1075A000002B41D02A8B9A4225D90022002328465D
:1075B0002BF070FF0446F0B189F31188BFF36F8F91
:1075C000039B002B41D032463B4668463FF012FFFA
:1075D000A27A264B2C2101FB023320465B6A1B68F2
:1075E00003A91D68DDE90023A847606170BB204640
:1075F000FFF77CFF24E0698B4B1E6B8389F31188B6
:10760000BFF36F8F2B7F2A8BAC6A1B3323F00303EE
:10761000521A02FB0344154B154AEB1A9B105343B5
:10762000A3722B7FE372CBE789F31188BFF36F8FCF
:107630002346424628462BF02DFF04460028BFD1A2
:107640000024204605B0BDE8F083636101230025D6
:107650002381039B6382E27A6560294604F1180066
:107660002DF0A4FE63692582E360EAE7001500209F
:10767000A38B2EBA70B50C4C2C2500B970BD037AC3
:107680004668013BDBB20372002BF7D1C360436055
:10769000837A05FB03431B6A13B198473046ECE736
:1076A000FFF724FFFAE700BF001500200E4A012370
:1076B000C2F840354FF080424FF08051C2F8783523
:1076C000D1F83001082808D1D1F83411052904D89F
:1076D0000648415C09B1C2F838364FF080430122B8
:1076E000C3F880250020704700E001408AEB0500C8
:1076F00020B1034B800143F001031847704700BFDE
:10770000F0800500084B5968024611B1196888429B
:1077100007D0D86830B1996804488A4218BF002061
:1077200070471846704700BF9C340020A4340020E6
:1077300002460B4601482BF0E5BD00BF481400206F
:1077400001482BF057BE00BF481400202DE9F74F29
:10775000824608460F469046F4F7D2FD4FF0FF31BF
:1077600083464FF0FF30FFF7E3FF1B4B1C684FF0E1
:1077700000099C4208BF00245B684E465CB9FFF7D5
:10778000DFFF36B3CAF80060B8F1000F1DD100204A
:1077900003B0BDE8F08FA569A94512D8AB4510D359
:1077A000012D03D97A5D2F2A00D052B9E1680193E7
:1077B0002A4638462DF0B6FF019B002804BFA94693
:1077C00026469C42DBD02468D8E7B369C8F800306D
:1077D000DDE76FF00100DBE7BC0A00202DE9F04394
:1077E000054687B016460F4639B10846F4F788FDBE
:1077F000012802D93B782F2B12D04C490B6858072F
:1078000008D04B4B02930023CDE9003301221846E8
:1078100034F012FF6FF01504204607B0BDE8F08386
:10782000D5F80480B8F1000F79D14246394605A851
:10783000FFF78CFF041E0EDA3C490B685A07EBD0A9
:107840003C4BCDF80080CDE9018301224346404600
:1078500034F0F2FEE0E7DDF8148098F820309B0762
:1078600002D516F0120F5DD1D8F81C20136813B39F
:1078700016F0400924D016F002030ED12B490A68F5
:10788000540707D02C4A0093CDE901321846012253
:1078900034F0D2FE6FF00C04BEE7536973B923498C
:1078A0000A68500707D0254A0093CDE901321846EF
:1078B000012234F0C1FE6FF08504ADE74FF00109FD
:1078C000C5F80480D8F81C3032461B683946284673
:1078D0009847041E10DA15490B685A0709D0184B4F
:1078E000039402930023CDE900330122184634F0BB
:1078F000A3FE00236B608FE72E72B9F1000F8BD0CF
:10790000D8F81C3000215B6928469847041E83DAAA
:1079100006490B685B07ECD00A4B0394E1E76FF074
:107920000F0479E76FF01D0476E700BFCC1200204A
:1079300094EB0500A8EB0500C0EB0500EEEB05009D
:107940000EEC050023EC050030B5446885B0054613
:107950009CB1E369DB69B3B19847041E10DA0B49A7
:107960000B685B0709D00A4B02930023CDE9003373
:1079700003940122184634F05FFE204605B030BD66
:1079800000236B60F9E76FF08504F6E7CC12002066
:107990003FEC05001FB54368B3B1DB695B68B3B169
:1079A0009847041E0DDA0B490B685B0709D00A4B98
:1079B00002930023CDE9003303940122184634F0EA
:1079C0003BFE204604B010BD6FF00804F9E76FF0ED
:1079D0008504F6E7CC12002055EC05001FB543687E
:1079E000B3B1DB699B68B3B19847041E0DDA0B494C
:1079F0000B685B0709D00A4B02930023CDE90033E3
:107A000003940122184634F017FE204604B010BD3E
:107A10006FF00804F9E76FF08504F6E7CC12002058
:107A20006AEC05001FB54368B3B1DB69DB68B3B12D
:107A30009847041E0DDA0B490B685B0709D00A4B07
:107A400002930023CDE9003303940122184634F059
:107A5000F3FD204604B010BD6FF00804F9E76FF0A5
:107A60008504F6E7CC12002080EC05001FB54368C2
:107A7000B3B1DB691B69B3B19847041E0DDA0B493A
:107A80000B685B0709D00A4B02930023CDE9003352
:107A900003940122184634F0CFFD204604B010BDF7
:107AA0006FF00804F9E76FF08504F6E7CC120020C8
:107AB00095EC05001FB54368B3B1DB695B69B3B1F1
:107AC0009847041E0DDA0B490B685B0709D00A4B77
:107AD00002930023CDE9003303940122184634F0C9
:107AE000ABFD204604B010BD6FF00804F9E76FF05D
:107AF0008504F6E7CC120020AAEC0500F0B5054697
:107B000087B00E4611B10B782F2B0FD033490B687D
:107B1000580708D0324B02930023CDE900330122ED
:107B2000184634F089FD6FF015041BE04368002B04
:107B30004DD10768002F4AD12A493046F4F754FC4A
:107B4000044690B94FF0FF304FF0FF31FFF7F0FDE2
:107B5000254A6C601368934214BF1F4627462F6066
:107B6000FFF7EEFD204607B0F0BD3A46314605A8C6
:107B7000FFF7ECFD041E0DDA18490B685A07F1D027
:107B80001A4B0097CDE9017301223B46384634F089
:107B900053FDE7E70599CB691B6ADBB16960CB69E7
:107BA00028461B6A31469847041EDBDAC5E9007790
:107BB0000A490B685B07D5D00D4B0394CDE90173DF
:107BC00000973B460122384634F036FDCAE76FF095
:107BD0000F04C7E76FF08504C4E700BFCC12002094
:107BE000C3EC050082D30500BC0A0020A8EB050009
:107BF000DCEC05002DE9F043476885B006460D46EC
:107C0000002F34D0FB695B6A002B68D0DFF8D4907A
:107C1000DFF8D4804F1C7368DB6929465B6A304605
:107C20009847041E14DB6B7873B12B78012B0BD1B2
:107C300049463846F4F7D8FB0028ECD04146384690
:107C4000F4F7D2FB0028E6D0204605B0BDE8F0836B
:107C500026490B685B07F7D0254B02930023CDE93B
:107C6000003303940122184634F0E6FCECE7036885
:107C700013B94B700024E7E7DFF878804FF0FF304E
:107C80004FF0FF31FFF754FDD8F80040D8F804302A
:107C9000444508BF002424B9FFF752FD6FF00104EA
:107CA000D2E73268A24216D12846012300F8013BF0
:107CB000E168FF2219442DF077FD002385F800319B
:107CC000C5F80431D8F804309C4218BF2768FFF784
:107CD00037FD3760CEE79C42DED02468DBE76FF0EB
:107CE0008504B1E79F2A060023CE0500CC120020B0
:107CF000F6EC0500BC0A002030B5446885B00546A6
:107D00001CB90460204605B030BDE3699B6AABB185
:107D10009847041E0EDA0B490B685B07F2D00A4B3A
:107D200002930023CDE9003303940122184634F076
:107D300083FCE7E70023C5E90033E3E76FF0850440
:107D4000E0E700BFCC12002010ED050070B506463C
:107D500086B030B1F4F7D4FA012802D933782F2B4A
:107D600011D024490B68580708D0234B02930023F5
:107D7000CDE900330122184634F05EFC6FF01504A3
:107D8000204606B070BD0022314605A8FFF7DEFC94
:107D9000041E0DDA17490B685A07F1D0174B0293EE
:107DA0000023CDE900330122184634F045FCE7E713
:107DB000059890F8205015F0020515D1C369DB6BCA
:107DC000ABB131469847041EDADA0A490B685B0703
:107DD000D6D00B4B0394CDE9015300952B460122DD
:107DE000284634F029FCCBE76FF01D04C8E76FF09C
:107DF0008504C5E7CC120020C3EC0500A8EB050004
:107E00002BED050070B5064686B030B1F4F778FA70
:107E1000012802D933782F2B11D024490B68580739
:107E200008D0234B02930023CDE9003301221846EA
:107E300034F002FC6FF01504204606B070BD00223D
:107E4000314605A8FFF782FC041E0DDA17490B68BE
:107E50005A07F1D0174B02930023CDE900330122DA
:107E6000184634F0E9FBE7E7059890F8205015F044
:107E7000020515D1C3695B6BABB131469847041E4F
:107E8000DADA0A490B685B07D6D00B4B0394CDE9CD
:107E9000015300952B460122284634F0CDFBCBE759
:107EA0006FF01D04C8E76FF08504C5E7CC12002011
:107EB00094EB0500A8EB05004BED050070B50E46F0
:107EC00086B0054630B1F4F71BFA012802D92B78A9
:107ED0002F2B0FD022490B685C0708D0214B02934F
:107EE0000023CDE900330122184634F0A5FB6FF0E2
:107EF000150413E00022294605A8FFF727FC041EFD
:107F00000FDA17490B68580708D0174B0293002364
:107F1000CDE900330122184634F08EFB204606B02E
:107F200070BD0598C3691B6CB3B1324629469847AA
:107F3000821C0446F2D00028F0DA09490B685B077E
:107F4000ECD00A4B029300230390CDE900330122C9
:107F5000184634F071FBE1E76FF08504DEE700BFFF
:107F6000CC12002066ED0500A8EB050081ED0500B0
:107F700070B50E4686B0054630B1F4F7C1F9012858
:107F800002D92B782F2B0FD020490B68580708D027
:107F90001F4B02930023CDE900330122184634F031
:107FA0004BFB6FF0150413E00022294605A8FFF7EC
:107FB000CDFB041E0FDA15490B685A0708D0154B84
:107FC00002930023CDE900330122184634F034FB3C
:107FD000204606B070BD0598C3695B6C9BB1324604
:107FE00029469847041EF3DA08490B685B07EFD06F
:107FF000094B02930023CDE9003303940122184674
:1080000034F01AFBE4E76FF08504E1E7CC120020BE
:1080100066ED0500A8EB050081ED05002DE9FF41A7
:10802000044608B1C6687EB965490B685B0708D08D
:10803000644B02930023CDE900330122184634F04B
:10804000FBFA6FF0150510E0056895B15C490B6807
:108050005F0708D05C4B02930023CDE90033012277
:10806000184634F0E9FA6FF00F05284604B0BDE871
:10807000F0813046F4F744F9074610B133782F2BDE
:1080800005D04F490B685E07DBD0504BD1E7504E0F
:108090004FF0FF304FF0FF31FFF74AFB3368D6F85F
:1080A0000480B34218BF1D46CDB9A5682846FFF726
:1080B00029FB20B1D0F80480B8F1000F3DD1404930
:1080C0000B68580708D0434B02930023CDE90033D7
:1080D0000122184634F0B0FA6FF0010515E0AB69E3
:1080E000BB4226D122692B699A4211D134490B68CF
:1080F0005D0708D0344B02930023CDE90033012201
:10810000184634F099FA6FF00F05FFF719FBACE74A
:10811000E968E0683A462DF005FB034648B928496E
:108120000A685407EFD02C4A0090CDE901020122E1
:10813000E7E74545B9D02D68B6E7D8F82C307BB9CC
:108140001F490A68520708D0244A0395CDE9013235
:1081500000930122184634F06FFA6FF08505D4E7DA
:10816000D8F8303073B916490A6812F0060F09D0F2
:10817000E26803921A4A0093CDE9013218460222BE
:1081800034F05AFAD8F82C3020469847051E0EDAFB
:108190000B490B685B07B8D0124B02930023CDE963
:1081A000003303950122184634F046FAADE77368B0
:1081B000C4E90678C4E900631C607460A5E700BFE9
:1081C000CC120020A2ED0500C0ED0500DEED05009B
:1081D000BC0A002011EE0500F4ED05003DEE05009F
:1081E00062EE050083EE050038B504460D464FF0FB
:1081F000FF304FF0FF31FFF79BFA2046FFF782FA7E
:1082000008B143687BB90B4B5A6812B1DA686AB996
:10821000012243F8324003EBC20300245D60FFF704
:108220008FFA204638BD6FF07704F8E76FF01B0433
:10823000F5E700BF9C34002038B131B18B69184498
:10824000024B0278002A08BF1846704782D3050007
:1082500010B503685A6D04461AB1196E04483EF011
:10826000BFFC216803483EF0F1FC0023236010BDF1
:10827000F8130020A4130020002807DA54305228F5
:1082800002D8034B185670476FF00400704700BFC8
:10829000BCF00500002805DA5A30582804D8044BF1
:1082A00018567047002070476FF00400704700BFF9
:1082B00063F0050070B5234986B00120FFF794FFF5
:1082C000044660BB204B214E1D68336803F0070352
:1082D000022B0AD9EB6803931D4B0090CDE90103F3
:1082E00003220346314634F0F4F995F820305A075A
:1082F00015D52846FFF792FE0028336812DB03F0FD
:108300000703022B0BD9EB680393124B0293002354
:10831000CDE900330D490322184634F0DAF920463E
:1083200006B070BD5B07FAD00490EB6803930A4B6C
:1083300002930023CDE9003304490122184634F0AA
:10834000C8F9ECE774890500C40A0020E412002093
:1083500097EE0500B0EE0500C7EE05002DE9F743E6
:10836000436804461E698846154601460022244893
:1083700000232AF0D5FE014600283ED1276864225A
:1083800038462DF013F8D6F8E4101E48896A00220A
:1083900000233EF01BFC386660B3B94649F8540F21
:1083A00040466168FFF748FF8046304634F0A0F948
:1083B0002901AB0103F4006301F48071194305F056
:1083C00003030B4342463946CDF8009006F17C008A
:1083D00038F048FF054606F5807034F091F9002D1D
:1083E00002DA2046FFF734FF284603B0BDE8F04329
:1083F000FFF742BF6FF00B05F3E703B0BDE8F08372
:10840000A4130020F813002070B5436804461E69C9
:108410000D4600220146002314482AF081FE014641
:1084200008BB342220682CF0C1FF61682846FFF7A2
:1084300003FF0546304634F05BF92A46216806F111
:108440007C0022F0AFFB054606F5807034F058F949
:10845000002D03DA216805483EF0F8FB2846BDE808
:108460007040FFF709BF6FF00B0070BDC013002014
:1084700070B543681E690446304634F039F9216806
:1084800006F17C0038F090FF054606F5807034F068
:1084900037F9216803483EF0D9FB2846BDE8704013
:1084A000FFF7EABEC01300207FB5056904462846E1
:1084B00034F01EF905F17C0038F0B0FE94F820305D
:1084C0001B0703D4D5F8FC0032F0C7FB0026C5F823
:1084D000FC6005F5807034F013F90A490B6803F06D
:1084E0000703022B0AD9E3680393074B0096CDE9F3
:1084F000016303223346304634F0EBF8002004B029
:1085000070BD00BFE4120020DFEE05002DE9F04F42
:1085100004698FB004F5807305460B93B44F184679
:108520003EF0ECFB204634F0E3F83B686E6995F8CA
:10853000208003F00703022B10D9022301210A2215
:10854000CDE90531CDE90332AA4B02930023CDE9F1
:10855000003303223946184634F0BBF8D4F8FC3017
:10856000002B40F0678118F0080F13D03A685207CB
:108570000AD0A14A9E49CDF80C80CDE90132009382
:108580000122184634F0A5F86FF085060023C4F8E0
:10859000FC30DCE004F1FC01F0B2FAF743F9031E11
:1085A00002DBD4F8FC0088B93A6857070BD0CDE954
:1085B0000363924B02930023CDE900338C490122DF
:1085C000184634F086F86FF01206DFE732F0A2FBAF
:1085D0000346002800F0C280D4F814B0D4F818A0E4
:1085E000E669D4F8FC00BBF1000F08BF4FF0100B98
:1085F000BAF1000F08BF4FF0100A5EB9CDE90C06C2
:1086000032F088FB7E490CAA36F0A3FD0D9E002EA9
:1086100000F01381636A0993002B00F0B18002DC43
:108620004FF0FF330993D4F82890D4F82C80D4F875
:10863000FC00B9F1000F08BF4FF04009B8F1000F7E
:108640008368B3FBF6F308BF4FF020080A9332F0BB
:1086500061FB3B6803F00703022B27D9099B6449A0
:10866000CDE906630A9B0593D4F8FC305B6804935C
:1086700003680393634B029300230322CDE9003385
:10868000184634F026F83A6802F00702022A0DD99B
:108690005D4A02920023CDE90598CDE903BACDE900
:1086A000003353490322184634F013F8D4F8FC3051
:1086B0002360564B6360564BA360564BE360564BAA
:1086C00023610A9BE661236204F17C06099B6362D5
:1086D000C4E905BAC4E90A982146304621F0D8FE1B
:1086E00000282EDA95F8202012F0010329D1404FFE
:1086F00012F00202396846D111F0060F0AD0474B3A
:108700000390CDE901231346009239460222184610
:1087100033F0DFFF2146304621F056FEB0F100086D
:108720003FDA3B6859070BD03D4B02930023CDE95C
:1087300000332F49CDF80C800122184633F0C9FFD1
:108740004046FFF799FD00280646FFF61FAF0B983D
:1087500033F0D6FF30460FB0BDE8F08F3A685507CA
:108760003FF431AFD4F8FC202149D268126803925B
:108770002C4A0090CDE90102012233F0AAFF22E742
:108780004FF400734EE74A0708D0274A0093CDE91B
:10879000013239460122184633F09BFF6FF01D0667
:1087A000F4E63046214621F073FE061E3B680EDAE1
:1087B0005B070AD01D4B02930023CDE900330C491F
:1087C00003960122184633F084FF3046B9E703F0E0
:1087D0000703022BBBD9EB680393154B02930023CD
:1087E000CDE9003302490322184633F072FFAEE7A9
:1087F000E4120020ECEE050017EF050054EF050031
:108800005BC6040090EF0500C3EF0500B7C6040087
:108810009BC6040087C6040057C60400F2EF05009B
:1088200041F0050075EF050013F0050033F0050079
:1088300058F005006FF00F06A8E66FF01506A5E6E4
:1088400008B5034A034932F07DFE002008BD00BF91
:10885000BB11002098D70500F8B503782F2B0646EA
:108860000C4608D10146802220462CF09DFF0023B3
:1088700084F87F30F8BD14494D7855B920462F2330
:1088800000F8013B7F2231462CF08EFF84F87F50A8
:10889000F0E78022204600272CF086FF84F87F70C6
:1088A0002046F3F72DFD7F280546E3D82318013332
:1088B0002F2222543146C0F17F0218462CF074FF5B
:1088C000C5F17E054755D5E7BB11002070B50129DC
:1088D000E2B0054606D81D491D482CF0A3FE002035
:1088E00062B070BD56681B493046F3F77DFD044603
:1088F00050B9174D2F2128462CF08AFF0028EAD0C6
:10890000A842E8D00470EAE769463046FFF7A4FFC2
:1089100020A96846FFF7D2FA044638B10E496A46E4
:10892000284632F02BFE6FF00700D9E79DF8803023
:10893000012B02D009496A46F2E7054B7F226946BE
:1089400018462CF031FF80F87F40C8E782D305003D
:10895000BB11002023CE05001EF1050030F10500FB
:108960002DE9F0410129E4B0054621D821497F22B3
:1089700002A82CF019FF00238DF88730002302A9EC
:108980006846CDE90033FFF7B9F80446A8B9DFF827
:1089900068801A4F1A4E22A96846FFF72BF9C0B11A
:1089A0001849284632F0EAFD6846FFF7A5F90CE0C1
:1089B000506802A9FFF750FFE0E70346124902AAF8
:1089C000284632F0DBFD6FF00704204664B0BDE8B6
:1089D000F0819DF88930002BE6D09DF888300DF1AC
:1089E0008902012B14BF43463B463146284632F0EC
:1089F000A9FDD0E7BB110020FC24060082D30500AE
:108A0000B0E1050063F1050047F1050010B5A0B025
:108A1000044669465068FFF71FFF6846FFF796F95E
:108A200030B102460349204632F0A8FD6FF007003E
:108A300020B010BD7DF105002DE9F04FEFB00F46DD
:108A400004460CA950681646FFF706FF022F1CD9F2
:108A50000022B06811462DF0A7F9051ED8BF6FF0AF
:108A60000045032F13D00022F06811462DF09CF929
:108A700006462CA90CA8FFF721FA034648B14C4939
:108A80000CAA204632F07AFD0BE06FF0004500267C
:108A9000EFE79DF8B07057B146490CAA204632F076
:108AA0006DFD6FF0070738466FB0BDE8F08F6D9A27
:108AB0004149204632F046FD01220CA905A8CDE926
:108AC00005778DF81C70FEF789FE074618B13B4903
:108AD00003460CAAD5E7002E0FDD0246314605A855
:108AE000FEF7A0FF034640B1204635490CAA32F0FC
:108AF00045FD05A8FEF728FFD3E7102D2A4608A953
:108B000028BF102205A8FEF745FFB0F1000A41DD9D
:108B10002C4A33460821204632F007FD0DF120098A
:108B2000CB464FF000081BF8013B274A082120469E
:108B300032F0FBFCCDF80C8008F10108C245F2D1FF
:108B4000C246BAF1100F29D1202300931F4ADFF843
:108B500080B000230821204632F0E7FC4FF0000AE5
:108B600019F8013BA3F120025F2A88BF2E235A4641
:108B70000821204632F0D9FC039A92450AF10103FC
:108B800014D114492046A5EB080532F0DBFC002D7A
:108B90004644B2DC05A8FEF7D7FE84E70E4A08215A
:108BA000204632F0C2FC0AF1010ACAE79A46D7E72A
:108BB00095F10500B9F10500C8F10500D8F10500EF
:108BC000F0F1050008F205000FF2050015F20500AE
:108BD0002BE105001024060095D305002DE9F04F88
:108BE0000023F7B0CDE90133DFF8A8B08DF80C30E1
:108BF00004460F4690460126BE4203D3002077B0BC
:108C0000BDE8F08F58F8260014A9FFF725FE34A917
:108C100014A8FFF753F9031E05DA1F4914AA2046CA
:108C200032F0ACFC07E09DF8D03033B11B4914AAF8
:108C3000204632F0A3FC0136DEE7012214A901A888
:108C4000FEF7CCFD031E02DA154914AAE7E740221D
:108C500004A901A8FEF79EFE051E0FDD0DF1100A06
:108C60004FF000091AF8013B0E4A0821204609F18D
:108C7000010932F05AFC4D45F4D1E8E705D02B4606
:108C800014AA5946204632F079FC01A8FEF75CFE92
:108C9000D1E700BF19F2050095F10500B9F1050013
:108CA000D8F105002BE1050010B5A0B004466946D7
:108CB0005068FFF7D1FD6846FFF7A4F838B10346C6
:108CC000044920466A4632F059FC6FF0070020B094
:108CD00010BD00BF41F2050030B51446D7B016A94B
:108CE00005465068FFF7B8FDA06836A9FFF7B4FD48
:108CF0000023012216A96846CDE90033CDE90333EC
:108D00008DF808308DF81430FEF768FD034648B141
:108D1000274916AA284632F031FC6FF00404204699
:108D200057B030BD522236A903A8FEF757FD0346BF
:108D300088B11F4936AA284632F020FC6FF004049F
:108D40006846FEF701FE0028E9D01A4916AA28460F
:108D500032F014FCE1E7402206A96846FEF71AFE4D
:108D6000041E12DA1449234616AA284632F006FCDD
:108D70006FF0040403A8FEF7E7FD0028E0D00D49DA
:108D800036AA284632F0FAFBD8E7F3D0224606A9E5
:108D900003A8FEF723FE031E02DA084936AAE4E719
:108DA0009C42D8D0064936AA284632F0E7FBDFE7D6
:108DB000D8F10500A0F205005BF2050073F2050092
:108DC0008CF2050010B5A8B008A904465068FFF75A
:108DD00043FD04A908A8FFF7CBF8031E08DA2046D4
:108DE0000A4908AA32F0CAFB6FF0070028B010BD8C
:108DF000079B0293069B0193059B00932046049BCF
:108E0000034A082132F091FB0020EFE7B4F205009D
:108E1000CFF2050070B5A4B00E46054604A950680F
:108E20001446FFF719FD022E1BD90022A068114637
:108E30002CF0BAFF04460023022204A901A8CDE9C0
:108E400001338DF80C30FEF7C9FC034658B10F49C9
:108E500004AA284632F092FB6FF00704204624B0A3
:108E600070BD0024E7E7214601A8FEF723FE044673
:108E700038B10346064904AA284632F07FFB6FF05A
:108E8000070401A8FEF760FDE8E700BFD8F1050080
:108E9000FDF205002DE9F0431546B5B007468846BA
:108EA000506814A9FFF7D8FC3649A868F3F79CFA74
:108EB000024620BBB8F1030F09D83349384632F0D7
:108EC0005DFB6FF00704204635B0BDE8F083014636
:108ED000E8682CF069FF042604460023122214A936
:108EE00001A8CDE901338DF80C30FEF777FC03467D
:108EF00048B1264914AA384632F040FBE1E74FF06A
:108F0000FF340226E9E7002CB3BF014602462146A2
:108F1000022201A8FEF786FD044640B905EB86054E
:108F20008146B0450DD801A8FEF70EFDCBE71849E4
:108F3000034614AA384632F021FB01A8FEF704FDCF
:108F4000BFE7102255F8040B00212CF02DFF09F18A
:108F5000010209F1D003D2B20DEB0309402A06F158
:108F6000010609F8C00C01D0B04509D104A901A837
:108F7000FEF734FD031E02DA064914AADAE70022DE
:108F80009146CEE719F305001CF30500D8F1050062
:108F9000F0F1050073F2050038B5064C064DAC4201
:108FA00001D3002038BD54F8043B002BF7D098477C
:108FB000F5E700BFC07D0500C87D0500084B0246EF
:108FC000186808B1036800B9704741899142FBD025
:108FD0001BB1196818460B46F5E71946FAE700BFBA
:108FE000543500200A4B1B681BB11A681BB9184680
:108FF00070471A46FAE75989814206D01AB11168BA
:1090000013460A46F2E71146FAE7D868704700BFF0
:109010005435002000230360044B5A6812B9C3E999
:109020000000704710605860704700BF5435002042
:109030002DE9F04F89B01E46DDF8488004910021EB
:109040001960284BA8F800101B688DF81910054608
:1090500017464FEA104B002B42D01C6889464FF64A
:10906000FF7A1BB9084609B0BDE8F08F9A685245EF
:1090700006D0BBEB124F27D125EA020292B21ABBEF
:1090800032680792B8F80020ADF81A20049A0192CD
:109090000DF11902009202975B6805919C4607AAA0
:1090A0000DF11A032846E047059948B1B9F1000FC0
:1090B00006D1079B336002280BD001464FF001090F
:1090C0009DF81930002BCDD144B1226823461446B7
:1090D000C7E7BDF81A30A8F80030EEE72246F5E7FA
:1090E0001946BFE74C3500202DE9F04F00238BB027
:1090F000CDE9063304460D4601F10C092B8A3BB934
:1091000098462168284633F098FD2168002081E0C8
:10911000072B40F20481EA681068516806AB03C36C
:10912000BDF81A305BBA1FFA83FAADF81A30BDF8F1
:109130001C305BBA9AB208214846ADF81C30059243
:1091400033F04CFA2B8A5345C0F0EF809DF818702D
:1091500017F0050840F0EE802168284633F059FDED
:109160000646002800F0E980606840F8045B2B8A1E
:10917000CDE9018801220092EA6804213DF045FB17
:10918000A068314633F078FC9DF81820D4F808B078
:10919000C2F3C102012ACBF8708000F2C3800598A7
:1091A000FFF70CFF002800F093809DF81F1033F0AC
:1091B00034FC002800F08C809DF8182012F0070283
:1091C0002ED0022A47D04FF00308A068314633F072
:1091D00053FCD4F8089009F10407022138463DF009
:1091E0003AFC00287AD05649022238463DF019FC54
:1091F000002873D0414638463DF0DCFB02210028B0
:109200006ED138463DF02DFC2168284633F015FD1F
:109210002168304633F011FD40460BB0BDE8F08FB9
:10922000D0F80080A068B8F1000F51D00F210430B1
:109230003DF011FC00284ED02046C0478046A06873
:109240000F2104303DF00DFC40B9B8F1000F08BF0C
:109250004FF00708B9E7D0F80480E3E7B8F1000F52
:10926000B3D1BBF87280B8F1000F12D017F0180F0D
:109270000FD1BBF87000FFF7B5FE034610B94FF0F1
:109280000108A2E7404698478046B0B1002E4ED074
:109290009BE7DBE90012C868121A0A82DBF800308B
:1092A0001A8A08A9083A06A833F0C7FBA3681B6806
:1092B000DA680B4603CB10605160236830469B6A26
:1092C0009847804698BB5146484633F087F915E7E2
:1092D0004FF0080879E74FF0070876E7022190E79A
:1092E00038463DF0BEFB00288ED0D9E900A7DAF859
:1092F0000C30FF1A08A9A7F1080206A833F09DFB5D
:10930000AAF81070A3681B68DA680B4603CB1060DC
:109310005160236830469B6A9847002674E74FF0F7
:109320000908EEE64FF00D084FE74FF009082E460A
:1093300000254AE74FF00808F9E74FF00208F6E782
:10934000BA1C060070B504460E4615468AB3A0F84E
:109350006C10A0F86E20184903223DF062FB18B98A
:10936000002000F0010070BD022120463DF073FB9B
:109370000028F5D01149052220463DF052FB002877
:10938000EED0314620463DF029FB0028E8D00C49BC
:10939000022220463DF045FB0028E1D02946204628
:1093A0003DF01CFB0028DBD0022120463DF059FB9C
:1093B000D7E70120D7E700BFABD3050057F405007E
:1093C000BA1C0600F0B5A1B02F490A91D0E90104FA
:1093D000042100230B912D498DF83830CDE9063357
:1093E00006AA0223CDE90C128DF820300FAF04AB92
:1093F00001220AA90430099733F058FB06460028D9
:109400003FD1079D6B1E3F2B3BD82A460699384615
:10941000F3F7A6F905F180030DEB03050DF10A033F
:1094200005F8446C1A480093082205AB08A9FFF719
:10943000FFFD0434034660B1012B059807D0BDF849
:109440000A1082B22046FFF77DFF58B1002021B0FC
:10945000F0BD03A9384633F08EFB054620B182B239
:109460000821EFE70720F2E70A49032220463DF0F2
:10947000D8FA0028F6D0039A2B4620463DF0B8FAD9
:10948000E3E70320E3E700BF302A0600F9640500A4
:109490000100040043FB050038B5094C237873B183
:1094A00000254122294604F10C00C4E9015525702C
:1094B0002BF07CFF04F15000FEF746FA656738BDDB
:1094C000981D002010B50A4883684BB1426893424A
:1094D00006D878303DF0D8FDBDE81040FFF7DCBF7E
:1094E000BDE8104003484FF4003200232AF0BABA16
:1094F000981D0020101E002010B5094C20460023A6
:1095000000F85C3B012211463DF0E2FC04F17800DA
:1095100004493DF0ADFDBDE810400348FFF77ABDBA
:10952000981D002055950100000C002010B508483A
:1095300040F6CD4200232AF019F8044630B9FFF76F
:10954000ABFF034829F0D8FF204610BD0A24FBE7F3
:10955000F41D002010B50B484FF4804200232AF080
:1095600005F838B1BDE8104007484FF40032002339
:109570002AF078BAFFF790FF0248BDE8104029F0C2
:10958000BBBF00BFF41D0020101E00202DE9F047D6
:109590004FF0FF32FCB04FF0FF33CDE90623824A93
:1095A0000C92824A0E92824A119280460422D0E99D
:1095B0000106002312927F4A8DF84030CDE908332E
:1095C0008DF854308DF8283008AD16ABCDE9132551
:1095D0000B93032406AF04AB02220CA904300D94B4
:1095E0000F9733F063FA8146002847D13A68079B0A
:1095F000B3F1FF3F08BFB2F1FF3F3FD0DDF824A039
:109600000AF1FF333F2B39D80899524616A8F3F7D1
:10961000A7F816AB03F80A90DFF89C9140F6CD420C
:109620000023484629F0A2FF0446002840F0B980F4
:10963000D8F80020D9F818309A42A9F15C0506F153
:1096400004060AD119F85C3C022B06D105F10C0185
:1096500016A8F2F7C9FE002849D00DF10E095748A7
:10966000CDF8009005AB08220AA9FFF7E1FCA0B1F4
:10967000012807D1504829F03FFF059C20467CB0C7
:10968000BDE8F087BDF81420B9F800103046FFF7A8
:1096900059FE0546002D6FD181E0FFF7FDFE2B78C6
:1096A0002BBB474916A833F066FA10B182B20821E5
:1096B000ECE7C5E91400686085F8580001224148CC
:1096C00016A9FEF78BF848B110F1160F04D002303E
:1096D00014BF01220322EAE70222E8E73A4816A96A
:1096E0002BF0A0FF02232B70D8F800306B6739688D
:1096F000079B686800229A4208BF88420ED0314812
:10970000FEF790F940B1062208213046FFF71AFE15
:109710000546FFF7C1FEBDE73B686B6029484FF483
:10972000AA7227A9FEF736F9B0F1000A01DA07227A
:10973000EAE76B681C49534403223046DDE9068999
:109740006B603DF06EF940B342464B4630463DF00B
:109750004FF910B31D49042230463DF062F9E0B1E3
:10976000524627A930463DF053F9B0B13B68079AFD
:10977000134305D0FFF7A6FE0F4829F0BDFE7DE795
:109780001349032230463DF04CF930B1AA6800235A
:1097900030463DF02DF90028ECD1FFF793FE072469
:1097A000EAE70A246AE700BF94E10500BB6405000C
:1097B000302A0600F9640500F41D002001000400B1
:1097C000A01D0020E81D0020A41D0020FC030600B1
:1097D00043FB05002DE9F0434FF0FF32B7B04FF0E7
:1097E000FF33CDE90623CDE908238468AC4A2292F1
:1097F0008046AC48AC4924910BAF08AACDE92907B3
:109800002592AA4FAA4A27920422CDE92C72A94F89
:1098100033910DAE0023CDE92E76A74E8DF898300A
:10982000CDE90B33CDE90D33CDE9033303258DF8B5
:10983000AC308DF8C03006A98DF8D43011AF0123BB
:1098400034918DF83C30CDE93165239528921097FD
:10985000D8F8040003AB22A9104433F027F90028FC
:1098600052D1DDE90832B2F1FF3F08BFB3F1FF3F4B
:109870004AD00C9E711E3F2946D8134307D1DDE91B
:109880000623B3F1FF3F08BFB2F1FF3F3CD03246A1
:109890000B993846F2F764FF06F1D8030DEB030687
:1098A000002306F8943CDFF8149240F6CD420023E2
:1098B000484629F05BFE0546002840F01181D8F8A3
:1098C0000020D9F818309A42A9F15C0604F104048A
:1098D0000AD119F85C3C012B06D106F10C0138467F
:1098E000F2F782FD002845D00DF10A030093744879
:1098F00005AB08220FA9FFF79BFBA0B1012807D1F8
:109900006E4829F0F9FD059D284637B0BDE8F08383
:10991000BDF81420BDF80A102046FFF713FD0446D9
:10992000002C5DD162E0FFF7B7FD337813BB6548CB
:10993000736012223946C6E9143386F85830FDF7B1
:109940004DFF70B110F1160F07D0831C07D01E30E9
:109950000CBF0F2201220821DEE70222FBE70E22C4
:10996000F9E7594839462BF05DFE01233370D8F8EA
:1099700000307367DDE9083213430FD1069BB360F3
:1099800004A9384633F0F7F860B182B208212046C6
:10999000FFF7D8FC0446FFF77FFDC1E773680BB9FA
:1099A0004A49EEE7DDE9082352EA030120D0716855
:1099B0000027BB4208BF8A422DD00B220821204637
:1099C000FFF7C0FC3C49032220463DF02AF858B17D
:1099D00072683B4620463DF00BF828B1FFF75CFD6E
:1099E000364829F089FD8FE7FFF756FD0725F7E791
:1099F0000E9B6BBB2A497668032220463DF011F886
:109A000030B13246002320463CF0F2FF002864D1FA
:109A1000FFF758FDEAE70E9B002BEBD02948FEF735
:109A200025F8DDE90813C2179A4208BF884206D01C
:109A3000244802220021FDF7F5FF002812DBDDE9B2
:109A40000D122048FDF7CAFF002841DA0A229DE7DF
:109A5000049B002BE2D0002211461A48FDF7E2FFDA
:109A6000014608B1062291E71648FEF723F810F1E7
:109A7000860F10D11348FDF767FF3846FEF7C2F98D
:109A8000002803DA023001D009227FE70D481222B4
:109A90003946FDF7A3FE0028D1DA082276E700BF99
:109AA00094E10500F9640500BB640500FC030600B1
:109AB000302A0600F364050043FB0500F41D002076
:109AC00001000400E81D0020A41D00209C1D0020B2
:109AD00073680E9A134473608CE7FFF7F3FC7FE71B
:109AE0000A2511E70148FFF795BA00BF100C0020C6
:109AF00010B584680E490434082220463CF091FFDA
:109B000028B14FF4C07120463CF068FF08B9072027
:109B100010BD0849092220463CF083FF0028F6D0FA
:109B2000042120463CF05AFF0028F0D00020EFE747
:109B30006BF4050074F4050008B54FF400520023DF
:109B4000024829F05BFF002008BD00BF4001002053
:109B5000F0B589B0D0E90145134A0392134A0023B6
:109B6000012701AECDE90133CDE905268DF81C3082
:109B7000201D6B463A4603A9049732F097FF04462E
:109B800078B904350A493A4628463CF04AFF20B1E4
:109B9000314628463CF039FF00B90724204609B079
:109BA000F0BD0324FAE700BFB0190600F964050010
:109BB00026E3050013B5084C20463DF053FA074B49
:109BC00000932046064903234FF4006229F0AEFEBD
:109BD000002002B010BD00BF401E0020348B0500E5
:109BE000007E002002480022002332F06CBC00BF3F
:109BF0000816002010B5836A044643B105493DF0BC
:109C0000EAF904F110003DF00BF9002010BD6FF0EF
:109C10001500FBE7EFCB040010B5044610303DF013
:109C20003EF921460248BDE810403DF0F0B900BFC2
:109C3000401E002070B50446451810B1064EA542DE
:109C400001D1002070BD336814F8011B18688368C7
:109C50005B689847F3E700BF5C35002038B50446E1
:109C6000FAF768FE4368218A5A68064BE0681A6072
:109C7000054A00F02DF90546204632F0C8FF284677
:109C800038BD00BF5C350020359C01007FB50BABB3
:109C900005930393054B02930023CDE90033022281
:109CA0001846F8F7AFFB07B05DF804FBA2F4050017
:109CB0002DE9F043044685B0894690460027474584
:109CC00003D1384605B0BDE8F08319F80760BFF34B
:109CD0005B8F216ABFF35B8FBFF35B8F206ABFF39B
:109CE0005B8FBFF35B8F226ABFF35B8FBFF35B8F2A
:109CF000236ABFF35B8F800704F12005C3F3C00321
:109D000067D4002B65D1C90713D5092ED9D1BFF36C
:109D10005B8F55E8003F43F0020345E80032002A1C
:109D2000F7D1BFF35B8FE069002840F08F800137E7
:109D3000C5E753070CD5142EC3D1BFF35B8F55E88D
:109D4000003F43F0080345E80032002AE9D0F6E777
:109D5000062E26D1BFF35B8F55E8003F43F0010389
:109D600045E80032002AF7D1BFF35B8FE069B0B954
:109D700000232068002232F0A6FB0346E061E8B928
:109D80003B490A6812F0060FD1D03A4A0090CDE95B
:109D900001020222FFF77AFFE0690028C7D00C30E9
:109DA0000DE0042E8DD1BFF35B8F55E8003F43F0EB
:109DB000040345E80032002AD6D0F6E70C3032F032
:109DC00033FC0028B3D0E06931460C3032F0F6FBAA
:109DD000ADE7E069002845D10A2EA8D1E16921B19B
:109DE000201D3DF05CF80023E361BFF35B8F55E875
:109DF000003F23F0010345E80032002AF7D1BFF30A
:109E00005B8FBFF35B8F55E8003F23F0020345E80B
:109E10000032002AF7D1BFF35B8FBFF35B8F55E8A9
:109E2000003F23F0040345E80032002AF7D1BFF3D6
:109E30005B8FBFF35B8F55E8003F23F0080345E8D5
:109E40000032002AF7D1BFF35B8F70E70C3032F09D
:109E5000EBFB00283FF46BAFE06931460C3032F089
:109E6000ADFBB9E70C3032F0DFFB0028B4D0F3E7EC
:109E70003C130020A2F40500F8B50C4E0C4F051D54
:109E800000220023284629F005FB044668B1C1687A
:109E9000028A304632F0F9FE014610B13846FFF72B
:109EA000BBFE2046FDF7E6FBEAE7F8BD6035002083
:109EB000683500200348044B8362044BC362FFF7FC
:109EC00099BE00BF683500205D9C010055CC0400A0
:109ED0002DE9F74F05460E4614460A460146002076
:109EE00030F030F94FF0000A074640F606134FF005
:109EF0005D08D1464FF0010BB245ADF8023001DBF1
:109F0000002062E002210DEB0100A04700285CD197
:109F1000BBF1000F13D0B31C5BBAADF80230ADF843
:109F2000043022462B788DF80630032101A832F048
:109F30009DFE002849D10AF1010AA8F10308A6EB09
:109F40000A0343459B46A8EB0303A8BFC346012B66
:109F500005D80BF1FF3B4FF00009D34414E0FCDDC2
:109F60004FF00109F9E705EB0A0335F80A209B7861
:109F7000ADF804200321224601A88DF8063032F006
:109F800075FE10BB0AF1030AABEB0A03022B524623
:109F9000E9DCB9F1000F0FD0A6EB0A03012B17D0B3
:109FA000022B22D043B97BBAADF8043022460221FD
:109FB00001A832F05BFE40B919480121A0474FF0DB
:109FC000000B41F20443002896D003B0BDE8F08FA7
:109FD000AB5C8DF804303B0A0AF1010A8DF80530BC
:109FE0008DF8067022460321E2E70AF1010315F815
:109FF0000A20EB5C8DF804208DF8053022463B0AE0
:10A00000032101A80AF1020A8DF8063032F02EFE73
:10A010000028DAD18DF8047022460121C8E700BF7C
:10A020001024060008B504483CF04FFD00280CBF82
:10A030006FF01200002008BD3078050010B503460F
:10A040000548826814688AB21946A0470028B4BF40
:10A050006FF00400002010BD307805000E4B402941
:10A0600070B528BF40210D4C46181D46B04203F183
:10A07000020304D1002305F81130074870BD0278AF
:10A080001209A25C03F8022C10F8012B02F00F0257
:10A09000A25C03F8012CE9E70770002023F5050016
:10A0A00030B503788BB0044607AD032B21D8DFE829
:10A0B00003F0021A1C1E124928462BF0B3FA05952C
:10A0C00063780493A3780393E3780293237901934D
:10A0D00063790093A3790B4A0B481E2130F065FA8F
:10A0E00009480BB030BD0949E6E70949E4E70949E9
:10A0F000E2E7094A0A21284630F057FADFE700BFB5
:10A10000DEF4050000F50500E96F0020E5F4050028
:10A11000ECF40500F6F405002C11060030B50A4DEC
:10A120000A4B85B000242846029303943CF09AFF22
:10A1300002AB0093284606490A234FF4B06229F087
:10A14000F5FB204605B030BD181F00203BF505008B
:10A15000408600200146014829F026BC181F002037
:10A160000146014829F050BC181F00200146014853
:10A170003CF04DBF181F00200378012B30B513D0E1
:10A18000022B27D07BB9194B0A4603F1100453F870
:10A19000045B42F8045BA342F9D11B781370438837
:10A1A0004B731B0A8B7330BD104B0A4603F110042E
:10A1B00053F8045B42F8045BA342F9D11B78137097
:10A1C00043684B73C3F307221B0CCB731B0A8A73C0
:10A1D0000B74E8E700F1100350F8042B41F8042B4E
:10A1E0009842F9D103780B70DDE700BF44F5050014
:10A1F00008B532F059FE29F07BFF044B1B680BB108
:10A200000A209847BDE8084029F086BFA435002001
:10A2100038B50546054832F056F9044620B101210B
:10A220000C3032F0B1F92576204638BDDC1500201F
:10A230000F2810B50ED80D280ED90B4832F043F96F
:10A24000044628B101210C3032F09EF90223237616
:10A25000204610BD1328F0D009B10448EEE7BDE850
:10A2600010400220FFF7D4BF6016002058150020D0
:10A2700070B5C6683378B6F8014083B90F2120461F
:10A2800003F062FAF378054650B90A4A118831B9E9
:10A290006FEA04506FEA10501080074A137070BDC7
:10A2A0000373012103F062F92846BDE8704003F012
:10A2B00033B900BF846F00208870002010B5084CAF
:10A2C0000146062294F86F0003F05EFD38B994F859
:10A2D0006F000449BDE81040052203F055BD10BDD4
:10A2E00070010020C4F405001FB501460C4832F08F
:10A2F000EEF80C490C483CF08AFE00280DDA0B49B8
:10A300000B685B0709D00A4B029300230390CDE949
:10A3100000330122184632F05CFE05B05DF804FB04
:10A32000BC020020300C0020F01F00208C12002006
:10A3300064F505001FB50A490B6813F0060F0BD032
:10A34000C3681B780393074B02930023CDE90033C6
:10A350000222184632F03DFE05B05DF804FB00BF56
:10A360008C12002081F505001FB501210C3032F060
:10A370003DF909490B685B070AD003780393074B43
:10A3800002930023CDE900330122184632F021FE6A
:10A3900005B05DF804FB00BF8C120020A9F5050094
:10A3A0001FB5C3681C880121204603F0CDF9034680
:10A3B00068B909490A68520707D0084A0394CDE9E9
:10A3C00001020090012232F004FE04B010BD04B07E
:10A3D000BDE8104003F0A0B88C120020CBF50500BA
:10A3E0001FB5C368B3F801400121204603F0ACF962
:10A3F000034668B909490A68520707D0084A039416
:10A40000CDE901020090012232F0E3FD04B010BD5D
:10A4100004B0BDE8104003F07FB800BF8C120020EC
:10A42000CBF505007FB5C3681D78B3F8016095B919
:10A430000F21304603F088F9044670B90B490B68C8
:10A440005B0708D00A4B0396CDE901030090034651
:10A45000012232F0BEFD04B070BD294603F086F83B
:10A46000204604B0BDE8704003F056B88C120020BE
:10A47000EFF5050030B502EBC303044687B008468C
:10A480009A4202D16FF05E0019E0114611F8085BA4
:10A49000A5421AD1038A5178994212D90C490A6807
:10A4A00052070AD0CDE903340A4B02930023CDE9C9
:10A4B00000330122184632F08CFD6FF0150007B012
:10A4C00030BD536898470020F9E70A46D8E700BF37
:10A4D0008C12002015F60500F0B587B005460C4635
:10A4E000FFF7C8FF5F3016D10C4E336813F0060F2C
:10A4F00011D0278AE0683946FFF7B0FD084B029378
:10A500000023CDE90470CDE90033039502223146E2
:10A51000184632F05EFD07B0F0BD00BF8C1200207F
:10A5200037F6050070B5544886B031F0E5FF0446B3
:10A5300000286DD0037E022B6CD0082B40F0948055
:10A54000038A032B0CD84D490A68550725D003937D
:10A550004B4B02930023CDE900330122184631E032
:10A5600004210C3032F042F8FF23428806886376DB
:10A57000238AC6F30B009A42A08312D03F49086891
:10A5800040070AD0CDE903323E4B02930023CDE9C8
:10A5900000330122184632F01CFD2046FDF76AF810
:10A5A0001EE00F2103F0D0F8054670B933490B685F
:10A5B0005E07F2D0A38B0393334B0090CDE90103E8
:10A5C0000122034632F005FDE7E703F007F9320BFD
:10A5D00060762146284602F049FE284602F09CFF9C
:10A5E0002A4BD3F84C319BB129492A483CF00FFD46
:10A5F00000280DDA21490B685B0709D0264B02932E
:10A6000000230390CDE900330122184632F0E1FC2B
:10A6100006B070BD028A012A06D818490B6858078F
:10A62000BBD01E4B039294E719460C3031F0DEFF8D
:10A630000546007832F0ACFC10F002060DD1184A45
:10A640001849194840F6D3332FF0DDFF86F31188FF
:10A65000BFF36F8F0323184602DF144A28780623BE
:10A660002146FFF739FF98E704490A68520794D05A
:10A6700003930F4B6DE700BFBC0200208C1200203B
:10A6800059F605007AF605009EF6050070010020D7
:10A69000300C0020F01F002064F50500C0F6050016
:10A6A000DCF6050010F705003EF70500CC8B050031
:10A6B0005BF7050010B5012104460C3031F096FF20
:10A6C0002146034A0078BDE810400823FFF704BF85
:10A6D000FC8B0500F0B5012187B004460C3031F049
:10A6E00085FF0678104A002321463046FFF7C2FE58
:10A6F0005F3016D10D4D2B6813F0060F11D0278A4D
:10A70000E0683946FFF7AAFC094B02930023CDE924
:10A710000470CDE90033039602222946184632F030
:10A7200058FC07B0F0BD00BF3C8C05008C12002027
:10A730006FF705007FB5C568B5F8016001213046A7
:10A7400003F002F8044670B911490B685B0708D0A2
:10A75000104B0396CDE9010300900346012232F02D
:10A7600038FC04B070BD2B783BB9D5F80330C0F885
:10A770009530D5F80730C0F899304FF48031201D5E
:10A7800032F018FC204604B0BDE8704002F0C4BEB0
:10A790008C120020CBF5050030B53C2887B005466B
:10A7A00023D101F0E7FE6FF08001103032F020FC81
:10A7B0000020FFF783FD044668B915490B685B0765
:10A7C00007D0144B0090CDE901030122034632F07B
:10A7D00000FC07B030BD0573002102F0C7FE204623
:10A7E00007B0BDE8304002F097BE09490B6813F08E
:10A7F000060FEED0084BCDE90303084B029300236C
:10A80000CDE900330222184632F0E3FBE1E700BF56
:10A810008C120020A1F70500FC240600C2F70500F9
:10A820002DE9F04F894687B092460746D8B1BFF36D
:10A830005B8F524E4FF0000B56E8004F46E800B3D6
:10A84000002BF9D1BFF35B8F84B94D490B685A07D0
:10A8500009D04C4B0397CDE90143009423460122D4
:10A86000204632F0B6FB07B0BDE8F08F2046FCF77B
:10A8700061FE454D0C2303FB0050A0464288BA42BE
:10A880002CD0DFF8FC80D8F80020530713D02046E6
:10A89000FCF750FE0C2303FB005001224388CDF847
:10A8A00000B0CDE90373394B4146CDE901B35846B9
:10A8B0005B4632F08EFBBFF35B8F56E8003F46E805
:10A8C0000042002AF9D1BFF35B8F002BCBD0984612
:10A8D000404607B0BDE8F04FFCF7CCBEA24511D012
:10A8E000204631F0EBFD04F10C0602230121304635
:10A8F000237631F049FEBAF81020DAF80C10304611
:10A9000031F053FE2046FCF715FE0C2606FB0050E6
:10A910004368ABB1B9F1000F12D12046FCF70AFE33
:10A9200006FB005001214268D2E90003127A03F0CD
:10A930001F06B1405B09DAB100EB830032F03AFB4D
:10A940002046FCF7F7FD0C2606FB00508368002B21
:10A95000BED02046FCF7EEFD704305F8009020467F
:10A96000FCF7E8FD06FB0055A86828F0C5FDAFE739
:10A97000C94300EB830032F03BFBE1E7B802002063
:10A980008C120020DEF70500A835002006F805002F
:10A990002DE9F047C768008A3B78012202EB830467
:10A9A000844286B06DD939490D686D070AD003938A
:10A9B000374B02930023CDE90440CDE9003318461C
:10A9C00032F007FB06B0BDE8F087D8F80030590731
:10A9D0000AD0304B2D49CDF80C90CDE90103009001
:10A9E0000346012232F0F5FA01353B789D42E9DA5F
:10A9F00007EB85030F21B3F80190B3F803604846D5
:10AA000002F0A2FE04460028DFD000F1C0099EB18A
:10AA1000204602F0CFFB28F06FFD636983B9D8F8B8
:10AA20000020520708D01C4A18490093CDE9013292
:10AA30001846012232F0CDFA204602F06DFDD3E730
:10AA4000A1691A6862618B4200D1A261C3F800A0BB
:10AA5000226A9AB9C4E90733BFF35B8F59E8003F14
:10AA6000013B49E80032002AF8D1BFF35B8F002197
:10AA70002046013E02F0AAFBB6B2C8E7136023628B
:10AA8000EAE70025DFF80480AA46AEE78C12002032
:10AA900039F8050063F805007FF8050070B5C56852
:10AAA000B5F8016086B00121304602F04DFE044643
:10AAB00070B950490B685D0708D04F4B0396CDE93C
:10AAC000010300900346012232F083FA06B070BD04
:10AAD0002B781A2B00F1040619D1C378012B6CD105
:10AAE0004FF48041304632F065FA42040FD4D4F876
:10AAF0008830049304A9D4F890300593204603F0DD
:10AB000075FC204606B0BDE8704002F005BD2B780C
:10AB1000002B52D1B5F80320A4F8862090B2B5F8E6
:10AB20000520A4F88C20B5F80720A4F88E20821FF9
:10AB300092B240F67A418A420DD92E490A6812F043
:10AB4000060F08D02D4A0390CDE90132009302226E
:10AB5000184632F03EFAB4F88C30B3F5FA7F0ED3D3
:10AB600024490A6812F0060F09D00393244B02937C
:10AB70000023CDE900330222184632F02AFAB4F855
:10AB80008E20A2F10A039BB240F676418B420ED989
:10AB900018490B6813F0060F09D01A4B02930023D3
:10ABA0000392CDE900330222184632F012FA6FF414
:10ABB0008051304632F01CFA17E0BFF35B8F6368B8
:10ABC000BFF35B8FDB04F2D52B78202BEFD194F809
:10ABD0009430002BEBD0013B84F894304FF42032BA
:10ABE000002304F1400028F009FF204602F076FF20
:10ABF00087E700BF8C120020CBF5050096F8050012
:10AC0000BEF80500E5F8050010B5C1E900239DF880
:10AC100008300B720C46FCF78DFC034B0C2202FB38
:10AC200000335C6010BD00BFA83500202DE9F0475F
:10AC30004FF0FF3206464FF0FF331848884631F098
:10AC400042FC044638B300F10C070121384631F0CC
:10AC50009BFC012323762046FCF76CFC104D4FF043
:10AC60000C0909FB00504FF0000A46802046FCF713
:10AC700061FC09FB0050C0F808A02046FCF75AFC14
:10AC800009FB005503213846C5F804A031F087FCC4
:10AC9000068080F802802046BDE8F087B0150020CD
:10ACA000A835002029289ABF014B185C092070475D
:10ACB0003BFD0500F0B5C368B3F801601D7885B0B1
:10ACC0000F21304602F040FD044670B921490B685F
:10ACD0005A0708D0204B0396CDE9010300900346A4
:10ACE000012232F076F905B0F0BD6DB12846FFF7CC
:10ACF000D9FF29460246204602F0A6FF204605B0AD
:10AD0000BDE8F04002F008BC8778012FEED107F0D3
:10AD100033F9204632F024F906460028E6D1052012
:10AD2000FFF7C0FF05210246204602F08DFF0949CA
:10AD30000B685B0708D0094B0096CDE901633A46E2
:10AD40003346304632F045F90521204632F049FDC0
:10AD5000D4E700BF8C120020EFF5050011F90500C3
:10AD6000F0B5C668B6F80170357885B00F21384661
:10AD700002F0EAFC044670B92F490B685A0708D064
:10AD80002E4B0397CDE9010300900346012232F0D8
:10AD900020F905B0F0BD45B12846FFF783FF2946ED
:10ADA0000246204602F050FF12E0F378C27A9A423F
:10ADB00014D121490B6813F0060F09D0204B0392E0
:10ADC000CDE9015300952B460222284632F001F9C5
:10ADD000204605B0BDE8F04002F09EBB8278C37209
:10ADE000012A05D00020FFF75DFF00210246D8E7C9
:10ADF0000BB107F0C1F8204632F0B2F80546002842
:10AE0000F0D10520FFF74EFF05210246204602F053
:10AE10001BFF09490B685B0708D00A4B0095CDE979
:10AE2000015301222B46284632F0D3F80521204653
:10AE300032F0D7FCCCE700BF8C120020EFF5050004
:10AE400037F9050011F9050070B50C4D06460FCD18
:10AE500090B001AC0FC40FCD0FC40FCD0FC495E857
:10AE600007000E2E84E807009BBF10AB03EB86069D
:10AE7000034856F83C0C10B070BD00BF647F05005D
:10AE800066F90500034B0146D3F86C0182689268AD
:10AE9000104700BF700100202DE9F043044600F187
:10AEA0000C0685B0304631F0BBFBB4F81080B8F129
:10AEB000010F054614D820490B685A070AD01F4BCA
:10AEC00002930023CDE90033CDF80C80012218460F
:10AED00032F07FF8204605B0BDE8F043FCF7CABB6E
:10AEE0003046022131F082FB0746007832F050F8FC
:10AEF00010F0010906460DD1114A1249124840F6D8
:10AF0000F2732FF080FB89F31188BFF36F8F032357
:10AF1000184602DF05230D4A38782146FFF7DCFA90
:10AF2000B307D7D56369A4F8108013FA85F5E560F7
:10AF300005B0BDE8F08300BF8C120020C0F605000C
:10AF4000DCF605006EF905003EF70500A48B050050
:10AF500030B50C4685B029F0CBF8237E022B05D006
:10AF6000082B15D12046FFF7BFF90BE0E3681878EE
:10AF700032F00EF80546E80702D52046FFF78CFFB1
:10AF8000A907EFD4002429F0C7F8204605B030BD4A
:10AF900009490A68520709D00393084B029300231A
:10AFA000CDE900330122184632F013F82046FCF7B1
:10AFB00061FB6FF01504E6E78C12002087F90500AD
:10AFC0002DE9F0433B4E3C483C4C89B0042131F024
:10AFD000F1FF336803F00703022B14D9E279384BF1
:10AFE000384D2046012A88BF1D46FFF759F8364BD9
:10AFF00002930023CDE90350CDE90033032231460B
:10B00000184631F0E6FFDFF8C480DFF8A89001258C
:10B010000027E2793368954203F0070335DB022B02
:10B0200030D994F870502846FFF70EFFB4F8763008
:10B030000693B4F872301F490390CDE904530025FC
:10B04000234B0293CDE900552B460322284631F0CD
:10B05000C0FF336803F00703022B13D994F8716023
:10B060003046FFF7F1FEB4F8743012490390CDE991
:10B070000463184B0095CDE9015303222B46284663
:10B0800031F0A7FF09B0BDE8F083022B0FD9C5EB63
:10B09000C5002044FFF704F80023CDE90350CDE9B3
:10B0A0000178009703224946184631F092FF013596
:10B0B000AFE700BF8C120020440200207001002086
:10B0C0009BF90500FC2406009FF90500AEF9050078
:10B0D000BFF90500FDF9050000487047D4CE050012
:10B0E000014828F01DBC00BF200C002030B50546EB
:10B0F00085B00C4619B9FFF799FD044620B340F618
:10B1000035439D4218D12046FFF7BCFE0546C8B125
:10B110000F490B685B0709D00E4B02930023039085
:10B12000CDE900330122184631F053FF2046FCF7E9
:10B13000A1FA284605B030BD074821463BF0AFFED6
:10B14000FFF7CEFF0025F4E76FF06805F1E700BFD9
:10B150008C12002024FA0500C4020020F0B5C66855
:10B160003788BDB289B00121284602F0EDFA0446C5
:10B1700070B92E490B685A0708D02D4B0395CDE9BD
:10B18000010300900346012231F023FF09B0F0BD16
:10B1900004ADD6F80220D6F80630019571890091E9
:10B1A00033F0F9FC80B3122142F21A00FFF73EFDA2
:10B1B000064688B91D4B1B685B0709D01D4B0293DF
:10B1C0000023CDE9003319490122184631F001FF6F
:10B1D000204602F0A1F9D9E712210C3031F0DFF955
:10B1E00002462B4622F8027B08AF1D4603CDBD4226
:10B1F000106051602B4602F10802F6D1314642F24E
:10B200001A00FFF773FFE3E7022142F21B00FFF78A
:10B210000DFD05460028CDD002210C3031F0BFF9DC
:10B220002946078042F21B00EBE700BF8C1200208A
:10B23000CBF5050046FA05007FB506460D4642F2FD
:10B2400021000321FFF7F2FC044668B90D490B68A1
:10B250005B0707D00C4B0090CDE9010301220346A8
:10B2600031F0B7FE04B070BD03210C3031F097F916
:10B2700021460680857042F2210004B0BDE870408E
:10B28000FFF734BF8C1200205DFA050070B5C3686B
:10B29000D9789A781E8886B042EA0122ADF810204B
:10B2A00059791A7942EA0122ADF81220D9799A79AE
:10B2B00042EA0122ADF814201A7A5B7AB5B242EA6A
:10B2C000032301212846ADF8163002F03DFA04466A
:10B2D00090B920490B685B0708D01F4B0395CDE957
:10B2E000010300900346012231F073FE022128463B
:10B2F000FFF7A2FF06B070BD04A902F039FC38B90F
:10B300001E212846FFF798FF204602F005F9F1E7D5
:10B310000E2142F22000FFF789FC05460028F3D0F9
:10B320000E210C3031F03BF900230680C0F80A30C2
:10B33000BDF810304380BDF812308380BDF8143062
:10B34000C380BDF816300381294642F22000FFF782
:10B35000CDFED9E78C120020CBF5050030B50246B2
:10B3600085B00B46334DD5F8541111B9002005B006
:10B3700030BD05F5987028F0F9F80028F6D10022C4
:10B38000002305F5AA7028F085F8044668B92A4A12
:10B390002A492B4840F6E2332FF035F984F311881F
:10B3A000BFF36F8F0323184602DFD5F848319BB1F6
:10B3B00024490B685A0708D0234B02930023CDE998
:10B3C00000330122184631F004FED5F84801FCF79D
:10B3D00051F90023C5F84831204631F0A3F8C5F8EB
:10B3E00048012046FFF74EFD08B316490B685B077E
:10B3F00009D0164B029300230390CDE900330122BC
:10B40000184631F0E6FD124828F076F82046FCF7A1
:10B4100091F8104B0C2202FB00301F21408822467D
:10B42000FFF7FEF92046FCF725F9FFF759FE01204A
:10B430009DE700BF70010020DCF60500B6F40500B2
:10B440003EF705008C12002077FA050024FA05006B
:10B45000A0020020A83500202DE9F04F05468DB050
:10B4600016460C4631B9FFF7E1FB044648B96FF0C8
:10B4700068008BE0887AFCF755F8504B834240F027
:10B4800096800DF118080122002140463BF020FD76
:10B490002046FCF74FF8DFF828A10C2303FB00A09F
:10B4A000C0F80880204631F03DF8014645483BF0A1
:10B4B000F6FCFFF715FE28F031FF434B834220D105
:10B4C000DFF808B13F483BF0FFFC002181464FF414
:10B4D000A020FFF743FF074688B93D4A3D484FF497
:10B4E000D77359462FF08FF83B4829462FF08BF839
:10B4F00087F31188BFF36F8F0323184602DF4C4593
:10B50000E0D14FF4A0220023404628F02FF8074650
:10B5100098B14FF4DA732E4A30492E482FF073F861
:10B520002F483A4629462FF06EF8002383F31188FE
:10B53000BFF36F8F0323184602DF2046FBF7FAFFA5
:10B540000C2358431AF800704FB326490B6813F0C8
:10B55000060F0CD0244B0395CDE90473234B0293C3
:10B560000023CDE900330222184631F032FD204697
:10B57000093FFCF77FF8092F0ED8DFE807F01B0D15
:10B580000D0A050D0D0D0D186FF00B000DB0BDE887
:10B59000F08F6FF00C00F9E76FF00400F6E716B1DA
:10B5A00034600020F2E72046FCF764F8F9E76FF01A
:10B5B0001500EBE76FF06E00E8E700BFB015002064
:10B5C000A8350020C4020020002B002092FA0500BC
:10B5D000DCF605003EF705009AFA0500BAFA050008
:10B5E000C3FA05008C120020FC24060008FB0500AD
:10B5F000F7B5144B93F99B30002B05460C461DDA2A
:10B6000014B9204603B0F0BD082C01AA4FF0000188
:10B6100042F21800264628BF0826FFF71DFF002823
:10B62000F0D1019FF968324601312846F1F798F8C8
:10B630003846FCF71FF83544A41BE1E76FF085009E
:10B64000E0E700BF7001002070B586B006460D46E9
:10B6500005AA002142F22F00FFF7FEFE044678B152
:10B6600022490B685B0708D0214B02930023CDE9E8
:10B6700000330122184631F0ACFC204606B070BD04
:10B680000598C368B3F801203280B3F803302B80EB
:10B69000FBF7F0FF3388A3F11B02E02A0ED9134910
:10B6A0000A6812F0060F09D00393124B0094CDE9FB
:10B6B000014302222346204631F08BFC2A88A2F562
:10B6C000A4739BB244F248118B42D6D907490B6848
:10B6D00013F0060FD1D0084B029300230392CDE95B
:10B6E00000330222184631F074FCC6E78C120020A9
:10B6F00027FB050047FB05006CFB050010B5F2F7C2
:10B7000063F9034B1B6813B1BDE81040184710BD27
:10B71000CC350020F0B5324E074685B0D6F86C0126
:10B720003BF0D3F9034678B92E490A68520706D090
:10B730002D4A0090CDE90102012231F04AFC6FF060
:10B740001204204605B0F0BD6FF0020106F1D400EE
:10B7500031F04EFC012131F02DFC10EA01053CD105
:10B76000224B1F600A4606F598703BF0B1FB06F5C8
:10B77000AA703BF055FB1E483BF074FC1D491C4869
:10B7800000956FF007034FF4805228F0CFF81A4964
:10B79000174828F0A7F9D6F86C01184983681B6888
:10B7A0009847044670B10F490B685B07C9D0144B2A
:10B7B0000390CDE9015300952B460122284631F034
:10B7C00008FCBEE727B905B0BDE8F040F2F7FCB8C9
:10B7D00006F1C40028F0A4F8B3E76FF07704B0E7EF
:10B7E000700100208C120020AAFC0500CC3500203E
:10B7F000F01F0020008C0020C2FC050051AF0100AA
:10B80000CBFC05002DE9F047654BB0F80190198895
:10B8100049F4704291424FF0000608BF1E80054671
:10B8200008BF604B88B008BF1E7800F005FAEB78BF
:10B83000012B08BF5C4B05F1040738460CBF93F899
:10B840006F40002431F02CFB394640B306A831F09C
:10B850001CFBD5F81130CDF81130B5F81530ADF826
:10B8600015304FF0010AEB78012B2FD04F4C236895
:10B870005B070DD03846FEF713FC4D4B02930023B7
:10B880000390CDE9003301222146184631F0A1FB97
:10B890001321484631F0FAFB08B0BDE8F087204696
:10B8A00031F076FD0346006806909A889B796868B7
:10B8B000ADF81C208DF81E30BA88BB7995F804A02D
:10B8C0000490ADF814208DF81630CCE706A8FEF7EA
:10B8D000F5FCEB78012B04460AD100F04BFE6FF02B
:10B8E00080018046103031F083FB404631F097FEF6
:10B8F000002CBBD02346B5F8012023F8702B069806
:10B900009DF81E20BDF81C1020679A719980B5F82B
:10B910001730A4F88630B5F81930A4F88C30B5F893
:10B920001B30A4F88E30EB78E3700022012B2273D9
:10B9300024D18DF810A0BDF814209DF8163004987D
:10B94000A4F87B2084F87D30C4F8770000F012FE64
:10B95000237A154AC3EBC3039918D358C4F87E3031
:10B960008B88A4F882308B7984F88430D2E938133C
:10B9700003F03F03194301D000F0F0FF07212046F8
:10B9800001F0F4FD26B126730121204601F0EEFD01
:10B99000204601F079FF204601F0BEFD7CE700BFA4
:10B9A000846F002088700020700100208C1200201D
:10B9B000E7FC050000B5C368187889B020B109B06C
:10B9C0005DF804EBFEF7E8BEB3F80120ADF8012006
:10B9D000DA788DF800008DF80320B3F80B20ADF86D
:10B9E0001720B3F80D20ADF81920B3F80F20ADF8EB
:10B9F0001B205A7C8DF81D20586801901A899B7A6B
:10BA00008DF80A30094BADF8082068461A689B8803
:10BA1000CDF80B20ADF80F30CDF81120ADF8153072
:10BA2000FFF7F0FE09B05DF804FB00BFD8F4050095
:10BA300038B5042104460C3030F0D8FD4578017843
:10BA400040882246FEF7ECFE35B1044827F054FD4D
:10BA5000BDE83840FFF744BB38BD00BFA00200205E
:10BA600030B50321044687B00C3030F0BFFD0578B7
:10BA7000B0F80100E36840F6354290421B7812D1DD
:10BA800010490A6812F0060F0BD00F4ACDE90332B5
:10BA90000E4B02930023CDE900330222184631F009
:10BAA00098FA07B030BD22461946FEF7B9FE002DC0
:10BAB000F7D0074827F020FD07B0BDE83040FFF77A
:10BAC0000FBB00BF8C120020FC24060003FD050004
:10BAD000A002002070B54FF0FF320D464FF0FF334B
:10BAE00000210646FEF7A4FB044660B90A4A0B494A
:10BAF0000B4813232EF087FD84F31188BFF36F8F5B
:10BB00000323184602DF022104F10C0030F047FD48
:10BB100006704570204670BD6CFE0500B6F4050049
:10BB20003EF70500F8B50A4DEF7906460024E3B26A
:10BB30009F4202D86FF0010007E02946304631F0FD
:10BB40005AFB0735631C08B12046F8BD1C46EEE7DA
:10BB50007001002037B504460D4671B112492846E0
:10BB600031F049FB48B91148C4EBC40429462044CC
:10BB700031F049FB002003B030BD684631F077F961
:10BB80000028F8D16846FFF7CDFF0028F5DA074B0B
:10BB9000C4EBC4001844694631F035FB002DE9D0F0
:10BBA00001462846E4E700BFCBF405007001002001
:10BBB0007FB51E4E06223146054629F047FB80B36D
:10BBC000062142F20500FFF731F8044658B3062279
:10BBD00029460C3030F0E9FC2146002242F20500F3
:10BBE000FFF73AFC044698B110F10D0F0DD1104942
:10BBF0000B6813F0060F08D00E4B02930023CDE91B
:10BC000000330222184631F041FB204604B070BDDB
:10BC100033462A6843F86929AA88B280012283F84A
:10BC200068200024F1E76FF06804EEE7D9010020F6
:10BC300090120020A2FE05000A4BBFF35B8F53E871
:10BC4000002F22F4806143E800100028F7D1BFF3F1
:10BC50005B8F530504D504490022022006F05CBA2C
:10BC6000704700BF44020020EFD3040007B5002353
:10BC7000CDE9000304496A46022006F04DFA019816
:10BC800003B05DF804FB00BF09D30400F0B505461E
:10BC900087B070B1674C94F8222194F823310AB12F
:10BCA0009A4208D2013384F823312B7A43F00403FB
:10BCB0002B7207B0F0BD00210222084602F064F8A2
:10BCC0000646A8B1BFF35B8FD43454E8003F43F479
:10BCD000806344E80032002AF7D1BFF35B8F2B7AF0
:10BCE00043F001032B7207B0BDE8F04001F014BC33
:10BCF0000146514800F038FC94F8233183B13046B6
:10BD000031F0D3FA60B14D490B6813F0060F37D00C
:10BD10004B4B0096CDE9016302223346184665E09D
:10BD200094F8232194F822319A4233D1434E336858
:10BD300013F0060F09D0434B02930023CDE90033E3
:10BD400002223146184631F0A1FA0022114642F291
:10BD50002900FFF781FB50B13368590710D03A4BE7
:10BD600002930023CDE9003334490122D6E794F849
:10BD70002331013384F823312B7A43F004032B72EF
:10BD8000012031F092FA3148002107B0BDE8F040BF
:10BD900000F0EABB2A466F1C12F82A0B394631F034
:10BDA00039FA064650B125490B685A07E8D0284BA6
:10BDB00002930023CDE900330122AFE794F8233149
:10BDC000013384F823312B7A43F004032B7294F867
:10BDD000A73013F004030CD118490A6812F0060FBB
:10BDE000CED01C4A0093CDE90132022231F04EFA46
:10BDF000C6E7394604A831F006FA0123082142F2C9
:10BE00004E008DF81730FEF711FF044660B108228E
:10BE100004A90C3030F0C9FB3246214642F24E00F4
:10BE2000FFF71AFB0028ABD004490B685B07A7D0CB
:10BE3000094BBDE7700100205FD304009012002081
:10BE4000B1FE0500D6FE050007FF0500DBD20400A9
:10BE500027FF050047FF050071FF05002DE9FF41A1
:10BE6000054668B34B4C94F8222194F82331FAB17B
:10BE7000013293421DDC00210222084601F084FFBA
:10BE8000064600B3BFF35B8FD43454E8003F43F45D
:10BE9000806344E80032002AF7D1BFF35B8F2B7A2E
:10BEA00043F002032B7204B0BDE8F04101F034BB53
:10BEB00013B1013B84F823312B7A23F004032B7256
:10BEC00004B0BDE8F0810146334800F04DFB304638
:10BED00031F0EBF90746D0B130490B685A0709D069
:10BEE0002F4B0390CDE90163009633460122304683
:10BEF00031F0CCF994F8233113B1012031F0D5F9A8
:10BF00002848002104B0BDE8F04100F02DBB94F8B2
:10BF1000233194F822219A420CD2013B84F8233138
:10BF20002B7A214923F0040302462B72022006F0EB
:10BF3000F3F8DFE7072142F22800FEF777FE05F16C
:10BF40000108064668B915490B685B07D2D0174B44
:10BF500002930023CDE900330122184631F096F90F
:10BF6000C8E707210C3030F01AFB414631F04BF99D
:10BF70003A46314642F22800FFF76EFA0028E2D135
:10BF800094F82331013B84F823312B7A23F0040306
:10BF90002B72AFE7700100205FD3040090120020E5
:10BFA0008CFF0500DBD2040077D20400B9FF050046
:10BFB0007FB50446F1B908B3244931F01CF9E8B95A
:10BFC0002046FFF7AFFD00283ADA2378012B04D191
:10BFD000A37903F0C003C02B10D01D490B685A078A
:10BFE00008D01C4B02930023CDE9003301221846F0
:10BFF00031F04CF96FF0150004B070BD164DEB79BF
:10C00000012B20D0BFF35B8FD5F8D430BFF35B8F0B
:10C01000DB0707D4002CEDD00C49204631F0EBF8BB
:10C020000028E7D1EE792146731C3046EB71FFF70B
:10C0300091FD08B93046DFE7EB79013BEB71DBE7B7
:10C040006FF07700D8E76FF00B00D5E7CBF4050071
:10C0500090120020DEFF0500700100202DE9F04164
:10C06000044686B080B924490B6813F0060F07D048
:10C07000224B0090CDE901030222034631F006F97C
:10C08000002006B0BDE8F08105AA002141F20900B8
:10C09000FFF7E2F9054660B117490B6813F0060F88
:10C0A000EED0174B02930023CDE90033022218464D
:10C0B000E4E7059E1349D6F80C8008F10107062233
:10C0C000384629F0C3F828B10F490622384629F02E
:10C0D000BDF818B93046FBF7CDFAD1E7D8F80130F2
:10C0E000C4F80130BB88A4F8053030462570FBF752
:10C0F000C1FA0120C5E700BF901200200C00060025
:10C1000025000600D8F40500D2F4050007B56846FE
:10C11000FFF7A4FF044BD87118B169460020FFF760
:10C1200019FD03B05DF804FB70010020F0B5394D36
:10C13000EC798DB0002C65D195F8C26016F001063F
:10C140000ED135490B6813F0060F3BD0334B0094EA
:10C15000CDE9014302222346204631F097F831E031
:10C1600004AA21464FF60940FFF776F930B12A4973
:10C170000B6813F0060F25D0294BE8E7DDF810C057
:10C18000DCF80C104B784BB96046FBF773FA224988
:10C190000B6813F0060F15D0224BD8E78B1C06AAAC
:10C1A00001F1120418685968174603C70833A342FF
:10C1B0003A46F7D1186838609B88BB806046FBF729
:10C1C00059FA3446EC71162600240127EB79E0B2C7
:10C1D000834202D8B3B1002012E00CAB06FB00335F
:10C1E00004A953F8182C33F8143CCDF81120ADF8FD
:10C1F00015308DF81070FFF7ADFC01340028E5D044
:10C200000DB0F0BD002108460DB0BDE8F040FFF7CD
:10C21000CFBE00BF70010020901200204300060036
:10C220006F0006008F0006002DE9FF410D461746FE
:10C230001C46064690B18BB10A0303781AD56D07E8
:10C2400011D533490B68580708D0324B02930023AD
:10C25000CDE900330122184631F018F86FF01500CF
:10C2600004B0BDE8F08131F0A7F80028F8D101232F
:10C2700023700CE0E9072DD527480FB1AA0608D492
:10C28000C3EBC302825C012A12D002B922700020E3
:10C29000E6E790F8D820510636D5C3EBC302825C9E
:10C2A000012A05D002B92270237843F00203DFE7A8
:10C2B0004FF00108072111FB03810144304631F0A2
:10C2C00073F80028CCD184F80080002FDFD0AB06B3
:10C2D000DDD5E9E76A0712D50F49C3EBC3028E5CCF
:10C2E000012E09D1072212FB0363194431F05CF8D7
:10C2F0000028B5D12670EAE7002EE8D1FAE731F040
:10C300005BF801232370ABE76FF08500A8E700BF5F
:10C3100090120020B8000600700100207FB5164E74
:10C32000F5791DB10024204604B070BDFFF7EEFE84
:10C33000044668B111490B685A07F4D0104B0095B8
:10C34000CDE9015301222B46284630F09FFFEAE752
:10C35000F579002DE6D1FFF7E9FE04460028E9D182
:10C36000701CFFF725FC04460028DBD003490B684E
:10C370005B07D8D0034BE2E7700100209012002049
:10C38000D7000600F60006002DE9F04F87B00C46F6
:10C39000202104909246FEF749FC054600285DD016
:10C3A00020210C3030F0FBF820220021814628F0BB
:10C3B000FDFF09F1010B04EBCA0A0026D4F8008046
:10C3C0000023626893420CD30834A245F6D1049846
:10C3D00089F800600022294607B0BDE8F04FFFF75A
:10C3E0003BB898F8012098F800C0B01C81181F29AC
:10C3F0001DD9BCF1090FC0F11F0201D1002A14DCC4
:10C4000018490B685B0708D0174B02930023CDE94E
:10C4100000330122184631F01EF82846FBF72AF9AE
:10C420006FF0150007B0BDE8F08F4FF0080CD7B2E1
:10C43000791C0BF80610711CC9B25BFA80F00BF87E
:10C4400001C0D8F8041005930237F0F789F9059B6D
:10C450003744FEB2013308F10808B2E76FF0680014
:10C46000E0E700BF5812002019010600F8B5456842
:10C470006905064635D4046914B115F0010330D0BE
:10C48000194F3078FB7983422BD9C0EBC000174994
:10C490000722384428F0DAFEA8B115F0010306D1CE
:10C4A00097F87020082A02D8B2689F2A19D915F087
:10C4B000300F09D0ACB1EA060AD405F46035B5F501
:10C4C000603018BF0120F8BDEB0601D4002CF4D178
:10C4D000D6E902239A4204D81F2A02D9B3F5804F25
:10C4E000EBD90020EFE700BF70010020CBF405007E
:10C4F00008B504490722093028F0A8FE003818BF03
:10C50000012008BDCBF40500F8B5154B067883F87B
:10C510006F6004460D46FFF7EBFF70B911493046D6
:10C5200001F0BAFB044610B96FF00B00F8BD05210D
:10C5300001F01CF82C600020F8E704F109073946E7
:10C54000304601F0EFFB40B92078394601F0A4FBFA
:10C5500004460028E8D00621EAE76FF01500E5E779
:10C5600070010020C4F4050003460148184700BFCD
:10C57000880100200048704788010020F0B505467A
:10C5800085B00F4830F052FF1F460306164613D5FC
:10C590000B4830F04BFF04460A4830F0F9FFC4F373
:10C5A000C02402900A46CDE9007406483346294665
:10C5B00030F077FF05B0F0BD6FF00A00FAE700BF7A
:10C5C00098010020880100202DE9F04F8DB0D1F8AE
:10C5D00010A005930023BAEB030406469648079380
:10C5E00018BF012430F022FF43070D46934640F167
:10C5F0001A810846FFF73AFF28B96FF01504204664
:10C600000DB0BDE8F08F284630F0EDFE81460028E1
:10C61000F3D006F11008404630F008FF0706C0F3DB
:10C62000C01300F10381CDE90933CDF82B30AB689D
:10C630006868ADF82030EB68ADF8223030F0E7FEE6
:10C640006FF480718DF82D007B4830F0F5FE7B4A49
:10C650002B78337082F86F30696822460DF125031C
:10C660003046FFF7E1FD04460028C8D106F1090372
:10C67000BAF1000F18D02A691168C6F8091091881C
:10C68000998092799A71284630F092FF6B6807463C
:10C69000D8071BD49A0503D4169B0BB9022F65D17A
:10C6A00002238DF8243023E0654A1168C6F809108A
:10C6B0009188927999809A71284630F079FF6B6859
:10C6C000D9070746E6D58DF824A011E013F0100F26
:10C6D0000CBF012304238DF824302B691A68CDF890
:10C6E00026209A88ADF82A209B798DF82C30A14617
:10C6F0000F2142F20600FEF799FA0446002800F0E6
:10C7000098800F2208A90C302FF04FFF21460022FD
:10C7100042F20600FEF7A0FE044600287FF46FAF49
:10C72000BAF1000F28D06B68DB0733D43046012103
:10C7300030F04EFF079E044600286CD041490B683C
:10C74000580708D0404B02930023CDE90033012263
:10C75000184630F080FE002E3FF451AF30460021E5
:10C7600000F004FF304600F0D7FE48E70323DDF871
:10C7700058908DF82430BBE7179B0093CDE90197C3
:10C78000169B059A5946304630F08BFE0446002829
:10C79000C9D034E707A93046FFF7B6FE04460028A3
:10C7A000C4D010F10C0F7FF42AAFBAF1000F7FF460
:10C7B00026AF6B689E073FF522AF6C6884F00204D9
:10C7C000C4F3400404F001020E21404630F052FE52
:10C7D0007B1E5A425A410821404630F04BFEB91E9A
:10C7E0004A424A414046092130F044FE6A680A2123
:10C7F00002F00102404630F03DFE4A460B21404621
:10C8000030F038FE6A680D21C2F38002404630F0F5
:10C8100031FE0024F3E616B1304600F07DFEBAF199
:10C82000000FCFD1C9E76FF00A04E8E66FF0770494
:10C83000E5E66FF06804E2E64402002070010020A3
:10C84000CBF40500581200203201060073B51546DE
:10C85000069A0C46CDE900322B460A46014611489D
:10C86000FFF7B2FE21460646002340F201109D422A
:10C8700002D1304602B070BD0A88824204D14A68B3
:10C8800012B11278D20702D401330831EFE706491A
:10C8900006483AF0EDFB4FF470220023034827F0DE
:10C8A000E1F8E6E78801002029C90100A001002085
:10C8B00010B5194830F0B3FE18486FF4804130F0DD
:10C8C000BBFD164830F0B2FD03461A06C0F3C01097
:10C8D00021D5124830F0AAFD430513D50E48FFF7C5
:10C8E00007FE0F490346087E93B90E49052201F061
:10C8F0004BFA044630B10021017300F037FE2046A8
:10C9000000F00AFEBDE810400348002130F060BE90
:10C9100006222131EBE710BD88010020980100209C
:10C9200070010020C4F405001FB5FFF7C1FF70B10E
:10C9300008490B6813F0060F09D0074B0293002338
:10C940000390CDE900330222184630F084FD05B093
:10C950005DF804FB581200204D01060070B53948FF
:10C96000384C86B030F062FD10F4804F40D0204645
:10C9700030F05CFD03063BD4204630F057FD460501
:10C9800036D505A9A4F11000FFF7BEFD80BBA4F1C8
:10C990001000FFF7ADFD0246204630F047FDC0F322
:10C9A0008031204630F042FD81F0010145054FEA1B
:10C9B0004101244848BF41F0010130F037FD8004B7
:10C9C00048BF41F0040120480DF11303FFF72CFC90
:10C9D000054678B11D490B685A0709D01C4B0293D4
:10C9E00000230390CDE900330122184630F033FDD7
:10C9F00006B070BD1448012130F0EAFD059E28B94B
:10CA0000304606B0BDE8704000F086BD294630468D
:10CA100000F0ACFD6FF480410A4830F00DFD054692
:10CA2000304600F079FD6B04E2D5BFF35B8F54E82C
:10CA3000003F43F4804344E80032002AF7D1BFF3BB
:10CA40005B8FD5E798010020880100205812002054
:10CA50006C01060070B59EB04E4B07931422002166
:10CA600008A828F0A3FC44F201030DA80D9330F0B0
:10CA7000D9FD0D9B099305A9474B0A9307A823F0FD
:10CA8000A9FE044650B145490B685E071CD0444BD3
:10CA9000039002930023CDE9003311E0059806AB23
:10CAA00041220DA938F074F9002830D03B490B68B9
:10CAB0005D0709D03B4B0390CDE901430094234629
:10CAC0000122184630F0BBFD1F25374BBFF35B8FAB
:10CAD00053E8001F21F0010143E80012002AF7D1BA
:10CAE000BFF35B8F314E27F003FB3468002C4AD034
:10CAF000002DA4F104042E4D18BF002523680BB1AE
:10CB0000284698476468002C3DD0043CF6E7294A43
:10CB10000DF135030DF1750153F8040B42F8040BC8
:10CB20008B42F9D12449059806AB202238F0C2F88F
:10CB3000044630B119490B685A07C5D01F4B039002
:10CB4000A7E7059838F052F8054630B113490B684D
:10CB50005B07B9D01A4B0390AEE71649144830F082
:10CB60007DFD1848203130F079FDBFF35B8F164B07
:10CB700053E8001F41F0100143E80012002AF7D1EA
:10CB8000BFF35B8FA1E70023C6E9003327F0C4FAA7
:10CB90001EB070BD12710001000002098412002055
:10CBA000A9010600C7010600D0350020D8350020B5
:10CBB000E9700020A970002089700020EA010600B9
:10CBC0000E020600097100204402002030B5A7B013
:10CBD00004233D22002116A8159328F0E7FB3D4BC6
:10CBE00007931422002108A828F0E0FB44F2010377
:10CBF0000DA80D9330F016FD0D9B0993364B0A934B
:10CC0000364905AB202207A838F0EFF850B3344975
:10CC10000B685C0709D0334B039002930023CDE9E6
:10CC200000330122184630F00AFD6FF0040527F0AA
:10CC30005FFA2D4B1C688CB1002018602B4BBFF3A2
:10CC40005B8F53E8001F21F0020143E80012002A25
:10CC5000F7D1BFF35B8F002D35D0A04727F05CFAEA
:10CC600027B030BD224B0DF1550203F140001946AB
:10CC700053F8044B42F8044B8342F9D106AB0293BC
:10CC80002023CDE9001314480599412315AA38F053
:10CC90004FFC044630B112490B685A07C5D0154BFA
:10CCA0000390BAE7059837F0A1FF05460028BED0EB
:10CCB0000B490B685B07B8D00F4B0390CDE90143DC
:10CCC00000942346ADE70DA8094930F0C7FC0DA834
:10CCD000C3E700BF12710001000002098970002043
:10CCE000841200202E020600D4350020D03500200A
:10CCF000A9700020640206008002060008B50449FD
:10CD0000402228F0A3FAB0FA80F0400908BD00BF25
:10CD10000403060010B59CB0142204461F4B059373
:10CD2000002106A828F042FB4FF480430BA80B9388
:10CD300030F078FC0B9B0793194B08932146042392
:10CD40000DF12D008DF82C3030F088FC04F120011D
:10CD50000DF14D0030F082FC04AB41220BA905A877
:10CD600038F043F8044605A838F04AFD2CB9049879
:10CD700037F03CFF01201CB010BD0A490B685B076F
:10CD800001D10020F7E7084B02930023CDE90033DF
:10CD900003940122184630F052FCF2E712410001E0
:10CDA00000000209841200209D0206001FB5002821
:10CDB0005AD02F4A1368B3B1043B834211D12D4995
:10CDC0000B6813F0060F08D02B4B02930023CDE91C
:10CDD00000330222184630F032FC6FF0770004B0C6
:10CDE00010BD5B68E7E7254BBFF35B8F1968BFF3A6
:10CDF0005B8F890710D51F490B6813F0060F08D009
:10CE00001F4B02930023CDE900330222184630F075
:10CE100016FC6FF00F00E2E714684460011D5068D3
:10CE2000116000B95160BFF35B8F53E8002F42F0EF
:10CE3000010143E800100028F7D1BFF35B8FD3074F
:10CE400001D50020CBE70F4BBFF35B8F53E8001FEA
:10CE500021F0100143E80012002AF7D1BFF35B8FE5
:10CE60000948FDF783F9ECE76FF01500B7E700BF5D
:10CE7000D835002084120020C1020600D0350020E1
:10CE8000DD02060044020020500C0020054BBFF3D9
:10CE90005B8F1B680448BFF35B8F13F0100F08BF54
:10CEA0000020704744020020E970002070B505465C
:10CEB0001E4803688B4232D0BFF35B8F1C4B1B684C
:10CEC000BFF35B8FDA062DD5036813B16FF00F0047
:10CED00070BD184ABFF35B8F1368BFF35B8FDB072E
:10CEE000F4D4BFF35B8F52E8003F43F0020442E802
:10CEF0000046002EF7D1BFF35B8F13F00204E5D19B
:10CF000001600D48294630F0A9FB0C4805F12001CD
:10CF100030F0A4FB0A48FDF729F92046D8E76FF066
:10CF20007700D5E76FF07C00D2E700BFD435002052
:10CF300044020020D0350020A9700020C9700020D4
:10CF4000400C002070B50C4B1C68054644B154F8E9
:10CF50001C3C1C3C13B1297B28469847E469F5E743
:10CF6000064C074EB44200D370BD236813B1297B31
:10CF7000284698472034F5E714360020887B0500C2
:10CF8000A87B050010B50446FAF7D4FA044901EB72
:10CF9000001120462FF0C5FFBDE81040FEF7A0B8F5
:10CFA000E035002070B5D1E9015600220446C1E900
:10CFB0000122064839F073FF3DB1314620462B4629
:10CFC0006FF06D02BDE87040184770BDD0140020AE
:10CFD00070B5002205460E46094800230021FAF7E5
:10CFE000CBFA044658B1FAF7A5FA064B324603EBE2
:10CFF000001329462046BDE870402FF06DBF70BD7C
:10D0000084150020E035002070B5437B072B86B0E7
:10D01000044668D1051D4FF48061284630F048FB76
:10D02000410560D4284630F03DFBC203C0F3004503
:10D0300044D52E4E96F8D930DB0719D500250223AA
:10D0400000951A462946204630F07BF868B12849F9
:10D050000B685A0709D0274B0390CDE9015300957F
:10D060002B460122284630F049FB637B072B3AD13F
:10D0700096F8D830990636D52FF0D6FF002832D052
:10D080000DF1160105A8FEF7DFFA054658BBBDF8FD
:10D090001620BDF81410204630F035F818B31449A6
:10D0A0000B685B071FD0144B0390CDE9015300952B
:10D0B0002B460122284630F021FB14E0204630F0B8
:10D0C00008F868B10A490B685E0709D00B4B03905A
:10D0D000CDE9015300952B460122284630F00EFB86
:10D0E000637B072BA5D006B070BD00BF7001002088
:10D0F000641200206C030600830306004B03060045
:10D1000070B505460F480022002326F02FFAB8B963
:10D110000D4B1C6834B154F8143C1C3C03B19847C7
:10D12000E469F7E7094C0A4EB44204D32846BDE847
:10D13000704026F0F5BBA36803B198472034F3E7AD
:10D1400070BD00BFB814002014360020887B050095
:10D15000A87B05002DE9F843DFF85480044620271A
:10D160000025EFF3118387F31288BFF36F8FE16916
:10D1700029B983F31188BFF36F8FBDE8F883206A64
:10D180000A68E261814208BF226283F31188BFF31B
:10D190006F8FD1E901694046C1E9015539F07FFE41
:10D1A0001EB1002249462046B047FDF799FFD8E757
:10D1B000D01400200448B0F80431002B00F584702E
:10D1C00008BF0020704700BF7001002030B5044642
:10D1D0008BB00D4627F0A2F80A4B834205D12046BA
:10D1E0000BB0BDE83040FFF7B5BF243421461846E8
:10D1F00039F00DFF1DB16946204639F018FF0BB01C
:10D2000030BD00BF002B002038B5002204468A4202
:10D2100002D10024204638BD04F1C8030120BFF329
:10D220005B8F53E8005F002D04D143E8000CBCF194
:10D23000000FF6D1BFF35B8F02D0D0340244E6E793
:10D24000002CE6D0C8220021204628F0AFF804F1D7
:10D250004000044939F00CFF034904F1240039F07F
:10D26000BAFED7E735DE01001BD70400F0B50D4646
:10D2700087B0012116460446FFF7A8FF0021284683
:10D280002FF0D4FE012E23D0022E5DD123697BB175
:10D290004A490B68580708D0494B02930023CDE94F
:10D2A00000330122184630F029FA204630F053FAB4
:10D2B00028462FF037F920612269138A012B52D8B2
:10D2C00020882FF0B5FE012128462FF0AFFE10E098
:10D2D0002369A3B939490A68520707D0394A00932C
:10D2E000CDE901321846324630F008FA204630F0D7
:10D2F00032FA284607B0BDE8F040FAF7BBB92F8AEA
:10D30000002FF6D003F10C002FF08EF9874214D9CC
:10D310002A490B685F0708D02B4B02930023CDE905
:10D3200000333246184630F0E9F9216900222046E0
:10D3300001F01CF800232361DBE720692A8AE968F1
:10D340000C302FF032F9B7E71C490B685807CDD0E5
:10D350001E4B02930023CDE90033039601221846A9
:10D3600030F0CCF9C2E7D26816880436B6B2B342C0
:10D37000A6D32846FAF77EF921690B8A9E4214D279
:10D380000E490A6852070AD0CDE90336104B0293C2
:10D390000023CDE900330122184630F0AFF92046D2
:10D3A00007B0BDE8F04030F0D6B900230122204696
:10D3B000236107B0BDE8F04000F0D8BF6412002040
:10D3C0009F030600BC030600DA0306000104060002
:10D3D0001F04060038B50121044600F1BC03BFF369
:10D3E0005B8F53E8002F43E80015002DF9D1BFF300
:10D3F0005B8F52B930F0B8F926F07AFE054804F197
:10D40000B80130F035F926F087FEBDE83840FDF769
:10D4100067BE00BF9402002070B53C4B5A8B32B1FE
:10D420003B4DD5F8244134B90024204670BD1B681B
:10D43000002BF5D1F8E754F8B83903B1B83B3549BA
:10D44000002601E01C461346B5F80421002A5AD0F4
:10D45000D5F810214AB904F1B806002BE4D0D3F86E
:10D46000B820002AEED0B83AECE70A68002AF2D0D9
:10D47000D4F8A420002AEED0D4F8A820002AEAD0BC
:10D48000D4F8AC20002AE6D0637B072B0DD12046D0
:10D49000904750B104F1C00030F004F9022804DCD8
:10D4A0002046BDE8704030F05FB9D4F8B83004F1E0
:10D4B000B80206BBD5F82811C5F824318A4201D13B
:10D4C000C5F828310022C4F8B82004F1BC03BFF32A
:10D4D0005B8F53E8001F43E800200028F9D1BFF319
:10D4E0005B8F2046D4F8AC30984700289DD020466A
:10D4F000FFF770FF99E73360D5F828319A4208BFEB
:10D50000C5F82861DEE79368FFDE00BF84150020C0
:10D5100070010020D014002037B5C83010F8C65C68
:10D5200010F8C54CBFF35B8F50E8003F5A1E40E82F
:10D5300000210029F8D1BFF35B8F01A8019330F0DF
:10D54000B1F801280BD1074825F0D6FF064826F090
:10D55000E7F9012D03D1012C01D1FFF7FFF903B049
:10D5600030BD00BFB8140020700C00207FB5467B92
:10D570008E4204460D4617D16A4B1B6813F0060F06
:10D5800010D0082E96BF684B684B53F82630039393
:10D59000674B02930023CDE900336249022218460B
:10D5A00030F0ACF804B070BD417326B98378082B15
:10D5B00001D030F0D9F8637B082B00F2AA8001A2D9
:10D5C00052F823F023D60100B7D60100A5D50100FB
:10D5D000A5D50100A5D50100A5D50100A5D501005F
:10D5E000E9D50100A5D50100A378042BDAD0514874
:10D5F000002127F095FA0023C4E90D33E378012BCD
:10D60000D0D1A378012B04BF032384F894304FF4C6
:10D610002032002304F1400004B0BDE8704026F041
:10D62000EDB9A378042B05D1204604B0BDE87040C5
:10D63000FFF772BF082EB5D801A353F826F000BF3C
:10D640009BD6010065D601008DD6010029D60100C8
:10D6500029D6010029D601008DD601009BD60100F4
:10D660009BD6010004F14005284639F00DFD01214B
:10D670002046FFF7ABFD204630F06DF80022002376
:10D68000284604B0BDE8704026F0ECB9237B002B9F
:10D69000CAD02046FFF756FCC6E722490B6813F0B4
:10D6A000060F3FF47FAF244B039502930023CDE98F
:10D6B0000033022273E7237B3E2B0ED119490B68FE
:10D6C00013F0060F09D01D4B02930023CDE9003360
:10D6D00003940222184630F011F8194D05F58476AE
:10D6E000616921B904B0BDE87040FDF7F9BCA269D9
:10D6F0000B686361914208BFA3612046FFF752FCAB
:10D70000B5F80431002B14BF3046002025F0F4FE9C
:10D71000E6E704490B6813F0060F3FF443AF094BEB
:10D720000395C2E7641200204C8C05003A04060001
:10D7300044040600800C0020550406006C0406001A
:10D7400070010020930406007FB5024606460C4691
:10D750000F48012130F023F8054618B90025284666
:10D7600004B070BD83782340F9D10A490A6812F0E9
:10D77000060F08D0084A0396CDE901320093022231
:10D7800018462FF0BBFF2846FFF7C6FEE6E700BFAE
:10D79000C820002064120020AF040600F8B5074638
:10D7A00009480D4616462FF0DFFF044650B1837836
:10D7B0001F4203D1BDE8F840FFF7AEBE3146A8478F
:10D7C0002046F7E7F8BD00BFC8200020024900222C
:10D7D0000120FFF7E3BF00BF09D00100034BC01ACF
:10D7E000034B00115843C0B2704700BFC82000204F
:10D7F000C54EECC42DE9FF411C46144305460E46B8
:10D800001746984612D026F089FD1A4B83420FD155
:10D8100019490B6813F0060F08D0184B0293002328
:10D82000CDE90033022218462FF068FF0027B846E2
:10D8300013493A464346002D14BF284608462EF0A9
:10D8400042FE044680B90C490B6813F0060F07D05E
:10D850000C4B0090CDE90103022203462FF04EFF4E
:10D86000204604B0BDE8F081711D0C302EF08CFE16
:10D87000F6E700BF002B002064120020C60406005B
:10D8800000150020EF04060010B50446054826F0F8
:10D8900047F8204600F0ACFB2046BDE81040FFF7FB
:10D8A00051BB00BF600C00202DE9F04F8BB000256C
:10D8B00007950995FFF7B0FD0446E8B1437B072BB8
:10D8C00023D07F490B6813F0060F09D07D4B0390DE
:10D8D000CDE9015300952B46022228462FF00EFF7A
:10D8E0004FF0FF31D4F8A43008AA204698470146EB
:10D8F00028B92046FFF710FE0BB0BDE8F08F099B5A
:10D90000079A20462FF0E3FEEAE7DFF8BC91D0F853
:10D91000A430B9F8041108AA984705460028E8D0B1
:10D92000B9F80421089B9A4206D30146D4F8A860AE
:10D9300009AB07AA2046B0472B8A099EDDE9078B71
:10D94000002B00F0B98028462FF001FB8246D8B1A9
:10D950006FF004035A490A6852070AD0CDE903342C
:10D960005A4B02930023CDE90033012218462FF0D1
:10D97000C5FE29462046099B079A2FF0A8FE1321D1
:10D9800020462FF02EFFB4E7B9F804315048002BA1
:10D9900008BF00200022002325F0E8FD10B16FF041
:10D9A0000B03D7E74B480022002325F073FD074601
:10D9B0000028F4D0C0E90186B9F804612B8AB34588
:10D9C00098BF1FFA8BF6B34243D928462EF0AAFD22
:10D9D0003146FFF7FDFAB9F8043194F8C4809B454D
:10D9E0008CBF4FF0010A08F1020884F8C4A0064673
:10D9F00098BF5FFA88F804F1C00ABFF35B8F5AE85A
:10DA0000003F01334AE80032002AF8D1BFF35B8FB0
:10DA100004F1140B394658462FF02AFEA378012B47
:10DA20001AD1042106F10C002EF0D0FD238808F055
:10DA3000FD0843EA08330380338A043B4380042310
:10DA400033763046FDF71EFA804638B9FDF748FBBD
:10DA50004FE731462846BCE76FF01508BFF35B8FF0
:10DA60005AE8003F013B4AE80032002AF8D1BFF3F0
:10DA70005B8F394658462FF053FE11490B68580703
:10DA80000AD0154B02930023CDE90033CDF80C806A
:10DA9000012218462FF032FE3046F9F7EBFD204602
:10DAA0003946FFF77FFAB9F804310948002B08BF5F
:10DAB000002025F021FD4BE76FF079034AE700BF16
:10DAC0006412002018050600700100202F050600D2
:10DAD00078020020D014002024FA0500F8B5031DB8
:10DAE000044618462FF0DEFD820419D5B4F88620CE
:10DAF000B4F88810914213D8B4F88A1091420FD329
:10DB0000D4E9231291420BD1BFF35B8F53E8001F7E
:10DB100021F4005143E80012002AF7D1BFF35B8FD4
:10DB2000104B1D686DB155F80C6C1C3D3EB1B4F83E
:10DB30008E30B4F88C20B4F886102046B047ED69DA
:10DB4000F0E7094D094FBD4200D3F8BD2E693EB143
:10DB5000B4F88E30B4F88C20B4F886102046B04764
:10DB60002035F0E714360020887B0500A87B0500EF
:10DB70002DE9F041074608460D462FF05AFA0646B1
:10DB800018B900263046BDE8F081144B1C6884B1FA
:10DB900054F8103C1C3C0BB9E469F8E729463846B8
:10DBA00098470028EDD028462FF043FA0028F3D1FB
:10DBB000E7E70B4CDFF82C804445E3D2E3680BB970
:10DBC0002034F9E72946384698470028D9D0284616
:10DBD0002FF02FFA0028F3D1D3E700BF143600202E
:10DBE000887B0500A87B05002DE9F041C378044639
:10DBF0008BB900F17E06114B1D687DB11C3D04F10F
:10DC000070076B691BB13A46314620469847ED696B
:10DC100025B11C3DF5E700F17706ECE7084D094F0B
:10DC200004F17008BD4201D3BDE8F0816B691BB1FE
:10DC300042463146204698472035F3E71436002007
:10DC4000887B0500A87B0500F8B5437A83720546FA
:10DC500016462FF045FF0D4B1C684CB154F8043CA0
:10DC60001C3C1BB1697A324628469847E469F4E7C0
:10DC7000074C084FBC4200D3F8BDA3691BB1697AB9
:10DC80003246284698472034F4E700BF1436002077
:10DC9000887B0500A87B050038B505460C460F4873
:10DCA0000121FFF7B1FAC0B1057223680367A388A9
:10DCB000A0F87430A37980F8763001234372837220
:10DCC0008370074BC0F8A430064BC0F8A830064B51
:10DCD000C0F8AC30054BC0F8883038BDC8200020F3
:10DCE00089E1010091D6040085D6040018002800BF
:10DCF00070B505460A480E462FF036FD044620B1A1
:10DD00008378012B04D0FFF707FC0024204670BD68
:10DD1000324629462FF09CFD0028F7D12046F2E735
:10DD2000C820002030B587B00D46FFF7E1FF04465C
:10DD3000F8B1114B1B6813F0060F16D02846FCF7FC
:10DD4000AFF9637B0C490394082B96BF0B4A0C4B2D
:10DD500052F82330CDE904030A4B02930023CDE9A6
:10DD60000033022218462FF0C9FC2046FFF7D4FBEF
:10DD7000012007B030BD00BF641200204C8C0500AC
:10DD80003A04060052050600F8B505460E480E4650
:10DD900017462FF0E9FC044620B18378012B03D00D
:10DDA000FFF7BAFB00240DE036B1324629462FF0CA
:10DDB0004FFD08B92046F3E7637BBB42FAD1237AD3
:10DDC000AB42F7D12046F8BDC820002038B5044644
:10DDD00008460D462FF02DF938B3154B93F8D8307F
:10DDE000990707D4E37873B129462046BDE8384047
:10DDF00000F0FCBA94F895309A07F3D5201D2FF067
:10DE000051FC4304EED4294620462FF090FD58B92A
:10DE10002B88A4F888306B88A4F88A30AB88A4F8E3
:10DE20009030EB88A4F8923038BD6FF01500FBE716
:10DE300070010020F0B510F8333C87B00446A0F123
:10DE400040070BBB38462FF033FE3F4B1D684DB1EA
:10DE500055F8183C1C3D1BB114F8341C3846984743
:10DE6000ED69F4E7394D3A4EB54205D3384607B06F
:10DE7000BDE8F040FFF750BB6B681BB114F8341CD1
:10DE8000384698472035EFE710F83E3C012B59D132
:10DE9000BFF35B8FA0F13C0555E8006F26F40053FB
:10DEA00045E80032002AF7D1BFF35B8F16F4005625
:10DEB0002CD0A36C049304A9236D05933846FFF777
:10DEC00085FF98B9BFF35B8F55E8003F23F480537B
:10DED00045E80032002AF7D1BFF35B8F4FF40061B1
:10DEE000284607B0BDE8F0402FF0E2BB19490B68A7
:10DEF00013F0060FF2D0184B02930023CDE9003344
:10DF00000390022218462FF0F9FBE7E7134A106846
:10DF1000516804AB03C304A93846FFF757FF28B97B
:10DF20004FF4805128462FF0C3FBD7E709490B680F
:10DF300013F0060FD2D00A4B0390CDE9016300968F
:10DF40003346DEE707B0F0BD14360020887B0500BD
:10DF5000A87B0500641200208B05060030800500B8
:10DF6000B005060010B50C4838F05AFF0B490A48B6
:10DF700038F095FF0A49084838F091FF09490648EA
:10DF800038F08DFF30F094F904F092F8044608B9A7
:10DF90002FF0F5FD204610BDD0140020F0350020F4
:10DFA000FC350020083600201FB50D4A03461068D6
:10DFB00028B90C4B53600A6005B05DF804FB0A49B0
:10DFC0000A68520709D00393084B02930023CDE956
:10DFD0000033012218462FF0D3FC6FF00B00EBE763
:10DFE00028360020908C0500981200206306060059
:10DFF000F7B5274D274F04460026BD4201D303B095
:10E00000F0BD6B6801A92046984700283BDB019BC7
:10E010002A889A829A8403F11002A868BFF35B8F62
:10E0200052E8001F42E8006CBCF1000FF8D1BFF3CA
:10E030005B8FC3E913669E649E60A16B03F10802C7
:10E0400019BBC4E90D221C60D86003F1300038F020
:10E05000E7FE019843681B6803B19847019BBFF333
:10E060005B8F103353E8001F41F0010143E80012B9
:10E07000002AF7D1BFF35B8F01984368DB6913B1C6
:10E0800000F1100198470C35B7E70A60A263DAE7A0
:10E09000647B0500887B05002DE9F0411D4652EAAE
:10E0A000050306460F46144609D10024254622469C
:10E0B0002B46391D3046BDE8F041FFF79BBB26F0EB
:10E0C0002DF9024B8342F2D1EFE700BF002B002075
:10E0D000F0B50F46002185B00546164600234FF4E3
:10E0E00080320846FFF7D8FF044678B90B490B6821
:10E0F0005B0708D00A4B0395CDE901030090034666
:10E1000001222FF03DFC204605B0F0BD04210C306B
:10E110002EF045FA057047704680F4E7981200200B
:10E120008A06060030B50546006885B028B3407BF6
:10E13000072822D1087A012811D011490B685B0702
:10E1400009D0104B029300230390CDE90033012244
:10E1500018462FF015FC6FF0150005B030BDC87AD9
:10E160000728F8D98A61CB6105F1300038F097FEB5
:10E1700028462FF015FC0020EFE76FF07F00ECE75A
:10E1800098120020B20606002DE9F043D0F8B04006
:10E1900085B00E4690464CB1483C236B6BB104F100
:10E1A0003009484638F090FE054658B9FCF798FF0C
:10E1B0000025284605B0BDE8F08320462FF010FC6E
:10E1C000A46CE8E72EF0C3FE70B129490B685B0729
:10E1D000EED0284B02930023CDE9003303950122B2
:10E1E00018462FF0CDFBE3E7236D9BB9A38C2F8A54
:10E1F000403B9BB23F2B03D8238D9F4228BF1F4635
:10E20000042105F10C002EF0E1F90780A38C438076
:10E2100004372765236D2A8A9E420ED3934215D078
:10E22000A38C403B9BB23F2B1ED920462FF0D8FB3E
:10E23000236B13B120462FF0B3FB236DC8F80030D9
:10E240009E4234BF9E1B00262665B2E700220023B3
:10E25000484625F01FF9A38CA3F140023F2AE4D8D9
:10E26000054AAA61EB61E0E700221346F9E700BF27
:10E2700098120020CA0606002FDB040070B50B8A36
:10E28000032B86B006460D4607D832490B685C075B
:10E290001CD0314B0293002323E0042105F10C0034
:10E2A0002EF0A4F92B8A42889A42044611D02949BB
:10E2B000086840070AD0CDE90332284B02930023B7
:10E2C000CDE90033012218462FF05AFB002006B09A
:10E2D00070BD437863B91F490A685207F6D0204AD7
:10E2E0000292CDE90033012218462FF049FBEDE7F9
:10E2F0000378012BEAD0132B07D1012AE6D8154960
:10E300000B685B07E2D0174BC4E712490A6812F0AA
:10E31000060F09D00393144B02930023CDE9003379
:10E32000022218462FF02CFB61783568022201206A
:10E33000FFF7CEFE04460028C8D002210C302EF094
:10E340002EF9002303704370214628462FF0FCFB72
:10E35000BCE700BF98120020E20606000007060096
:10E3600021070600420706005E07060030B50B8A4B
:10E37000032B85B005460C4612D819490B685B077C
:10E3800008D0184B02930023CDE900330122184630
:10E390002FF0F6FA204605B0BDE83040F9F76AB92B
:10E3A000042104F10C002EF021F942882846114680
:10E3B0002FF0DBFB034668B909490D6815F0060F1D
:10E3C000E8D00392084A0090CDE9010202222FF022
:10E3D000D7FADFE7436821465B699847DAE700BF71
:10E3E0009812002086070600A307060070B5124B9E
:10E3F0000C4619780131C9B2012938BF01210546FF
:10E40000082212201970FFF763FE064688B1082122
:10E410000C302EF0C4F82288028062884280A288E4
:10E420008280E288C28031462846BDE870402FF0E5
:10E430008BBB6FF00B0070BD2971002023281FD803
:10E440001A2804D8431E182B0ED906207047A0F1B5
:10E450001B03082B1ED8DFE803F0051D1B231D1925
:10E46000251D0500032070470F4A012383401A40F1
:10E47000C2B90E4A1A40002A14BF01200620704774
:10E4800000F07F03522B05D1002070470120704718
:10E490000520704710F0400F0CBF06200020704789
:10E4A0000420704702207047AAAA8A0254554501E9
:10E4B000011F014838F0CABB6C1300202DE9F04F52
:10E4C00093B0166880460F46002542F601030068A7
:10E4D000D6F804908DF834500DA91446ADF83630B6
:10E4E0002EF077FC00287AD04FF42053D8F80000A3
:10E4F0008DF834500DA9ADF836302EF06AFC38B1E5
:10E50000A3681BB15A88BA4200D25F8001200EE096
:10E51000616808462FF03EFB728D738B9A4294BF60
:10E52000C0EB0200C0EB0300032803D8002013B0A7
:10E53000BDE8F08F08462DF0F9FF054660682FF022
:10E5400029FB728B738D05F10C0B9A4294BFC0EBC3
:10E55000020AC0EB030A58462EF066F8824541D203
:10E5600060682FF017FB728D738B9A4294BFC0EBDB
:10E570000200C0EB030070B96368987AF8F7D2FF25
:10E58000002200232DF09FFF05460028CED0014633
:10E5900060682DF0DCFF002300931023D8F804609E
:10E5A0000DEB030241464846B047061E17DB227CAE
:10E5B000E068B2423AD001460DA82EF038FC03467E
:10E5C000A0B91C490A6812F0060F08D0227C0392F9
:10E5D000194A0093CDE9013202222FF0D0FB00232B
:10E5E000A36093E758462EF01FF8C4E7F2B204A9DF
:10E5F00008A82EF01CFC034638B90E490A6812F030
:10E60000060FECD00D4A0396E3E708A90DA82EF0FB
:10E61000E0FB0028E3D100236374042105F10C0022
:10E620002DF0BDFFA0600780A3686EE704A926F067
:10E630000DFEEEE75C120020DF070600FE07060075
:10E6400010B500F154030446BFF35B8F53E8001F7D
:10E6500041F0010143E80012002AF7D1BFF35B8FBC
:10E66000201F2FF049FB04F17400044938F000FD2D
:10E670002068BDE8104002F079B900BFC5F601007E
:10E6800070B503788AB004460E4607AD032B20D838
:10E69000DFE803F002191B1D1149284626F0C2FFCE
:10E6A000059563780493A3780393E3780293237921
:10E6B000019363790093A3790A4A1E2130462BF017
:10E6C00074FF0AB070BD0849E7E70849E5E7084963
:10E6D000E3E7084A0A2128462BF067FFE0E700BF7E
:10E6E000DEF4050000F50500E5F40500ECF4050096
:10E6F000F6F405002C1106002DE9FF4105460E46F3
:10E700004FF000084FF42053006817688DF8088018
:10E7100002A91446ADF80A302EF05BFBA0B142F618
:10E72000010328688DF80C8003A9ADF80E302EF097
:10E7300050FB48B123691BB15A88B24200D25E80B7
:10E74000012004B0BDE8F081616828682EF041FB2B
:10E7500010B100232361F3E7E368A0681A786AB177
:10E76000B7F82AC0798B038A8C4594BFC3EB0C039E
:10E77000C3EB0103934201DA0020E2E704210C30ED
:10E780002DF00DFF2061068023695E80074B00930A
:10E790000194A2680023294638462FF0FFFA00288A
:10E7A000EADB2069003818BF0120CAE75FDD0400FA
:10E7B000F0B587B004460F4638480022002304A96C
:10E7C00024F0AEFC054690B135490B685B0709D0D3
:10E7D000344B02930023CDE9003303940122184601
:10E7E0002FF0CDFA6FF00B06304607B0F0BD25F0E4
:10E7F00095FD049E2C4B282218602946301D26F0DA
:10E80000D5FD3460049C29480595C4E90155C4E947
:10E8100009550022002305A924F082FC064668B1B0
:10E820001F490B6813F0060FDCD023680393204BBD
:10E830000095CDE9015302222B46D0E7059B014606
:10E84000B022184626F0B2FD1A4A8260603038F0D5
:10E85000E7FA059BBFF35B8F583353E8002F43E87B
:10E8600000610029F9D1BFF35B8F059B1C60636ACF
:10E87000059D1BB904F10C0038F0D2FA626AC5F8A4
:10E88000A820A26A05F1A803636202B9A362059BEE
:10E8900017225A855A8304333B60A5E750130020A2
:10E8A0005C1200201D080600C43600206C130020F6
:10E8B00042080600900C00202DE9F7431768054632
:10E8C0008846006851687E6814462EF082FA8146B8
:10E8D000002842D13046952229462FF0CBFF06462C
:10E8E000207540B1E3681B780BB184F814900020C8
:10E8F00003B0BDE8F083A0682DF018FE02210C30B3
:10E900002DF04DFE164B2061A0F80080009301947D
:10E91000A2683346294638462FF040FA002807DA25
:10E9200010F1FF0F26BF4042C0B20E202075DEE777
:10E930002369002BDBD0A0682FF02CF97B8D7A8B1C
:10E940009A4294BFC0EB0200C0EB0300E3681B785F
:10E95000984294BF00200120CAE70120C8E700BF09
:10E96000A5DB040070B50D46438B418D8B4202F14F
:10E97000010228BF0B469A4286B0064613D92749A2
:10E98000086810F0060F0AD0CDE90332244B029339
:10E990000023CDE90033022218462FF0F0F90024BD
:10E9A000204606B070BD2846FFF748FD02280ED06D
:10E9B00004280CD025F0B2FC1A4B98421ED01A4BFA
:10E9C0001B681A1A18BF4FF0FF32134602E04FF4CB
:10E9D0007022002315480021FFF75EFB044678B93A
:10E9E0000E490B685B07DAD0114B0395CDE90103A3
:10E9F0000090034601222FF0C2F9D0E70022E4E79D
:10EA0000F8F798FD0B4B182202FB0033012104F1AB
:10EA10000C009E602DF0C3FD0570C1E75C12002064
:10EA200067080600002B0020C43600202C150020AB
:10EA30008A0606007C3600202DE9F04F074685B097
:10EA400008460C46F8F776FDDFF8F08018224243BE
:10EA500008EB02010646D1F80890E068BFF35B8F2F
:10EA6000BB6DBFF35B8F13F0010311D134490A680A
:10EA7000500707D0334A0093CDE9013218460122EE
:10EA80002FF07DF96FF01505284605B0BDE8F08F31
:10EA9000E3684FF0000A1B7848F802A00B71037876
:10EAA000D22B18D13B682146186830F0E6F80546AD
:10EAB00088B123490B685A0709D0234BCDF800A031
:10EAC000CDE901A30122534650462FF058F92046C4
:10EAD000F8F7D0FDD8E704F10C002DF0A1FD1823C4
:10EAE00003FB0683B4F810B09F60002382461A46E9
:10EAF0002146381DFFF716FB05460028C4D010F14B
:10EB0000690F0CD10E490B685B0708D00F4B0293BD
:10EB10000023CDE90033012218462FF030F9636954
:10EB2000A4F810B013FA8AF3E36018235E4308EBED
:10EB3000060348F80650C3F80890A5E77C36002085
:10EB40005C1200208C080600A6080600B908060022
:10EB50002DE9F04F85B00546F8F7ECFC474918223F
:10EB600002FB00F3C81851F803800779B0F806904B
:10EB7000D0F810A00021D0E9024626F017FCA87AB0
:10EB8000F8F7D0FC6969834649B16B7ADB0704D496
:10EB9000436A1B6828469B68984700236B61294697
:10EBA000584638F087F9B7B1ACB123689BB11B6800
:10EBB0008BB1B8F1000F11D031490B6858070AD05A
:10EBC000304B02930023CDE90033CDF80C800122B5
:10EBD00018462FF0D4F805B0BDE8F08F201D2FF0B7
:10EBE000A3FA3846FFF72AFC0528F4D801A353F806
:10EBF00020F000BF53EC01000DEC0100D7EB010049
:10EC000053EC0100D7EB01000DEC0100BFF35B8F6B
:10EC1000A36DBFF35B8FD9070ED4194B1B685A073E
:10EC2000D9D0194B02930023CDE9003314490122B6
:10EC300018462FF0A4F8CEE7E36D002BCBD04FF4AD
:10EC40007022002304F1780005B0BDE8F04F24F0F5
:10EC500009BF23681D68BFF35B8FA36DBFF35B8F94
:10EC6000DB07DAD5002EB6D0002403E05146284653
:10EC7000B0470134A3B29945F8D8ACE77C36002000
:10EC80005C120020DC0806008C080600F0B50B8A38
:10EC9000076887B004460D4673B937490A685007BC
:10ECA00007D0364A0093CDE90132184601222FF0F1
:10ECB00066F8002007B0F0BD012105F10C002DF031
:10ECC00095FC7B7B072B0646F3D154F8043C002BC4
:10ECD000EFD000782A49043C002311F833708742B2
:10ECE00001EBC3020ED12B8A5178977899422BD829
:10ECF0005368294620469847012F0346D9D100285A
:10ED0000D7D028E001330E2BE7D11B490B6813F055
:10ED1000060F09D01B4B029300230390CDE900336B
:10ED2000022218462FF02BF831780846FFF786FBB1
:10ED30000028BED00528BCD00029BAD00623002266
:10ED400020462FF035FAB4E70B490A68520706D17E
:10ED5000012FAED1042331780029AAD0EFE7CDE905
:10ED60000330094B02930023CDE9003301221846FA
:10ED70002FF005F8ECE700BF5C120020FB0806004E
:10ED8000B88C05001609060030090600F0B51E46CD
:10ED900003680D46003987B0044618BF0121186882
:10EDA00017462FF0A2FD40B904F158002FF0B8F833
:10EDB000002844D0002007B0F0BD002E41D018221A
:10EDC0000021684626F0F2FA47BB23681E4A1B68FA
:10EDD00000930023ADF812300C9B0393BDF8343040
:10EDE000ADF8103001238DF8143031466B463046B3
:10EDF0008DF808502EF019FF9DF81430C3B1002F84
:10EE0000D8D00198F8F736FC9DF81430002DD1D0F9
:10EE10003246294620462FF0CBF9CBE7002239466F
:10EE20002046FFF79FFD01900028CED11120C2E7B8
:10EE300001990029BED020462FF0ACF9BAE7122084
:10EE4000B9E70120B7E700BFC9DB04001FB5437B6A
:10EE5000072B0CD01B490B6813F0060F17D01A4B69
:10EE600002930023CDE90033022218460DE004216D
:10EE70002EF07BFE034670B912490A68520706D08D
:10EE8000124A0090CDE9010201222EF078FF002005
:10EE900005B05DF804FBBFF35B8F426DBFF35B8F82
:10EEA00012F001020AD107490B685B07EFD0084B4B
:10EEB0000092CDE9012313460122D6E750F8040C55
:10EEC000E6E700BF5C1200204F0906005D0906005E
:10EED0008C0806007FB50D461446FFF7B7FFF0B16A
:10EEE000406A60B150F8A83903B1A83B611C428B5D
:10EEF000468DB24228BF3246914213D9CBB9104950
:10EF00000B6813F0060F0AD00E4B02930134002356
:10EF1000CDE900330394022218462EF030FF002082
:10EF200004B070BD2246294604B0BDE87040FFF72A
:10EF300019BDD3F8A82002B1A83A18461346D6E75F
:10EF40005C12002078090600F0B54FF4702285B0FD
:10EF50000746002314480D462DF0B5FA044678B94B
:10EF600012490B685B0708D0114B0395CDE90103EB
:10EF70000090034601222EF002FF204605B0F0BDAE
:10EF800000F10C06092130462DF0FEFA2046F8F774
:10EF9000D1FA084B182202FB0033012130469F6052
:10EFA0002DF0FDFA0570E8E72C1500205C1200201A
:10EFB0008A0606007C3600202DE9F0410E8A043EC8
:10EFC000F6B2022E04468CB0084601D0102E64D151
:10EFD00004210C302DF00AFB0DF108080588478844
:10EFE000011D324640462DF022FF002857D09DB328
:10EFF000002687B3BD422FD84FF4205301A94046C5
:10F000008DF80460ADF806302DF0E3FE40BB14220D
:10F01000002107A826F0CAF911212046FFF794FF26
:10F020000990002837D001210C30CDE907482DF098
:10F03000B6FA00230A901B4A037039460B93284600
:10F0400007AB2EF0F2FD0A9B1B78FBB90998F8F785
:10F0500011FB0A2301E03D4601232A4610210EE060
:10F0600042F6010307A940468DF81C60ADF81E303A
:10F070002DF0AFFE0028CAD010232A46194620469C
:10F080002FF096F800200CB0BDE8F08109992046D9
:10F090002FF080F8F6E71120F5E70420F3E70E20C3
:10F0A000F1E700BFF9E601002DE9F043036885B000
:10F0B00004460D46186801212FF017FC40B904F1F1
:10F0C00058002EF02DFFB0BB122005B0BDE8F08334
:10F0D00010220021684626F069F921212046FFF719
:10F0E00033FF029048B3DFF85890009405F10C0705
:10F0F0004FF001082B8A012B04D8029920462FF0EB
:10F1000049F818E038462DF079FA6B464A46014630
:10F1100006468DF80C802EF088FD9DF80C30002BF3
:10F12000E8D00298F8F7A6FA9DF80C303246202174
:10F1300020462FF03DF80020C7E71120C5E700BFAB
:10F1400085DF04002DE9F043036885B004460D46D1
:10F15000186801212FF0C9FB40B904F158002EF0C6
:10F16000DFFEB0BB122005B0BDE8F0831022002105
:10F17000684626F01BF90F212046FFF7E5FE0290B6
:10F1800048B3DFF85890009405F10C074FF00108E0
:10F190002B8A012B04D8029920462EF0FBFF18E0A1
:10F1A00038462DF02BFA6B464A46014606468DF846
:10F1B0000C802EF03AFD9DF80C30002BE8D0029820
:10F1C000F8F758FA9DF80C3032460E2120462EF002
:10F1D000EFFF0020C7E71120C5E700BF3FDF0400B5
:10F1E000F0B51D46036885B004460E461868012137
:10F1F00017462FF07AFB38B904F158002EF090FE34
:10F2000048BB122005B0F0BD65B31022002168464E
:10F2100026F0CCF839462046FFF796FE029018B348
:10F22000BDF82830ADF8043001238DF80C300F4ABA
:10F2300000946B46294628462EF0F7FC9DF80C30CA
:10F240005BB10298F8F716FA9DF80C302A46314661
:10F2500020462EF0ADFF0020D4E7029920462EF084
:10F2600099FFF8E70120CDE71120CBE73FDF04004D
:10F270002DE9F0410E8A043EF6B2022E04468CB00F
:10F28000084601D0102E76D104210C302DF0AEF9B5
:10F290000DF1040805884788011D324640462DF0CF
:10F2A000C6FD002869D085B377B3BD422DD860680C
:10F2B00001212FF01AFB064678BB8DF8000042F6BC
:10F2C000020369464046ADF802302DF082FD20B3BE
:10F2D00042F6030306A940468DF81860ADF81A30CF
:10F2E0002DF077FDC8B1012D03D14FF6FF739F427A
:10F2F00013D004F158002EF013FE002814BF002094
:10F3000012200CB0BDE8F0813D4601232A460821B9
:10F3100020462EF04DFF0020F3E7182200210DEBD0
:10F32000020026F043F809212046FFF70DFE089061
:10F33000F8B101210C30CDE906482DF030F9002359
:10F34000099003700A238DF82C300D4A06AB39461C
:10F3500028462EF06AFC9DF82C302BB10898F8F75F
:10F3600089F99DF82C30D1E7089920462EF012FF3C
:10F37000D1E71120C5E70420C3E70E20C1E700BF95
:10F38000B9E801002DE9F0430F4687B00446062195
:10F3900007F10C002DF02AF90588B0F80280828868
:10F3A000D7F80C90C5B10023B8F1000F13D0A845D1
:10F3B00012D38DF800308DF8043001A94FF420539A
:10F3C0006846ADF80220ADF806302DF002FD064685
:10F3D00060B10A2301E0454601232A460621204662
:10F3E0002EF0E6FE002007B0BDE8F08301461422AF
:10F3F00001A83F7C25F0DAFF07212046FFF7A4FD96
:10F400000290D8B10A238DF815300D4A019401AB52
:10F4100041462846CDE903698DF814702EF005FCAD
:10F420009DF815302BB10298F8F724F99DF81530A6
:10F43000D3E7029920462EF0ADFED3E71120D2E7A4
:10F44000BDE401007FB5CB681D885E88044685B1A8
:10F4500076B1AE420DD310220021684625F0A6FFFA
:10F4600005212046FFF770FD019058B9112007E0F3
:10F47000354601232A46042120462EF099FE00201D
:10F4800004B070BD6B46094A0094314628462EF000
:10F49000CCFB029B23B90198F8F7ECF80A23E9E7C3
:10F4A000019920462EF076FEE9E700BF41DC04001A
:10F4B00037B5002305460C46019324F02FFF0C4B73
:10F4C0001B68834204BF00252C4601A909482A462F
:10F4D000234623F025FE014640B9019B1C22184615
:10F4E00025F064FF0346184603B030BD0023FAE759
:10F4F000C4360020DC13002010B50446806818B123
:10F50000F8F7B8F80023A36021460248BDE8104090
:10F5100037F09CBBDC1300202DE9FF470446783010
:10F520001D460E46174637F0AFFDE36D9BB91C49EB
:10F530000A6812F0060F07D01A4A0093CDE901328B
:10F54000184602222EF01BFC204600F093F8002003
:10F5500004B0BDE8F087144A93424FF0000805D18B
:10F560002068C4F85C802EF097FDF0E7D3F8049093
:10F57000C3F80480E06DD0F818A0FFF7BDFF206845
:10F58000C4F85C802EF088FDB9F1000FDFD0206850
:10F59000CDF800A000683B4632462946C847D6E76A
:10F5A0005C12002093090600C8360020F7B550F819
:10F5B000044C0546002C59D000F1A40104F12400AC
:10F5C0002EF093FC2E1F05F15C0700220023384625
:10F5D00023F060FF024678BBAB6D2BB101466FF0A4
:10F5E00067033046FFF798FF002345F8043C05F118
:10F5F0005403BFF35B8F53E8001F21F0010143E880
:10F600000012002AF7D1BFF35B8F636A73BB04F16A
:10F610000C0600220023304623F03CFF78B96668D0
:10F6200086B913482660214637F010FB286803B0DE
:10F63000BDE8F04001F0FAB9F8F71CF8C5E7F8F7B3
:10F6400019F8E6E7A26833686360964208BFA360D2
:10F6500077683FB1B3690093002320681A466FF0C2
:10F660006701B8473046FFF747FFD8E703B0F0BD62
:10F670005013002030B505468DB055F8043B0446C4
:10F6800018682EF04BF904A9FEF7FAFF2846FFF799
:10F690008DFF606813212EF0A4F868B107490B684C
:10F6A0005B0709D0064B029300230390CDE900339A
:10F6B000012218462EF063FB0DB030BD5C12002015
:10F6C000AA09060030B550F8783C8DB0A0F1780555
:10F6D00004AC18682EF022F92146FEF7D1FF094943
:10F6E0000B685B0709D0084B02930023CDE9003378
:10F6F0000394012218462EF042FB2846FFF7BAFF7A
:10F700000DB030BD5C120020C8090600F8B51D46DA
:10F710000F461646F7F70EFF044C182303FB004074
:10F72000C0E903760123C3800575F8BD7C3600204F
:10F7300070B5144D064640B115F8011C2A466C1EE2
:10F740002EF086F898B120460CE00F4928462EF09E
:10F7500083FE40B90C4905F110002EF07DFE20B16A
:10F7600005F10F0070BD681EFCE70020FAE7217C60
:10F7700004F1110230462EF06BF80028F5D004F1A8
:10F780001000EFE7FD360020CBF4050070B50D4CFE
:10F790002378834205460E4603D1601C2EF05CFEA2
:10F7A00060B9237BAB420BD1074831462EF054FEA3
:10F7B00018B101200C2303FB004070BD0020F9E7C5
:10F7C0000020FAE78A6F0020976F002038B54A1CA6
:10F7D0000C46054668B90E4910462EF03DFE30B97C
:10F7E0000B4904F10B002EF037FE70B10A342046AD
:10F7F0000CE009782EF02CF80028F8D1A17A04F159
:10F800000B0228462EF024F8EFE7002038BD00BF99
:10F81000CBF4050010B50A4801212EF02BFE38B9B3
:10F820000849094A0B88094CA24202D300B10B8057
:10F8300010BD506803449BB208320120F4E700BFBA
:10F840001C370020A26F0020A87B0500B87B0500B4
:10F850001FB50A490B6813F0060F09D0084B029335
:10F8600000230390CDE90033022218462EF077FEE4
:10F870006FF00D0005B05DF804FB00BF881200209A
:10F88000FB0906001FB51046074A19464FF4281316
:10F89000CDE9022308230093BDF818206B442EF015
:10F8A0006DFE05B05DF804FB180028002DE9FF414E
:10F8B00080460F4616461D46FFF768FF0446C0B94E
:10F8C0001249FFF763FF044670B911490B685B07E3
:10F8D00007D0104B0090CDE90103012203462EF022
:10F8E0003EFE04B0BDE8F08100F8018B39462EF0F1
:10F8F000D6FD228963891AB92BB926816581F0E783
:10F90000B24288BF2681AB42EBD2F7E7CBF40500C9
:10F9100088120020230A06001FB535F056FC78B186
:10F9200009490B685B0709D0084B02930023039039
:10F93000CDE90033012218462EF011FE6FF00400CD
:10F9400005B05DF804FB00BF88120020420A0600E3
:10F95000024608B5084901302EF0A1FD00231372BC
:10F960000C32BFF35B8F52E8001F42E800300028E2
:10F97000F9D1BFF35B8F08BDCBF4050070B5054628
:10F980000C46104800212EF075FD0F4B70B91D83F9
:10F990005C830C482EF068FD83070DD4BDE87040F1
:10F9A0000A484FF4A472002324F05CB8198B5A8BD8
:10F9B000A94202D89442EBD870BD94421D83E8D985
:10F9C000E6E700BF50220020002200202022002075
:10F9D0002DE9FF411E46BDF82830012B0746904611
:10F9E0003FD83344012B35463EDCFFF7A1FE0446E9
:10F9F000B0B9FFF79DFE044690B91E490B6813F09D
:10FA0000060F07D01C4B0090CDE9010302220346EC
:10FA10002EF0A5FD6FF01005284604B0BDE8F0817A
:10FA200096B1217A98F80020002321FA03F0C60746
:10FA300003D522FA03F0C00719D50133032BF4D103
:10FA400002F007021143217207F17001601C2EF0D1
:10FA500026FD20463B7A00F80C3B00212EF00AFDE3
:10FA6000DAE76FF00605D7E76FF00C05D4E76FF023
:10FA70001205D1E788120020580A060010B56FF071
:10FA8000020104460F482EF011FD0E482EF0ECFC4A
:10FA9000C20704D50C480022002323F0E3FF2046D0
:10FAA0002EF094FC60B12046FFF742FE40B1037A8D
:10FAB000DB0705D5BDE8104000210C302EF0DABC84
:10FAC00010BD00BF5022002020220020F8B56FF0AA
:10FAD00008011748174C184F2EF0E8FC17484FF450
:10FAE000A4720023FAF73CFB0026394620462EF08C
:10FAF000B3FCC0B9E379DB0715D52146FEF7F8F86A
:10FB0000054620B12EF064FC2846FDF705FD04F102
:10FB10000B056FF0020128462EF0C8FC6FF00101C2
:10FB200028462EF0C3FC103406B1F8BD0126DCE7F0
:10FB300050220020FD360020CBF40500A821002033
:10FB40002DE9F047284B164682689A4207462BD18A
:10FB5000C568AB8A43B36C1C05F115094FF000086A
:10FB6000B4F807309BB114F8011C224630462DF042
:10FB70006FFEE0B914F8010C2146FEF7B9F830B178
:10FB8000437B072B08BF4FF00108FDF7C5FC0A3483
:10FB90004C45E5D1B8F1000F06D1AB69A5F814804A
:10FBA00013B14146384698470120BDE8F08706F179
:10FBB000700A307A51462DF060FA78B90B4B9D42AD
:10FBC00002D130462EF0BFFD094920462EF067FCD9
:10FBD000002304F8013CA4F80730D8E7514620463A
:10FBE0002EF05DFCD3E700BFF5FB0100D00C002038
:10FBF000CBF405002DE9F04385B01E46BDF830304A
:10FC0000D1F80C8081460F46002B4ED1731E012B7C
:10FC10004ED8012E4146157818BF1588FFF7D6FD3E
:10FC2000044608BB1DB9304605B0BDE8F083414627
:10FC3000FFF7CCFD044678B91F490B6813F0060F97
:10FC400007D01E4B0090CDE90103022203462EF09F
:10FC500086FC6FF01000E7E709F1700101302EF02B
:10FC60001EFC99F808302370D8F81C308BB9258118
:10FC7000B8F81430AB4203D0414638462EF04BFC66
:10FC8000002DD0D10E49601C2EF009FC2570258175
:10FC9000C9E72A463946484698470028C4DB013858
:10FCA0000128E4D96FF00D00BEE76FF00600BBE756
:10FCB0006FF00C00B8E700BF88120020840A06002D
:10FCC000CBF4050008B50C4800212EF0D3FB88B911
:10FCD000FFF7A0FD09490A4837F0CAF90023084890
:10FCE0004FF4A472FAF736FABDE808400549064811
:10FCF00037F0BEB908BD00BF1C370020FDFF010072
:10FD0000A8210020A1050200202200202DE9F041B9
:10FD1000034648B1008A38B91249DFF84CE00124A3
:10FD20004FF0140C714501D3BDE8F081D1E90076A4
:10FD3000BB4204D30CFB0672143A93420ED93444EE
:10FD4000A2B208311446EDE70CFB0578434507D015
:10FD500001356219B54292B2F6D1F2E70025F8E713
:10FD60001046E1E7A87B0500B87B05002DE9F04FC0
:10FD700089B09946BDF8483004460F4690461BB9F5
:10FD80004FF6FF73ADF84830314B1B88A34230D299
:10FD9000BDF84830ADF81E302E4B1D687DBB09B054
:10FDA000BDE8F08F69685144A14220D289B208357C
:10FDB0008A46294B9D42F5D3EAE7149B28680493B1
:10FDC000139B039312ABCDE90193CDF800803B4622
:10FDD00022460BFB06002EF078FB0028DFD0013610
:10FDE0006B680AEB0601B34289B2E6D8DFE700266A
:10FDF000F6E71A4D4FF0010A4FF0140BD9E7083D12
:10FE00004FF0140A0DF11E0BAE68BEB96B689E422E
:10FE100019D22868149B0AFB06002246018A049323
:10FE2000139BCDE90089CDE902B33B462EF04DFB93
:10FE30000028B4D00136E9E70026E7E756F8083C89
:10FE40001B8AA342F8D8AD68002DA8D0083DDBE797
:10FE5000A26F002020370020B87B0500A87B05009A
:10FE600070B50025ADF5507D1422294609A8CDE9CD
:10FE70000455CDE9065525F099FA4FF41053ADF825
:10FE80002030374E8023ADF8223010224FF48063AB
:10FE9000CDE90A360DEB0201CEAB08A834F0A5FF80
:10FEA000044650B12F490B68580727D02E4B0394B6
:10FEB000CDE9015300952B461CE001464FF4C0727A
:10FEC0000EA825F073FA4FF4C0720EA96EA8ECF7D5
:10FED00047FCCE9932466EA835F074F9054680B1DC
:10FEE00020490B685A0709D0204B0390CDE9014304
:10FEF00000942346012218462EF031FB0DF5507D6B
:10FF000070BD1B4A6EAB4FF6FF7101202EF0A7FCAF
:10FF100018490EAB10226EA835F072F930B11149B4
:10FF20000B685B07EAD0144B0390C1E7114B03F158
:10FF300010020130197812F8014D03F8014B08281E
:10FF40001170F6D1BFF35B8F0C4B53E8001F41F0EB
:10FF5000080143E80012002AF7D1BFF35B8FCDE719
:10FF60000002C003881200209E0A0600C70A06008D
:10FF70009BE6040098210020E50A0600502200209C
:10FF80002DE9F0411A49BDF818700446A1F130007E
:10FF900015461E4637F08BF816482EF065FA010715
:10FFA00001D4FFF75DFF2046FFF7C2FBA8B1037A3B
:10FFB000DA0712D500F10C0420462EF055FAC307DB
:10FFC0000BD4BFF35B8F54E8003F43F0020344E8D7
:10FFD0000032002AF7D1BFF35B8F102306933A4615
:10FFE00031462846044BBDE8F0412EF0C7BA00BFA9
:10FFF000D8210020502200209821002008B5054873
:020000022000DC
:100000002EF032FA030703D4BDE80840FFF728BFFB
:1000100008BD00BF502200202DE9F04F044687B0F4
:10002000FFF7F8FB2368002518688DF810504FF48F
:10003000C05304A9ADF812302CF0CBFE20B96FF0FC
:10004000770007B0BDE8F08F236805A918688DF820
:10005000145041F60103ADF816302CF0BAFE00281A
:10006000EDD0534D24F044F82B682668B4F8049082
:10007000ABB9504A1788002E72D1002204F1080350
:10008000A2606A68002A73D1C5E900334A482EF09D
:10009000EBF9C3077CD424F03FF80020D1E76B686C
:1000A000002B00F0828053E90232142101FB02335D
:1000B00033F8047C002E59D1002FDED023681E8A2D
:1000C000BE42DAD829680029E0D0A1F10803002255
:1000D0001868008AB04254D904F10803002A4AD0B3
:1000E0009168A1600029CCD09360CFE7F37C318A7E
:1000F0006FF3C713F37489B9791CDBB289B243F08B
:1001000080033182F37409F1FF3914361FFA89F93B
:100110000F46B9F1000FE9D14746CDE7B942F2D811
:1001200005AB5A460846CDF814A02EF098FB059B67
:10013000A3B122490B685A070BD0338A0393204B93
:10014000CDF800A0CDE901A30023012218462EF02E
:1001500006FA23F0E1FF6FF0150072E73946D2E7A7
:100160009846DFF860B04FF0000AD2E7B846F8E7EB
:1001700013606B608AE76A68A1602B60002A85D1F2
:10018000F7E79868002881D01A46A0F108039FE796
:10019000D4E90023142101FB0323108A33F8041C43
:1001A000FFF7ECFBFFF792FC75E71B68FFDE00BF73
:1001B00020370020A26F00201C370020881200206A
:1001C000FB0A06001DE4040007B500230193FFF7B6
:1001D0009DFD411C89B20846034A01AB2EF03FFB4E
:1001E000019803B05DF804FB41E704002DE9F041FC
:1001F000437B072B8AB080460C46164640F0B680FB
:1002000000238DF82430206842F6030309A9ADF8D5
:1002100026302CF0DEFD0546002843D167686FB913
:100220005B490B685B0700F0A1805A4B0097CDE952
:10023000017301223B462EF092F997E000900123D2
:1002400008AA2146B847002811DA51490A6812F075
:10025000070F00F08B80504B0095CDE90340CDE9AE
:10026000015301222B4628462EF079F97EE0012821
:100270000FD047490A6812F0070F77D0474B039019
:10028000CDE9015300952B46012228462EF067F94F
:100290006CE09DF8203013F0300F67D02046FFF758
:1002A00093FF0446002320688DF8243009A942F604
:1002B0000213ADF826302CF08CFD18B12046FFF764
:1002C00083FF0446002542F6021720688DF8185077
:1002D00006A9ADF81A702CF07CFDE8B9002320685F
:1002E0008DF8243009A942F60213ADF826302CF01F
:1002F00070FD0546002839D16768002F90D0009026
:10030000022309AA21464046B847002832DA20498C
:100310000B6813F0070F9CE720688DF81C5042F61D
:10032000030307A9ADF81E302CF053FD0028D5D0EB
:1003300020688DF820504FF4205308A9ADF82230E2
:100340002CF047FD0028C9D020688DF8245042F6D3
:10035000010309A9ADF826302CF03BFD0028BDD0E3
:100360002046FFF731FF04460028AED100200AB036
:10037000BDE8F081022804D005490B6813F0070F8F
:100380007BE7BDF824301E4214BF01200020EEE7B9
:10039000881200201C0B0600300B0600560B0600CE
:1003A0002DE9F043154685B08846942269680746D2
:1003B0002EF060FA814698B138490B6813F0060FA9
:1003C00008D0374B02930023CDE9003302221846B0
:1003D0002EF0C5F84FF0FF35284605B0BDE8F08394
:1003E000696802223846FFF701FF034670B92B49BE
:1003F0000A6812F0060F06D02A4A0090CDE90102E1
:1004000002222EF0ACF86FF01505E5E74FF47020EE
:100410000021AE8AFFF74CF802360446E8B1224BC1
:1004200046611D214174C0F80C90436085613246DD
:100430003846FEF74FFD064690B918490B6813F091
:10044000060F07D0194B0090CDE9010302220346A5
:100450002EF085F82046FFF74FF86FF00B05BBE74D
:1004600001234A464946FFF751F9A98A06F10C00D3
:1004700002312CF094F820F8028BAA8A2969ECF753
:100480006FF9A660214638462DF083FF0546002807
:10049000A2D02046FFF730F89EE700BF8812002068
:1004A0006F0B0600850B060023E40400B00B06006A
:1004B00030B504468BB037482DF0D6FF42070D46C5
:1004C00061D514B1637B072B60D168680590FFF795
:1004D0001DFC2A68ADF818003AB305A902912E490F
:1004E00001910121002300914FF6FF710593FFF761
:1004F0003DFC059B1BB96FF001000BB030BD6B607C
:10050000059B186800238DF8103004A942F60303F8
:10051000ADF812302CF05DFC70B90598C3689B797A
:100520009B0605D46FF01500E7E70028E8D1E2E765
:100530002EF04EF9ADF81800BDF818003CB10123BB
:100540000146AB752A462046FFF72AFFD5E76FF034
:100550007F0307930223ADF8203042F60213ADF873
:10056000123005ABAC7502930C4B01930123009341
:1005700004AA23464FF6FF7109958DF81040FFF746
:10058000F5FB0798B9E76FF00A00B6E76FF07F0058
:10059000B3E700BF4402002051E404001D0802003C
:1005A00073B500F13005044650F8083C0193A0F102
:1005B00020066FF0010128462DF078FF114B44F81A
:1005C0001C3C114B44F8183C01AB002044F8103C93
:1005D000042324F8080C24F8060C24F80C3C3146BB
:1005E000FFF766FF58B9BFF35B8F55E8003F43F054
:1005F000020345E80032002AF7D1BFF35B8F02B057
:1006000070BD00BF608D05007DFA01002DE9FF4738
:10061000444B1468174682689A4205467DD1D0F84B
:100620000C8008F1010608F11509B6F80730F3B19E
:1006300016F8011C324620462DF00AF9B8B14FF4E5
:100640009572294620462EF015F928B3032812D1B9
:1006500035490B6813F0060F09D0344B0293002381
:10066000CDE900330395022218462DF078FF0A36B3
:100670004E45DAD151E0052820460CBF4FF0030A61
:100680004FF0020A2DF042F9824505D93B795345D6
:10069000EDD287F804A0EAE7414628462DF03BFF5B
:1006A000234B984539D1207A04F17001FFF76EF899
:1006B0000546002831D003890BB943896BB3204626
:1006C000FDF78CF81B4A2B8922F8203002EB8003BF
:1006D000698959801849194D182303FB001300B28A
:1006E00002EB800200EB40005D601A61144D9D60DA
:1006F000042201EBC00120469A82FFF7D9FE60B1C7
:1007000009490B685B0708D00E4B02930023CDE923
:100710000033012218462DF022FF012004B0BDE86D
:10072000F08700BFF5FB010088120020D70B060000
:10073000D00C0020866F0020E4360020608D05007C
:100740009DE70400EB0B0600F0B5144685B00F469C
:100750009422616806462EF08DF888B12B490B680B
:1007600013F0060F08D02A4B02930023CDE9003383
:10077000022218462DF0F3FE4FF0FF3005B0F0BD19
:10078000616801223046FFF731FD034670B91F4909
:100790000A6812F0060F06D01E4A0090CDE9010249
:1007A00002222DF0DCFE6FF01500E7E7A2891B2185
:1007B00002323046FEF78EFB054678B913490B68C6
:1007C00013F0060F07D0144B0090CDE9010302226D
:1007D00003462DF0C4FE6FF00B00CFE7A1890C306B
:1007E00002312BF0DCFE20F8027BA289A168EBF736
:1007F000B7FFD4E9041228460123FEF787FF2946F4
:10080000304605B0BDE8F0402DF096BD88120020BE
:100810006F0B0600850B0600080C06002DE9F04F53
:100820004C4B144682689A4285B0814636D1D0F846
:100830000CA0494B9A4519D1484D494F00263946DD
:1008400028462DF009FE78B915F8010C0722294633
:10085000FDF79AFA38BB236915F8010C1A69294685
:1008600053881288FFF722F80C35D6B10AF1010738
:100870000AF1150BB7F80720A3899A420BD117F894
:10088000010C3946FDF734FA054620B1437B072BAE
:100890000CD0FCF741FE0A375F45EBD14FF0010861
:1008A00054E00126CBE7FCF737FEDDE7DAF820302D
:1008B00023B14946984708B92846EAE794224946B1
:1008C00028462DF0D7FF804670B126490B6813F0FB
:1008D000060FF1D0244B02930023CDE9003302220E
:1008E00018462DF03CFEE7E7A389022B15D1B7F897
:1008F000073013F0020604D12846FCF70DFEA6606F
:10090000C9E72269A1882846FFF74AFD0646B8B91B
:100910002269937D01339375EEE7012B05D02846BC
:10092000FCF7FAFDC4F80880B5E7B7F8073013F014
:100930000106E1D02269A1882846FFF705FF064697
:100940002846FCF7E9FD002EA660A4DA404605B073
:10095000BDE8F08FF5FB0100D00C00208B6F00206C
:10096000CBF40500881200206F0B060010B586B08E
:100970004FF6FF71124A0490044604AB01208DF833
:1009800014002DF06CFF20462CF0C0FF9DF81410D1
:10099000884212D220462CF082FF70B109490B68C0
:1009A00013F0060F09D0084B029300230390CDE902
:1009B0000033022218462DF0D2FD06B010BD00BF54
:1009C0000D06020088120020310C0600F8B5084B15
:1009D0001C6805460E4617464CB154F8043C043CCE
:1009E0001BB13A463146284698476468F4E7F8BD9B
:1009F0002837002037B50125044600904FF6FF71D7
:100A00002846094A8DF804506B462DF028FF002136
:100A100020462DF06AFF20B94FF6FF712846FEF7F9
:100A2000ADFF03B030BD00BF0D06020070B5034638
:100A30000F4A04464FF6FF7101202DF010FF2046AB
:100A4000FEF776FE054688B104F17006207A31463D
:100A50002CF013FB20B92846BDE87040FEF778BFA4
:100A60003146681CBDE870402DF019BD70BD00BF57
:100A700041FB010008B5054B014618462DF06FFFFC
:100A8000043B002814BF1846002008BD5C2200204B
:100A900010B50C4A11680C4ABFF35B8F00F5B873B0
:100AA00053E8004F944204D143E8001CBCF1000F0E
:100AB000F6D1BFF35B8FBFF35B8FD0F87001BFF34C
:100AC0005B8F10BD243600205822002008B5FFF7A8
:100AD000DFFF0346C8B1D0E9001221B9002A0CBFDC
:100AE0000320022010E032B1836813B9094B1B7850
:100AF00033B9042008E00749087828B19B6833B966
:100B0000003A18BF0122500008BD0320FCE7012075
:100B1000FAE700BF2A71002030B5002385B00446F3
:100B20001A46EC300D46FDF7FDFAA0B169300CD144
:100B30000E490B685B0708D00D4B02930023CDE9EB
:100B40000033012218462DF045FF284605B0BDE8C8
:100B50003040F6F78FBD4FF47022002304F5A070EB
:100B600005B0BDE8304022F07DBF00BFA0120020DC
:100B7000B90806001FB50F4B0246D3F8EC0038B990
:100B80000D4AC3F8F020EC330B6005B05DF804FBB0
:100B90000A490B685B0709D0094B029300230392B3
:100BA000CDE90033012218462DF014FF6FF00B0041
:100BB000EBE700BF58220020648E0500A012002041
:100BC0006C0C06001FB506212CF0CFFF044670B94F
:100BD00008490B685B0707D0074B0090CDE901037C
:100BE000012203462DF0F6FE204604B010BDA0F110
:100BF000EC04F9E7A0120020910C060030B5051DA9
:100C000085B00446082128462DF0F3FE0C4904F176
:100C10005700FCF74BF988B1082128462DF0C9FE92
:100C200008490B685B0708D0074B02930023CDE906
:100C30000033012218462DF0CDFE082005B030BD4E
:100C400081EC0400A0120020AC0C060038B5EC22A8
:100C50000546002124F0AAFB102105F127000DF024
:100C600029FA044648B9052128462DF0C2FEFCF7B2
:100C70000DF9034B1860204638BD0824FBE700BF80
:100C800030370020F0B50B4685B006460D21043004
:100C90002DF065FE50B3DD68D6F8EC3003F1700737
:100CA000197A3A4602202EF065F80446A0B9124D92
:100CB0002B685B070DD03846F9F7F2F90F4B03901C
:100CC000CDE90143009423460122294620462DF018
:100CD00081FE082005B0F0BD2B462A3405F1100234
:100CE00053F8041B44F8041B9342F9D13046092100
:100CF0002DF07FFE0020EDE7A0120020C50C0600BD
:100D000070B50E4688B00446FFF7C2FEF36804F1E2
:100D100037020546114603F1100053F8046B41F801
:100D2000046B8342F9D1237A052B00F29F80DFE820
:100D300003F0172323039D7304AB554900930968FF
:100D400004F1270304F1570001F0CCFA50BB0A214B
:100D5000201D2DF04EFEAB680499D4F8EC009847A6
:100D600020460D212DF045FE201D10212DF041FEC5
:100D700020462DF071FE16E094F8DC10D4F8D8303F
:100D800004ADCB404249009503F00103096843F0EC
:100D9000800304F157002EF027F880B13D490B681D
:100DA000580702D1082008B070BD3B4B02930023C6
:100DB000CDE90033012218462DF00CFEF2E7102297
:100DC000294604F1170024F041FA08B10420EAE7AB
:100DD000032120462DF00DFE2DF03EFE0028E2D12D
:100DE00094F8DC300133DBB2142B84F8DC3009D109
:100DF0000D2120462DF0FDFD1021201D2DF0F9FDC7
:100E00000020D0E7102104F127000DF053F900383D
:100E100018BF0120C000C6E7102104F127000DF023
:100E200049F90028BED1002D2FD0EB686BB31B4BC6
:100E3000E27A1B88ADF81030A37CD10703F00103E0
:100E400012D4002B14BF012303238DF8113000238B
:100E5000C4E93833201D0C212DF0CBFDEB68D4F80C
:100E6000EC0004A99847CBE75B00EEE709490A6864
:100E7000520797D003930A4B02930023CDE9003326
:100E8000012218462DF0A6FD8CE702208BE700BF5B
:100E900030370020A0120020DF0C06007B80050008
:100EA000F80C06002DE9F04790B004460CAD102276
:100EB0000021284624F07AFA237A052B3DD8DFE872
:100EC00003F0060303063C2CD4F8D8300C93D4F876
:100ED000EC3004F1470204F1C707CDE9017204F1D7
:100EE000370803F17E0204F12709009277334A465E
:100EF000414604F1970001F08DF9824678B35449D8
:100F00000B68580727D0534B02930023CDE90033D9
:100F1000012218462DF05EFD1DE0D4F8E430002BD0
:100F2000D5D02E4603F1100718685968324603C21F
:100F30000833BB421646F7D1C9E745490A6854074A
:100F400009D00393444B02930023CDE900330122DF
:100F500018462DF03FFD082010B0BDE8F087D4F80A
:100F6000EC3003F177027E3308AE019304F11103F4
:100F70000292009303962B464246494638462DF08E
:100F800058FF50B132490B685A07E4D0334BCDF8C3
:100F900000A0CDE901A35346BAE7237A052B0ED171
:100FA000D4F8E01031B30B46AC4601F1100E1868CE
:100FB0005968624603C2083373459446F7D1D4F8A2
:100FC000EC3003F17E0277330DF1100A019304F146
:100FD0000A0302920093CDF80CA02B464A464146E4
:100FE00038462DF026FF50B119490B685B07B2D087
:100FF0001B4B89E71022284624F0D8F9DFE710229E
:10100000514604F1B70024F021F9F8B90D2120462A
:101010002DF003FD074600289DD010210C302BF049
:10102000BEFA32460346164603CEAE4218605960F9
:10103000324603F10803F6D139462046FFF76CFD2E
:10104000201D01212DF0D5FC002085E70B2083E732
:10105000A0120020140D0600F80C0600290D060051
:101060004C0D06007FB5047A022C054623D844B106
:1010700090F8DC30D0F8D840DC4004F0010444F0B3
:101080008004032128462DF0C8FC064618B3102121
:101090000C302BF084FA009016482346006805F1C6
:1010A000270205F157012DF09FFE0446C0B13046DE
:1010B000F6F7E0FA0FE0032C10D00F490B685B073E
:1010C00009D00E4B02930023CDE900330394012293
:1010D00018462DF07FFC082004B070BD0024D0E736
:1010E00031462846FFF718FD281D21462DF061FCEA
:1010F0002046F1E730370020A0120020F80C06004F
:101100007FB5061DCD6804460B2130462DF051FCFD
:101110002B4604F1170205F1100153F8040B42F8B5
:10112000040B8B42F9D1237A012B0AD0022B15D163
:10113000042120462DF05DFC04B0BDE87040FFF7AF
:1011400091BF0A2130462DF00AFC0028F0D030462D
:1011500000212DF04EFC002004B070BD08490A6843
:10116000520701D10820F7E70393064B02930023AF
:10117000CDE90033012218462DF02CFCF2E700BF28
:10118000A0120020F80C0600F0B585B00446FFF769
:101190007FFC251D06460E2128462DF0E0FBB0B948
:1011A000554B2022196804F1570024F04FF80346EC
:1011B00068B952490A6812F0060F06D0504A0090EA
:1011C000CDE9010202222DF005FC082033E00C21BC
:1011D00020462DF022FC07460028F6D040210C3096
:1011E0002BF0DDF9444B1B680246014603F1200059
:1011F00053F804CB41F804CB8342F9D1203203F1F8
:10120000200153F8040B42F8040B8B42F9D1394604
:101210002046FFF781FC237A052B5AD8DFE803F03C
:1012200003390D035956042120462DF0E2FBFFF748
:1012300019FF00283CD005B0F0BD2046D4F8EC7072
:10124000FFF726FC0421064604F1D8000CF032FF1B
:101250000028BAD1D4F8D8302A4AB3FBF2F102FB05
:101260001133C4F8D83084F8DC0056B1336843B188
:101270000B2128462DF0BDFB3368D4F8D810384632
:101280009847032120462DF0B4FB0E212DF0B1FB31
:101290000EE0204603212DF0ACFB0E212DF0A9FB22
:1012A00028460A212DF0A5FB7368D4F8EC00984776
:1012B000284607212DF09DFB0820FFF7DBFBC0B976
:1012C000204605B0BDE8F040FFF798BC0421204659
:1012D000DCE70A490A6852073FF477AF03930A4BE9
:1012E00002930023CDE90033012218462DF072FB52
:1012F0006BE700209FE700BF30370020A0120020DE
:10130000700D060040420F00F80C06007FB50E4637
:101310000446FFF7BDFBF36804F157052A4603F1C5
:10132000200153F8040B42F8040B8B42F9D104F16D
:10133000770203F1200153F8040B42F8040B8B42AF
:10134000F9D12846FBF7DAFC58B327490B6803F0BC
:101350000703022B08D9254B02930023CDE9003364
:10136000032218462DF036FB0E21201D2DF041FBE7
:10137000D4F8EC50D5F8A03033B9287A05F17001D3
:1013800000F0A4FEC5F8A000D5F8A030E3B1DA89DA
:1013900002F02402C2B15B7B9B0715D4032004B08A
:1013A00070BD2846FBF7B6FC034668B90E490A68CB
:1013B00012F0060F06D00E4A0090CDE9010202227B
:1013C0002DF008FB0A20EAE70A4B1D682DB9201D05
:1013D00006212DF00EFB2846E1E7204604B0BDE8CB
:1013E0007040FFF7D1BE00BFA01200208B0D060099
:1013F000AC0D06003037002038B512490446A0F184
:10140000EC05543035F034FE28462DF0A1FBBFF337
:101410005B8F0D4A04F1840353E8001F43E800206A
:101420000028F9D1BFF35B8FBFF35B8F88344FF097
:10143000FF3354E8002F44E800310029F9D1BFF30D
:101440005B8F38BD351F02005822002038B5174B7E
:101450001B78054623B301F00F042846FFF736FB3F
:10146000134A03280CBF04F00B0444F0040405F5F0
:10147000BA731278BFF35B8F53E8001F013103D1B9
:1014800043E800200028F7D1BFF35B8FBFF35B8FE9
:10149000D5F87431BFF35B8F2BB144F0010038BD38
:1014A00001F00704D9E704F0FE00F8E72A710020F4
:1014B0003B120020F8B50D46D0F8EC600446FFF76B
:1014C000E7FAEF68FB78102B01D00620F8BDD6F8BC
:1014D000A0305BB1251D0F2128462DF040FA80B9C0
:1014E0002046FFF7B3FB60B1C0B2EFE7307A06F1F8
:1014F000700100F0EBFDC6F8A0000028EAD108203A
:10150000E4E7012363723B68C4F80A30BB88E381D7
:1015100002232374B9782046FFF798FFE074204631
:10152000FFF7D4FA1023607423753B7903F00303AB
:1015300063757B7903F00103A375E37C1A070CD56F
:10154000BB781B0709D5052128462DF052FA637D8B
:1015500003F0020363750023A375052128462DF0CF
:10156000FEF9002843D0474B1B78A374E37C980610
:1015700006D5BB78990603D5142128462DF039FAF3
:10158000E37CDA0735D5BB78DB0732D50D21284659
:101590002DF02FFAA37D84F8E830637D84F8E930DC
:1015A000032128462DF025FA237BE17C3F7803EACE
:1015B0000102100704D5E27AA07C0243D2071CD4B2
:1015C000042F1CD80B4313F0040307D02046FFF769
:1015D0007DFA2D4B07EB87073B441B5C2372D6F843
:1015E000A01020462DF0C4F958B903206EE7274B10
:1015F000BAE700236375A375CCE70523EEE7002364
:10160000ECE7D4F8EC309B7A032B36D024D8013B9E
:10161000012B3FF674AF052128462DF0A0F90028D4
:10162000E3D00C2120462DF0E4F902212DF0F5F94C
:10163000054600283FF463AF06210C302AF0AFFFC7
:10164000D4F811300360B4F8153083802946204661
:10165000FFF762FA002039E7042B7FF450AF237DB7
:10166000627B934228BF1346102B7FF42EAF0521D7
:1016700028462DF074F90028B7D0237A002BCAD160
:10168000B3E700BF2C710020B80F06002B710020BB
:101690002DE9F041C678012E044604D06FF0150400
:1016A0002046BDE8F081FFF78DFA0546002800F0DE
:1016B000AB80071D042138462DF051F9002840F079
:1016C000A680032138462DF04AF910B16FF00F04BF
:1016D000E6E7314638462DF042F90028F6D1284693
:1016E000FFF7D6F9D5F8EC309B7A032B064642D0AB
:1016F00032D8013B012B48D90F21201D2DF02FF9A5
:101700000028CBD1D4F8A03083B904F17006217A37
:101710003246202000F00EFDC4F8A00030B9217A36
:101720003246042000F006FDC4F8A000D4F8A03032
:10173000002BB3D0DA8912F0240FAFD0A17A02299E
:1017400023D9587BC007A9D503291ED09206A5D559
:101750001B7B102BA2D118E0042BCDD12846FFF71C
:10176000B5F9032804D1002EC6D0F368002BC3D0EE
:10177000284B1B7807E02846FFF7A8F9032804D177
:10178000002EB9D0F368002BB6D0D4F8A0303BB10E
:101790002846FFF75BFA044670B16FF068047FE7F4
:1017A000207A04F1700100F091FCC4F8A000002838
:1017B000EED16FF00B0473E70B2128462DF02DF9C5
:1017C00006460028E9D001210C302AF0E8FE092164
:1017D00080462846FFF73AFE234688F80000224656
:1017E000314605F1EC00FCF79DFC044618B130468B
:1017F000F5F740FF54E738460F212DF0FAF80121A4
:1018000028462DF0F6F84BE76FF07F0448E76FF0BD
:10181000040445E72A710020F0B5D0F8EC40D4F874
:10182000A03085B00646051D002B3CD143490A680F
:1018300012F0060F2ED10721414B5F5CD4F8A03087
:101840004BB11B7B002B61D1D4F8A0002DF0A6FA80
:101850000023C4F8A030022128462DF080F840B9BA
:10186000072F96BF374B1F21D95D3A462046FCF71C
:10187000EBF9032128462DF072F8002830D0324BC6
:101880001B686BB31D6805B10C3D53F8083C002B79
:1018900045D147E02D4A0093CDE901321846022296
:1018A0002DF098F8C7E759BB274B0D2128462DF09E
:1018B00056F81B6807469BB11D6805B10C3D53F8EF
:1018C0000C3C13B13946204698474DB12B46ED6884
:1018D0001B681DB10C3D002BF4D1F7E7002BF1D1B3
:1018E00030462DF035F9637B072B25D1627AA37A38
:1018F0009A4221D0204605B0BDE8F040FFF7C8BEAF
:101900000139C9B20E2997D9092797E7022128463C
:101910002DF025F8002897D19DE70C3D23B13946DD
:1019200020469847002DDBD02B46ED685B68002DE4
:10193000F3D1002BF3D1D3E705B0F0BDA012002006
:10194000A90F0600980F06001C360020C80D0600DF
:10195000F0B5031D85B006460F46184602212CF04F
:10196000FEFF044620B1B6F8E840B4FA84F46409F6
:10197000032118462CF0F3FFD0B139463046FFF76B
:101980004BFF14B31E490B6813F0060F08D01D4B14
:1019900002930023CDE90033022218462DF01AF8F5
:1019A000D6F8EC0005212BF01CFF002005B0F0BD9F
:1019B000012118462CF0D3FF0028DED10F21184654
:1019C0002CF0CDFF0028D8D1DBE7052130462DF0E3
:1019D00024F8054688B101210C302AF0E0FD2346A9
:1019E00007702246294606F1EC00FCF79BFB002815
:1019F000DBD02846F5F73EFED7E76FF06800D5E765
:101A0000A0120020F20D06001FB51A4B0446186004
:101A10004FF0FF324FF0FF33174821F073FC1748A7
:101A200022F026F8144821F0E5FC7CB914490B6833
:101A300013F0060F08D0134B0094CDE901430222A6
:101A4000234620462CF0C6FF04B010BD0E4CBFF359
:101A50005B8F54F80439BFF35B8F5B06F4D52046E7
:101A6000FFF792FB01460028EED02046FFF770FFFB
:101A7000EAE700BF303700200C0D0020200D0020C9
:101A8000A01200204A0E06005C2200202DE9F0433F
:101A90000B8A87B005460F467BB94C490A68540744
:101AA00007D04B4A0093CDE90132184601222CF0B1
:101AB00091FF002007B0BDE8F083012107F10C0081
:101AC0002AF094FDA5F1EC06E83D80460421284665
:101AD0002CF045FF044688B13C490B6813F0060F13
:101AE000E7D098F8003003933A4B02930023CDE9F6
:101AF0000033022218462CF06DFFDAE798F8002038
:101B00000E2A0CD931490B6813F0060FD1D0324B95
:101B10000392CDE90103009003460222EBE7DFF8D0
:101B2000BC9059F832308BB928490C6814F0060F74
:101B300007D003922A4A0093CDE9013202222CF009
:101B400049FF07213046FFF703FFB2E71146304651
:101B50002CF0D3FF0346B0B91C490A6812F0060FF7
:101B600009D098F8002003921E4A0090CDE90102A6
:101B700002222CF02FFF032128462CF0F0FE002833
:101B800097D00821DEE798F800303A8A09EBC301C4
:101B90000979914210D00D49086840070AD0CDE973
:101BA0000323114B0094CDE9014301222346204633
:101BB0002CF010FF0A21C5E7394659F8333030467A
:101BC0009847014600283FF474AFBBE7A0120020FD
:101BD000630E06007E0E0600AF0E06008C8E05001A
:101BE000D10E0600EB0E0600300906002DE9F0418B
:101BF00090F8E930CF68D0F8EC6023F0020380F869
:101C0000E9303B7886B005466BB3BB7903F0C0037F
:101C1000C02B28D05C4D2B68580720D03846F8F7E9
:101C20003FFA0024594B0390029329462346CDE9FD
:101C30000044012220462CF0CDFE2B6859070ED01F
:101C400006F17000F8F72CFA514B0390CDE90143EF
:101C5000009423460122294620462CF0BBFE0A2090
:101C600006B0BDE8F08106F170080722394640460B
:101C700023F0ECFA68B1307A394600F0B9FA04463C
:101C800038B1014628462CF073FE08B320462DF0EB
:101C900085F80D21281D2CF062FE002862D0317AD3
:101CA000424602202DF066F8044698B9364D2B685E
:101CB0005A070DD04046F8F7F3F9364B0390CDE9BB
:101CC0000143009423460122294620462CF082FE3F
:101CD0000820C5E7F378002B3ED106F17E03187883
:101CE000012825D19A7902F0C002402A20D1D3F8E8
:101CF0000120C4F83A20B3F80530E38796F8703035
:101D0000B3B196F8763003F0C003C02B10D022494F
:101D100004AACDE90487FBF741FD3B68C4F8013014
:101D2000BB88A4F80530BB79E3713046FBF75CFF54
:101D30002046F9F79BFF90B113490B6813F0060F8B
:101D400008D0164B02930023CDE900330222184637
:101D50002CF040FE032083E706F17703BFE720461F
:101D6000F9F794FF95F8E9305B0703D50A21284677
:101D70002CF03FFEB5F8E81009B1002070E72846C6
:101D8000FFF74AFDF9E700BFA0120020060F06008A
:101D9000840F0600C50C060027EB04001A0F06008E
:101DA0002DE9FF410E46D0F8EC800446FEF770FEA8
:101DB0001649F6680B685B0705460AD0337803932B
:101DC000134B02930023CDE90033012218462CF077
:101DD00001FE271D0A2138462CF08FFE40B175B94F
:101DE00020463178FFF718FD002004B0BDE8F081EF
:101DF0000B2138462CF081FE0028F0D1F0E72B694A
:101E0000002BEDD040469847EAE700BFA012002023
:101E1000550F06002DE9FF410546A0F1E8060446EE
:101E20000F463046012155F8EC892CF066FE00285B
:101E30005BD0D7B1032130462CF091FD002854D05F
:101E40003846F8F72FFF0138C0B208289ABF364B42
:101E50001C5C0024022130462CF0CBFD2146284694
:101E600004B0BDE8F041FFF7D7BC98F80B30002B69
:101E70003BD0032130462CF072FD28B9284604B02F
:101E8000BDE8F0412CF064BE052130462CF067FD22
:101E9000B8B114F8043C1B0707D514F8033C1F071E
:101EA00003D5112130462CF0A4FD14F8043C23F096
:101EB000080304F8043C14F8033C23F0080304F876
:101EC000033C14F8033CD80712D5062128462CF011
:101ED00090FD304602212CF08CFD2068D0F8A060E7
:101EE00076B134F8041C0029B9D004B0BDE8F08103
:101EF000990701D50821E9E75A07EAD50A21E5E75C
:101F00000A4C23685B07F0D07030F8F7C9F8084B2B
:101F10000390CDE901630096334601222146304605
:101F20002CF058FDE1E700BFA00F0600A012002032
:101F3000770F060030B50E490B685B0785B0044685
:101F4000A0F5A07508D00B4B02930023CDE9003318
:101F5000012218462CF03EFD28460821FFF75CFCC4
:101F60000421A4F59E7005B0BDE830402CF041BDC1
:101F7000A01200208C0F06002DE9FF410446FEF759
:101F800021FE0546002878D0071D032138462CF095
:101F9000E6FC002871D0D4F8A00008B12CF0FEFEB9
:101FA00004F17008207A414600F090F80646C4F823
:101FB000A000C0B93C4C23685B070DD04046F8F741
:101FC0006FF83A4B0390CDE9016300963346012246
:101FD000214630462CF0FEFC0821284604B0BDE81E
:101FE000F041FFF7B5BC0E2138462CF0B8FC28B103
:101FF000D4F8A020537B43F0020353732A7AD4F819
:10200000A010032A4B7B3BD8002A40D0D4F8A02054
:10201000537B43F0010353736B7B297DD4F8A020DD
:102020008B4228BF0B461373052138462CF097FCD2
:10203000D4F8A0305A7B98B342F010025A730D21A5
:1020400038462CF08CFCC0B1D4F8A00020212CF034
:10205000A1FED4F8A03005F147021A33573552F8E3
:10206000041B43F8041BAA42F9D1D4F8A020002392
:1020700013615361D4F8A020138304B0BDE8F0814C
:10208000053A012A03D843F020034B73BEE723F03F
:1020900020034B73D4F8A020537B23F00103BAE74D
:1020A00022F010025A73E8E7A0120020C50C0600C7
:1020B00008B5044B044801221A70FAF777FE002095
:1020C00008BD00BF2A710020280D002070B50F4CFC
:1020D00014F8013B834206460D4604D107222046F0
:1020E00023F0B4F868B10A490A48072223F0AEF891
:1020F00048B904F8016C2B682360AB88A380AB79E6
:10210000A371024870BD0020FCE700BF34370020F7
:10211000CBF405003537002010B40B461146044AB5
:10212000D489044202D010BC1046184710BC704736
:1021300034370020F8B50C4CE389074620463B4075
:102140000D464FF00006114610F8012B07D09542BE
:1021500003D1072223F07AF818B1304600E0184680
:10216000F8BD2046FCE700BF34370020F8B50B78F7
:10217000012B06460C4601D00020F8BD8B7903F0F8
:10218000C003402BF8D1174DEF892946BF0711F83E
:102190003A2B4FF0000304F1010006D5B24204D1FE
:1021A000062223F053F8D0B10023EA89297802F0FF
:1021B0000202002BE0D1002ADED0B142DCD1671C44
:1021C000094839462AF0DBFD01230028EDD0D4F878
:1021D0000130C5F83A30054BB4F805209A80014823
:1021E000CBE700BF343700205E3700206E37002079
:1021F00010B5074C2378834208D10722601C23F0D6
:1022000025F800280CBF2046002010BD0020FCE768
:10221000343700202DE9F0479AB01D46DDE92397B9
:102220002E4B16460CAA84468A4603F1300E904681
:1022300018685968144603C4083373452246F7D119
:1022400018681B79206023716146202204A82CF0B5
:10225000B3FD23486B46202204A900F071F8044620
:10226000C0BB102251460DF135002CF0A5FD102207
:1022700031460DF145002CF09FFD2946062211F84C
:10228000013B8DF855300DF156002CF095FD22994B
:10229000062211F8013B8DF85C300DF15D002CF049
:1022A0008BFD4B4635224146684600F049F804460E
:1022B00080B948462CF08AFD01238DF83030352254
:1022C0003B464146684600F03BF8044610B93846A4
:1022D0002CF07CFD20461AB0BDE8F0877D8005001B
:1022E000E00F060070B598B00E4614460146202255
:1022F00004A81D462CF060FD202231460CA82CF0CD
:102300005BFD1022294614A82CF056FD1022214610
:1023100068462CF051FD6B46502204A9184600F087
:102320000FF840B9039B054A1BBAB3FBF2F102FB5D
:1023300011331C9A136018B070BD00BF40420F00EB
:102340002DE9F0418CB004460D46164600211422BA
:1023500007A81F4623F02AF84FF41053ADF81830A1
:10236000DFF87C808023ADF81A304FF44063CDE96C
:102370000838214604AB102206A832F036FD044688
:1023800090B118490B685A0709D0174B02930023E4
:10239000CDE900330390012218462CF09AFD6FF02E
:1023A00004000CB0BDE8F08105AB029310232A466F
:1023B000CDE9007341463346049832F060FF05468C
:1023C000049832F013FC2843EBD006490B685B07F6
:1023D000E5D0064B0395CDE9014300942346DAE7A7
:1023E0000002C00368120020FA0F06001610060053
:1023F00000F1070C2CF0030C10B4541E1860A4B2AA
:10240000ACF80020023A93B201FB04F24FF0000C4A
:1024100040F802C074B103FB011403FB01F2204435
:10242000121B4FF6FF7C013B9BB263458050A0EB33
:102430000100F8D110BC70470346006810B1026873
:102440000AB91A60704700F1070C2CF0030CD11D7B
:10245000BCF800C021F003010CF1FF3CA1F800C062
:10246000EFE700BF0B687BB1073323F003031A8843
:10247000013292B20346D1F800C043F807CB23F0F3
:1024800003031A80086070470122F3E702FB010092
:10249000704700BF401A90FBF2F080B2704700BF57
:1024A000531E11449BB242B1DB430138CA1811F8E4
:1024B000013D00F8013F9142F9D17047014402E02B
:1024C00010F8013B1BB98842FAD100207047012067
:1024D000704700BF10600860704700BF0A6803467D
:1024E0000068904205BF00220A6000201A60704711
:1024F000D2F800C0CCF80000D2F800C0CCF804102C
:1025000010607047884203D01AB143681360704767
:10251000002070470B68834209D02AB158681060C8
:102520001A680A6018467047002BF9D1FAE70023B1
:10253000F8E700BF2DE9F041DFF830800C4E0C27A2
:1025400006F130044546221D214628460C3CFFF783
:10255000C1FFA642A5F10805F5D1043F3B1DA8F136
:102560002008A6F13006EBD1BDE8F081F03700205D
:102570007C38002010B403468C469AB101EB41012F
:10258000144803EB4304090101EB84010144487A38
:102590000C7AA04204BF0130087210BC6146184694
:1025A0000EF0DCBB01EB41020A4C120100EB4003D0
:1025B00002EB830323449C7ADA7AA24201D010BC56
:1025C000704701329A72044B01225A5410BC0EF02B
:1025D0001DBC00BFF837002074370020F8B5064650
:1025E0001C460D4602B322786378D21A12F0030219
:1025F0003AD1274F71004FEA450C3144AC44890071
:1026000001EB0C1101330431DBB27A1860682370DE
:102610002146FFF76DFF1F4B0122294630465A55D0
:102620000EF0F4FB0020F8BD0EF0DAFB0028DAD043
:10263000294630460EF0B2FB0028D4D005EB450207
:1026400006EB4601124F6378120102EB81023A4415
:102650007100907AD27A90424FEA450C0CD02078E3
:10266000C01A10F00302C8D0012A03D00133DBB234
:102670002370D0E71046F8BD2278D21A920702D014
:102680000233DBB22370D4E902039847CAE700BFE4
:10269000F8370020743700202DE9F04FDFF86491FF
:1026A00019F8003089B0002B5AD0DFF85CA13C2229
:1026B00004234FF0000B00EB400712FB0033032410
:1026C000CDE904BB09F800B00AEB071703930294A5
:1026D0008346B8460023B96A58F8240F079307AA1F
:1026E000FFF710FF044607AAB4B1079D2E7869785A
:1026F000761A06F00306012E35D02B78591A01F010
:1027000003010129DBB23DD1D7E90901FFF7FAFE48
:10271000044607AA002CE8D197F82E3097F82F200E
:102720009A4203D087F82F300123049397F82C3076
:1027300097F82D209A4203D087F82D300123059376
:10274000029B5D1EEBB2FF2B0293A7F10C07C0D1D9
:10275000049AD846DDF814B012B1BBF1000F45D091
:1027600009B0BDE8F08F01396970079BD3E9020316
:102770009847079D2A786978D3B2521A02F003026B
:10278000012A21D0B86A019300224146FFF7C2FE18
:102790006C60019B6A786B702B789B1A03F00303C3
:1027A000012B08D0D7E9090107AAFFF7ABFE012EDC
:1027B000044698D10EE0039B6A70294620460AEB36
:1027C0000302FFF795FEEDE7D7E9090107AAFFF736
:1027D00099FE0446029B8BB101235946584609F8DD
:1027E0000B300EF013FB09B0BDE8F08F5A4641469E
:1027F000404609B0BDE8F04F0EF0B0BA002C8BD0C7
:10280000EAE700BF74370020F83700204B1EDBB228
:1028100071B1411E00EB030C002011F8013F23B100
:102820005A1E01301340C0B2FAD16145F5D170474C
:102830000846704730B5037E0568FF2B14D003EBC4
:1028400043028B4205EB021227D04FF0000C01E04F
:1028500099420BD09E4613789468FF2B03EB4302FA
:10286000A44405EB0212F3D1002030BD714517D00E
:102870000FFA8EFE137890680EEB4E0E4FEA0E1E86
:10288000FF2B05F80E3006D003EB430305EB0313D3
:102890009A6802449A60604430BD9E464FF0000C36
:1028A00013780376E4E700BFA2EB010C1CF4000FE1
:1028B00010B4836844690AD12CF07F4C6344A3426E
:1028C0000DD8E41A00234461836010BC7047891A54
:1028D00021F07F418B4208D95B1AA342F1D91B1B1F
:1028E00000244461836010BC70470C44E41AE9E79B
:1028F0002DE9F843284DBDF82C7004464FF02C0EFE
:102900000EFB045E084604EB840104EB4104DEF890
:10291000041001EBC00605EB8405F47811F8308053
:10292000717804F1010C5FFA8CFCE04598BF4FF020
:10293000000C61452DD0716804EB44044FEA041982
:1029400001EB04144FF0040801F809806360089B50
:10295000A360099BE3600A9B23610C9BA361119B0D
:1029600063620D9BE3610E9B23620F9BA362109B2E
:10297000E36202236270A782A37086F803C0DEE9D7
:10298000083698472B4641460022B047A078BDE85C
:10299000F8830120BDE8F883B83800202DE9F04F16
:1029A0000346407AD3E9004587B0002800F0FD8057
:1029B000421ED2B205EBC2029A468B46039205959F
:1029C0002346039A516856780491BBF1FF0F66D0F5
:1029D0000BEB4B044FEA0418CDF804B013F808B021
:1029E00003EB041400254FF0FF0C84F800C0DAF864
:1029F00000709AF8182007EB08096245D9F808100A
:102A000018BF02960ED1CAE0091A06D1B9F81E8085
:102A1000BEF81EE0F04500F2B680B85DFF2894468F
:102A20006DD0024602EB420607EB061E3601DEF8C9
:102A300008008842E8D9029EC9F80810BCF1FF0FCF
:102A400089F8002064D00FFA8CFC0CEB4C0C4FEA98
:102A50000C1C019807F80C00FF2A06D002EB42027A
:102A600007EB0217BA68521ABA60A2780132627094
:102A7000002DAAD0AA6A4FF000012970A97022B1D6
:102A8000E96A019300209047019B6268002A9CD16B
:102A9000AA6A2262EA6A6262BBF1FF0F98D1039AC6
:102AA000049F9278994606EB4601701CB2424FEAA9
:102AB000011CC6B207EB011568D0039B17F80C1078
:102AC0001878B04208BF00260429ECD16A7802EBDE
:102AD000420809EB0814012094F801E0A1788E4522
:102AE0004FEA081818D04FF0000307F80C30AA6A14
:102AF000A8700AB1E96A9047039B9A78D3E7024627
:102B0000BCF1FF0F029EC9F8081089F800209AD185
:102B100001988AF818009FE70192AA8ADAF814103F
:102B20004FF6FE7082424B4607D04FF6FF70121AE6
:102B3000B2FA82F2520984F82C206A6AA262EA6828
:102B400062602A690293002363622262AA8A4FF6B6
:102B5000FD70824288BF1A46A283AA69A261EA690F
:102B6000E2602A6A2261AA68A26063616A682046FC
:102B7000FFF79AFEE2784FF0000342F00102E38390
:102B8000E270029B2FE7029E014655E703990598E4
:102B900081424B46A1F1080207D0039211E707F8E2
:102BA0000820019A8AF818205FE707B0BDE8F08F87
:102BB0002DE9F04F447E01238FB08376002C40F046
:102BC000B380037EFF2B814600F0AD800DF01AFC30
:102BD000D9F81420D9F81C3099F81880D9F800A039
:102BE000801A20F07F45AB4294BF00230123B8F147
:102BF000FF0F0493A34675D0059408EB48080AEB31
:102C000008144FEA0818A368AB426AD8A0781AF8EB
:102C10000880ED1A9B4463781B1ADBB2012B5DD14F
:102C2000A26AA3690393002A00F0ED801668002EC3
:102C30007DD0002B40F08E80049B002B00F008819B
:102C400004230393137A590700F0F780137A6FF384
:102C500002031372E78B94F82C207B1C9BB2E38356
:102C6000002A73D0A28B9A4270D2A26A002A00F086
:102C70004881137A03F00703012B67D00126002057
:102C800051685060A36A1A7A60F302021A72A0783F
:102C9000E7680138A0700FB36369D9F8142094F87D
:102CA00003C0ABEB0303134423F07F40626A236944
:102CB0000CF0010C002E40F0B780B4F81EE0CDE916
:102CC00000C37346B847039BE683002B049B18BFE1
:102CD00001230493E37866F30003E370B8F1FF0F78
:102CE0008BD1059C99F80B3099F80A209A4208D1AB
:102CF0000132D2B2022A1ABF14462346002389F8B1
:102D00000B4009EB83030022C3F80CB0D9F8244030
:102D100089F81A204B46012204210320A4460FB053
:102D2000BDE8F04F604784760FB0BDE8F08F039B9D
:102D3000002B66D0049B002B88D1D9F81C305B4552
:102D400084D8B8F1FF0F11D1049E98E7A378013B16
:102D5000A370C3E7049B002B7FF474AFD9F81C3039
:102D60009B45FFF46FAFB8F1FF0F47D0039BE78B94
:102D700007939C46A38B6668DDF81CE0BB429CBFB2
:102D8000FB1A99B208EB480388BF39460AEB0313D4
:102D900001FB0661069199688E452DD3CDE90C7033
:102DA000CDF82CC0DDF81CC0CDF81C90DDF80C90DF
:102DB000CDF82880CDE9085B8E46A346B046144680
:102DC000986A9A6910B1006800284FD1002A4DD145
:102DD0001B78FF2B07D003EB43030AEB031399681F
:102DE0008E44E645ECD92246DDE90A8C5C46DDE9F5
:102DF000085B0D98DDF81C90CDF80CC0002A00F09F
:102E0000978000263BE7039BA3B1049B002B7FF434
:102E100021AFD9F81C309B45FFF41CAFB8F1FF0F70
:102E2000A4D104990E4633E7CDE900C34FF6FF73F2
:102E3000B84753E7039E00212AE7A08BE18B884225
:102E40003FF604AF012161F302031372E78B02E73F
:102E5000D9F81C305B453FF6F3AEB8F1FF0F53D005
:102E60004FF0040CE78BCDF81CC083E7DD8B9F8B04
:102E70005E68BD422AD2002E41D1002CA8D0304637
:102E800026682EB1B9F1000F02D1724496423FD2AA
:102E9000BD429DD3DA789BF8031002F0010601F0E1
:102EA0000105AE4204D84A40D50791D400288FD0FE
:102EB0002246DDE90A8C5C460C9FDDF81C90DDE9BA
:102EC000085B002A32D1CDF80CC0C4E69EB1E81BE5
:102ED00080B2B8F1000F0AD000FB0660401A0699D4
:102EE00081422CBF00200120002CC9D1D0E74046F0
:102EF000002CC5D1CCE7002CC1D12046CAE728461A
:102F0000E7E7A078012696E70423049E0393B6E63C
:102F10002246DDE90A8C5C46DDE9085BDDF81C90A1
:102F2000CDF80CC0002E3FF491AE8BE61668F7E7A3
:102F300016461146ACE600BF2DE9F04F8FB0837EF8
:102F40000090002B40F0A982437E0C93002B7AD195
:102F50000098837AC27A012141769A4241690791A9
:102F600000F00E840133DBB2022B00990ABF0C9AE9
:102F70001A46134601EB82028B72D268079B0592B8
:102F8000134423F07F434B6101230B93009C267E67
:102F90000DF038FA677A236801937B1E6568049008
:102FA000DBB2002F00F0FB8405EBC30A0027FF23F0
:102FB00003930D960897DAF804B04FF000092F46F6
:102FC0009AF803009AF802800FFA88F404EB44049C
:102FD00008F1010340454FEA0416DBB20BEB041481
:102FE00000F010819AF800209A4208BF00238AF866
:102FF00002301BF806206178042A3AD9019801EBC7
:10300000410300EB0315082A4FEA03130293A87843
:103010006B7822D81B1A13F0FF032CD1062A1CD17F
:10302000009BDB7E8B4251D00BF80690A36A84F89C
:103030000290002BC4D00020E16A98479AF8030060
:103040009AF80280C0E7446A042103460122042062
:10305000A4460FB0BDE8F04F60470BF806904FF064
:103060000103A370A36A002BAAD0E16A012098474C
:10307000A6E79846A8E7052A1FD162684AB9A26860
:103080003AB9E2682AB922691AB9626932F07F4214
:10309000E3D0012B1CD0009B04215C6A3D46012239
:1030A0000846A0470123AA4508938AF80280AAF19E
:1030B000080300F0AD809A467DE7012B00F0A38164
:1030C000062AE8D1009BDB7E8B42ADD16168BCE172
:1030D000DDF800804046FFF7ADFBA860D8F814107B
:1030E000049B059A5B1A23F07F431344984240F2F5
:1030F000C481C01A6B68002B52D0A38A002B4FD01A
:10310000013B9AB2A282D5F804C0EB8B604523D96B
:103110000CF10108069709911AE06A6ADFF810E2DB
:10312000844996448E4584BF02F1E87202F5D43298
:103130004746296A94BF674602F5A572013BC01B4A
:10314000521A9BB260456A62EB8340F21D82A28AEA
:103150009342E2D8069F0999934220D2CDE90971A2
:103160000CF10102D5F820E006926A6ADFF8C0810E
:103170007049724490448845674606D8A2F1E872C7
:10318000A2F5D432069FA2F5A57201339BB26A6202
:10319000EB83A28A9A423844E7D8DDE90971AA8311
:1031A00063680344AB60A2686B69A86A13446B61EF
:1031B00028B103681BB1D4E901329B1A4360049A19
:1031C0002846FFF771FBE268AB691344AB612269E3
:1031D00093428CBF9B1A0023AB61A37D1BB1EA789D
:1031E00063F30002EA70E37D13B1013B85F82C30F4
:1031F000DDE90121039B53546B786278039201331C
:103200006B7011E73D46AA45AAF108037FF453AF5E
:103210000D9E089F00990B9B91F818B0BBEB06051B
:1032200018BF0125002B00F0B881049B079AD1F844
:1032300000809B1ABBF1FF0F23F07F495DD04FF058
:10324000000A0896CDF804A00695C2460E46C84668
:10325000DDF8149005970BEB4B050AEB05142D01D7
:10326000A2684A4500F27183019BA178E08B134468
:10327000019363785B1AF1698A4234BF891A00218D
:10328000A9EB0209A8EB020824BF4FF0FF32F27647
:10329000F161A16ADBB2002900F06C810A68A769BC
:1032A000002A00F05481002F40F05481022B00F0DE
:1032B00047830022A2601AF805203276616800294F
:1032C00040F00B81A26A2AB1127A02F00702012AA9
:1032D00000F0E6803BB1012B00D020B1236A13B18E
:1032E000616A01209847A378637096F818B0BBF123
:1032F000FF0FB0D1069D089E059F009C0B9B039974
:103300005E4518BF1D462046FFF748FBCDE9015634
:10331000D4F800B003974FF0000C009B197EFF29F2
:10332000084600F07C830D464FF0FF0905E000BF22
:103330005A2B17FF592B177F1D462BB203EB430364
:103340000BEB03161B01B26A2AB1147A04F00704CE
:10335000012C00F019821BF80330FF2BA946EBD19A
:10336000DDE90156039FBCF1000F00F01C818E4285
:1033700000F00483002F00F045810846FF2800F08C
:103380005A83FF2E00F04283DDF800A0DAF8003007
:1033900000EB400003EB0013D3F808B0BBF1000FC3
:1033A00000F0E8820DF02EF8DFF84482914F924E43
:1033B0000A250246DAF814300192D11A21F07F4131
:1033C0008B4505F1FF3501F103015CD959452CBF4F
:1033D0005B185B4423F07F494846DAF82830984769
:1033E0000DF010F8019AA9EB0203821A22F07F4235
:1033F000033223F07F439A42044646D9002D00F061
:10340000E6802246D6E7062A3FF40AAEDDF80080C1
:103410004046FFF70FFAAB78A8606B7098F81B2056
:1034200063789A427FF400AE1BF80630062B3FF417
:103430004DAE009AFF23D3761BF80630062B3FF4DF
:1034400045AE082B3FF442AE0499009B5A698B1A93
:103450001D0209D4059A23F07F4313440099CA69D9
:103460009A4288BFCB61DFE5059B521A22F07F426A
:1034700093428CBF9B1A0023F0E76A6913441B1A1E
:103480006B61002036E601230C93009A00235376EB
:10349000937E0C9A1A4340F095800FB0BDE8F08FF0
:1034A000A378C4F808906370079B019A71699A1811
:1034B00022F07F422046FFF7F7F9039B0AF8053018
:1034C0006378CDF80CB00133DBB2637096F818B0B6
:1034D000BBF1FF0F7FF4BFAE0CE7A36A23B11B7AE9
:1034E00003F00703012BDBD0B4F81EC0BCF1000FC2
:1034F0004ED1B4F81CC0E646481C0290D4E90873CB
:1035000000220494704604E001388E46441C724444
:1035100012D0DFF8E8E03A4C3B449E44A645F3D88D
:10352000DDF808E0A3F1E8730138A3F5D433441CB7
:10353000A3F5A5737244ECD1049C94F82C0063624B
:10354000002800F0F380A260A4F81EC0ACE7002FB2
:103550003FF4AFAE022B7FF4ACAE00287FF4A9AEEF
:103560000A7A02F00702012A3FF4A3AEF76186F857
:103570001BB09EE6A769002F3FF49BAE022B7FF4A1
:1035800098AE0028F2D094E6069F0999A28AE3E556
:10359000A37863704FF0000EAEE7009C03992046BD
:1035A000FFF7FCF9217E8E427FF4E4AE002F00F09D
:1035B0000F82009B002D40F06E825D769B7E002B7B
:1035C0003FF46BAF009B01225C6A03213FE540F6AC
:1035D0005B4342463946304627F015F885F311889B
:1035E000BFF36F8F0323184602DF2246E2E600BFD7
:1035F000048F0500109205006C8F05005A2B17FFF1
:10360000592B177F009B5A7A5C68531EDBB2012549
:10361000002A3FF4B2AECDE9075604EBC303019391
:103620000694019B5E78DA785B68B24218BF1D464B
:1036300067D036B206EB4606330105EB0616EB5CA7
:10364000012B49D0022B51D1D6E901C133699CF835
:103650000040D6F80CE00593009BDEF80080D3F81C
:1036600000905869FF2CD6E905AB02D00B68834265
:1036700056D0009B4FF000081C7E0860FF2C27D01E
:10368000CDE90256CDF810C05646F24609E0BA68B8
:103690004244B04788B919F80540BB68FF2C9844EC
:1036A00038D004EB440509EB05172046B9695B46A1
:1036B0002D01002EEBD10029EDD00599DDF810C0C9
:1036C000BB68DDE90256D64609B17A6A0A609844B9
:1036D0008CF80040CEF80080B36A4FF00002B27060
:1036E00013B1F16A00209847019BDA7801994E786E
:1036F0000B780136F6B2B34208BF0026B2424E70D4
:1037000097D1019A06998A42A2F1080300F0D1806C
:10371000019386E7DDE90256DDF810C0D646D7E70B
:1037200004EB4404230119F80340A7E790457FF612
:103730000AAF8646481C0290029C0995704605E037
:103740008E4672440130904580B212D9DFF8A4E26F
:10375000A94D3B449E44AE45F2D8A646A3F1E8737A
:103760007244A3F5D43301309045A3F5A57380B21C
:10377000ECD8049C099D636260441FFA80FCE2E679
:103780000C9B0B93059301E4B1681C46134600297A
:1037900040F00881D6F81880B8F1000F15D11A68EA
:1037A000002A40F0F880954A9549964840F6BD13A6
:1037B00026F029FF002383F31188BFF36F8F0323C3
:1037C000184602DFB26A4FF00408009BDB69191D3E
:1037D0005368049318461368984280F0C080A3EBA6
:1037E000000C1BF80430FF2B00F0B980C445C0F07A
:1037F000B6804FF0000E0595C24677460D46CDF8CF
:1038000018903AE0A7F10409F144E14528BFE146E8
:1038100008EB050084450DD3D1450BD3B0690028D2
:103820003DD0107A00073AD4B9EB080002D0A84284
:1038300080F02881886A20B1007A00F00700012812
:1038400027D0886928B3496819B3B169BE440430E8
:1038500000EB0E0509B3107A0007ACEB080103D5A5
:103860008D4294BF294600211BF803300027FF2B0F
:1038700022D008EB0E0AD4451ED303EB43030BEB17
:1038800003111B0188680744042FBBD84FF00009BF
:10389000BEE71BF803300021E9E72946E4E7002DE5
:1038A000C8D0A9EB0809A945C4D32946DDE90559C3
:1038B00004E0DDE907567CE6DDE90559049B0B448D
:1038C00053601BF80400FF2818BF4FF0FF0E01D112
:1038D000C0E0184603B203EB43030BEB031C1B01D0
:1038E000DCF808708F4280F0D1801BF80330FF2B8A
:1038F0008646A1EB0701ECD1FF28B16015D0B9F1E4
:10390000FF0F1BF804106CD00FFA89F303EB43038D
:103910001B010BF8031000B200EB400003011BF881
:1039200003100BF804100BF80350F38B013BF383E7
:10393000137A022161F3020313724FF0010CECE4DD
:1039400000287FF4B6AC04270AE64B46D21A009B47
:10395000A260069D089E059F93F818B0CDE4049BD5
:1039600053601BF80430FF2B08BF002172D00023E6
:10397000B360DAE7009B83F819B023E6002F7FF4E9
:1039800003AD009B5A7A5C68531EDBB2002A3FF4F9
:10399000FBAC65463FE61A464FF0040815E7FF23E7
:1039A000039337E4154A1849164840F6B51326F034
:1039B0002AFE002383F31188BFF36F8F0323184679
:1039C00002DFD6F81880B8F1000F0DD0B26AFCE61D
:1039D000009B5A7A5C68531EDBB2002A7FF41BAE50
:1039E000E7E5009B197696E7B36A002B3FF4DBAE60
:1039F000D5E600BF5A2B17FF592B177F048F050000
:103A00008C8F05006C8F0500448F05000CF0FAFCCC
:103A100004460CF0BFFC009BC8B1187EB4E4DDE99D
:103A20000156039FBCF1000F3FF4BDADFF2E13D034
:103A3000002F3FF4E7AD0CF0BDFC0446B8B1009A8E
:103A400000235376937E002B7FF4BCAD25E5187ED2
:103A50005C6199E4B16068E7002FECD1009B5A7A71
:103A60005C68531EDBB2002AE5D06546D3E5009DB5
:103A7000E8610CF0C7FC6C766861AB7E002B3FF40C
:103A80000CAD9FE5DDE90559014617E77F1ACCF833
:103A90000870704630E7187E70E400BFF8B5069EE7
:103AA0009DF81C50089CB8B9144F3A605A1E3972E0
:103AB0007B727E60D2B273B106EBC20254601146D3
:103AC00012F808398E4203EB4300A5EB030304EB25
:103AD0000014DDB2F2D10DB10120F8BD099B3B62AB
:103AE0000A9B7B62FF240B9BBB623C760CF08AFC3A
:103AF0007D817861FC76FD612846F8BDB8380020EC
:103B0000044B2C2202FB0033187A003818BF012026
:103B1000704700BFB838002010B40A4B2C2202FBBB
:103B20000032546A5CB100EB800200EB420003EB10
:103B30008003A446012210BC03210220604710BC70
:103B4000704700BFB838002010B58AB00C9C0094B4
:103B50000D9C01940E9C0294BDF83C400394109C73
:103B60000494119C0594129C0694139C0794149C35
:103B7000089400240994FEF7BBFE0AB010BD00BFF4
:103B800010B4BDF81040049410BCFEF7B1BE00BFE5
:103B90002DE9F84F294DBDF834609DF83880044672
:103BA00008462C2101FB045104EB840704EB470475
:103BB00005EB84054C6804EBC00E14F830909EF8B9
:103BC00003409EF8017004F1010C5FFA8CFCE145A2
:103BD00098BF4FF0000C67459DF844902AD0DEF85E
:103BE000047004EB44044FEA041A07EB04144FF08A
:103BF000050B07F80AB063600A9BA3600B9BE360A8
:103C00000C9B23610F9BA362109BE36202236270F3
:103C1000A68284F8168084F81790A3708EF803C0EB
:103C2000D1E9083698472B4600220421B047A078F6
:103C3000BDE8F88F0120BDE8F88F00BFB83800203C
:103C400010B588B00A9C00940B9C01940C9C0294C3
:103C5000BDF8344003949DF8384004940F9C0594BB
:103C6000109C069400240794FFF792FF08B010BD43
:103C70002DE9F0411E4D064608462C2101FB065E4B
:103C800006EB860406EB4404DEF8046005EB8407CB
:103C900006EBC00516F83060EC78697804F1010C89
:103CA0005FFA8CFC664598BF4FF0000C61451BD055
:103CB000696804EB4404260101EB04144FF0070883
:103CC00001F80680A362069BE36202236270A37080
:103CD00085F803C0DEE9083598473B4600220421F9
:103CE000A847A078BDE8F0810120BDE8F08100BFC1
:103CF000B83800202DE9F0411F4D064608462C211A
:103D000001FB065E06EB860406EB4404DEF8046065
:103D100005EB840706EBC00516F83060EC7869788F
:103D200004F1010C5FFA8CFC664598BF4FF0000C63
:103D300061451DD0696804EB4404260101EB0414BD
:103D40004FF0080801F806806360069BA362079B9A
:103D5000E36202236270A37085F803C0DEE90835D0
:103D600098473B4600220421A847A078BDE8F0818F
:103D70000120BDE8F08100BFB83800200CF042BB44
:103D8000401A20F07F40704701480021704700BF73
:103D90007F410100022801D00120704738B5044658
:103DA00008461D4603F00EFE10B10020287038BDF5
:103DB000204638BD002303700B70704738B50546A8
:103DC00000200C4603F0C8FA70B93DB9074B44B166
:103DD00020681860A2889A80002038BD044B002C0F
:103DE000F6D11C609C80F7E70C2038BDEC38002031
:103DF000E43800200128034605D8044A0448002B73
:103E000008BF104670470020704700BFEC38002004
:103E1000E438002001280AD8064A074B002818BFBA
:103E20001346186808609A888A80184670470023ED
:103E300018467047E4380020EC38002010B50446DE
:103E40000AF028FD50B90BF0A1F9D0B90BF0CAFD6A
:103E500050BB2046BDE810401FF04EBB1C4A1D4918
:103E60001D4840F6571326F0CEFB002383F311883C
:103E7000BFF36F8F0323184602DF0BF087F900288A
:103E8000E4D0134A1349144840F65C1326F0BBFBF8
:103E9000002383F31188BFF36F8F0323184602DFDB
:103EA0000BF0A0FD0028D4D0094A0A490A4840F680
:103EB000681326F0A8FB002383F31188BFF36F8FEC
:103EC0000323184602DF2046BDE810401FF014BB54
:103ED000E48F0500209005006C8F05000860014804
:103EE0001FF00ABBB44400201FF006BB2DE9F84FB9
:103EF00089462A4D99F8003095F84010072B88BF65
:103F00000B469A423ED05C1CE4B29246082C35F82F
:103F100033200280834608BF002405EBC30300263C
:103F200001274FF012081AE0012833D0C3F80480AB
:103F300089F8004095F84030072C98BF23469A45F1
:103F400021D01AB20133DCB235F83200BBF80010D0
:103F5000082C08BF0024884205EBC20313D158681F
:103F600060B1FF28E0D9027902F00302013A012A88
:103F70000CD912225A6003F03DFDD9E701365F608B
:103F8000F6B2D5E700263046BDE8F88F0136F6B226
:103F90000122EFE70136F6B2CAE700BF2039002060
:103FA0002DE9F047374F3B8898425DD913F0FF0564
:103FB00028D0DFF8D4A0DFF8D4809AF81540DFF8D5
:103FC000D0909AF814300134E4B2052C08BF0024D4
:103FD000A342404618D0FEF72FFA064648468EB157
:103FE000FEF72AFA002841D006609AF815304AF800
:103FF00023003B888AF81540013D013B15F0FF0581
:104000003B80DED1BDE8F0873B88002BFAD0DFF89B
:1040100084A01E4D9AF80D401D4E4FF0000801344B
:10402000E4B2032C9AF80C3008BF0024A3422846BF
:10403000E8D0FEF701FA81463046B9F1000FE1D031
:10404000FEF7FAF9C0B1C9F80480C0F800909AF8F8
:104050000D304AF823003B888AF80D40013B9BB2A3
:104060003B80002BDBD1CDE70546A2E73046074970
:10407000BDE8F047FEF7F6B948460449BDE8F04709
:10408000FEF7F0B988390020C44200208C390020A6
:10409000E0390020683900202DE9F84F414B424FAC
:1040A000DFF80891DFF8FCB00422981824214FF0C3
:1040B0000008A7F81480FEF79BF93C4B0422082166
:1040C0009818FEF795F997F814A07C7D0426013422
:1040D000E4B2052C08BF0024A245484613D0FEF7E1
:1040E000ABF90546584675B1FEF7A6F9002854D03D
:1040F000C5F8048005607B7D47F82300013E16F07B
:10410000FF067C75E3D12A4B0822181D4FF48E71EF
:10411000FEF76EF9274B0A22181D0821FEF768F9F1
:104120002448FEF789F90446C8B1234A2046111FE6
:10413000FEF7D0F91F48FEF77FF90446F0B11F4A99
:104140002046111FFEF7C6F91D4B0622FF201A80DC
:10415000FFF726FF08F004FF0020BDE8F88F194A9A
:1041600019491A4840F6321326F04DFA84F31188A3
:10417000BFF36F8F0323184602DFD6E7114A1249B7
:10418000124840F6391326F03EFA84F31188BFF343
:104190006F8F0323184602DFD1E704492846FEF754
:1041A00061F9B0E70043002094430020DC42002086
:1041B000E03900208C390020843900207C3900202F
:1041C00088390020E48F0500549605006C8F0500A7
:1041D0002DE9F04FDFF88882DFF88892DFF888B2A7
:1041E000DFF888A287B0D8E9000103AAFEF78AF9B0
:1041F0000546002834D0039C002C71D0207804AAF6
:1042000002A904F067F80446002855D0DDE903133D
:10421000BDF808200F78ADF80A20059305AE0DF122
:104220000A0504F069F82146059ABDF80A0004F071
:10423000A9F8204604F02AF832462946384604F008
:1042400049F804460028ECD1D9F800001FF054F9D1
:10425000D8E9000103AAFEF755F905460028CAD19E
:1042600004AA02A90DF1070004F01CF80446002876
:1042700046D0049B05939DF80770BDF80830ADF853
:104280000A3005AE0DF10A0504F036F82146059A0C
:10429000BDF80A0004F076F8204603F0F7FF324636
:1042A0002946384604F016F804460028ECD16D4B38
:1042B00018681FF021F996E7039B05931B79013BD2
:1042C000172B20D8DFE803F02F43861F1F1F1F1F67
:1042D0001F1F1F1F1F1F1F1F1F1F1F1F1F1F7B2F82
:1042E000634840F604235A46514626F08CF984F37D
:1042F0001188BFF36F8F0323184602DF039C7DE70D
:1043000007B0BDE8F08F584A5A49594840F6A433DF
:1043100026F079F9002383F31188BFF36F8F03230D
:10432000184602DF5FE74E49D8F804000022FEF786
:10433000F1F8514B059993F8413028460B704F4ADC
:10434000FEF7D6F8474B18681FF0D6F84BE74449FC
:10435000D8F804000022FEF7DDF8059EB46844B1E9
:10436000237803F0FF07002B6AD02378013BDBB2F0
:104370002370337B23B1012B52D13046EAF7C4F8C6
:104380003F4A00273773537D117D0133DBB2052B84
:1043900008BF3B46994234D03560517D42F82160D8
:1043A0005375002C3FF41FAF2378002B7FF41BAF15
:1043B0006369002B3FF417AFA069984713E72849BA
:1043C000D8F804000022FEF7A5F80599284603F066
:1043D0009DFD08E705A9284603F0C2FD2049D8F84D
:1043E00004000022FEF796F8059900293FF4FBAE81
:1043F0000B792D2B3FF4F7AE1F4B284693F8413035
:104400009CE7194A1F491A4840F6124326F0FBF868
:1044100087F31188BFF36F8F0323184602DFC0E7CD
:10442000114A1449124840F60B4326F0ECF80023D9
:1044300083F31188BFF36F8F0323184602DF9FE7D2
:10444000094A11490A4840F6B43326F0DCF887F3EC
:104450001188BFF36F8F0323184602DF85E700BF83
:1044600080390020B0440020E48F0500289005002A
:104470006C8F050044900500203900207C39002015
:1044800094430020489005002C90050030B5314B36
:10449000314C186087B00BF06FFF2378002B53D09E
:1044A0002E492F4A2F4D05954FF0050C81F808C075
:1044B0002D4C04922D4A0220CDE9022404230D2420
:1044C000CDE900142A4A087408760B7000200621F2
:1044D000FFF7E4FA40BB01220021264832F0F8FC45
:1044E0000AF06AF9044610B1204607B030BDFFF764
:1044F000D3FD04460028F7D10AF030FE0446002818
:10450000F2D102F0D5FE04460028EDD10BF05EFAA0
:1045100004460028E8D103F0A5FC04460028E3D1B6
:10452000012009F0B7F9DFE7134A1449144840F2B3
:10453000762326F068F8002383F31188BFF36F8F8A
:104540000323184602DFC6E7FDF7F4FF01232370BB
:10455000A6E700BFB04400202D7100203C4700209A
:10456000D10E0300D10F0300690E0300CC440020DC
:104570005C470020B4440020E48F05002090050033
:104580006C8F050010B586B002F0A2FE002835D170
:1045900003F06AFC002844D10024414B2046A3F8D4
:1045A000404009F077F93F493F4A404BA1F80041AC
:1045B00094829C8101222146684632F089FC3C4B62
:1045C000224621460320C3F808D0FEF707F800284A
:1045D00057D14FF0FF324FF0FF3368461EF0C6FF51
:1045E00002F07CFE00283CD1FFF756FD48BB0021BD
:1045F000012006B0BDE81040FFF7E0BB2D4A2E4970
:104600002E4840F22E3325F0FEFF002383F311885D
:10461000BFF36F8F0323184602DF03F025FC002849
:10462000BAD0244A2449254840F25A3325F0EBFFFA
:10463000002383F31188BFF36F8F0323184602DF33
:10464000AAE71C4A1C491D4840F2A33325F0DBFFB2
:10465000002383F31188BFF36F8F0323184602DF13
:10466000C5E7144A1449154840F2963325F0CBFFAC
:10467000002383F31188BFF36F8F0323184602DFF3
:10468000B2E70C4A0E490D4840F2893325F0BBFFD2
:1046900084F31188BFF36F8F0323184602DF98E776
:1046A00020390020AC430020C4420020683900209B
:1046B000700D0020E48F0500209005006C8F050030
:1046C0005890050008B5FFF75DFFBDE808400AF007
:1046D000A3B800BF2DE9F04FDFF8DC90374E83B070
:1046E00007468846A9F1400400233B60D6E9000153
:1046F00001AAFDF707FF054600284BD0019B49465C
:104700001A784046FFF7F2FB034600284AD194F896
:1047100040208DF8012094F841200DF101010DF1A8
:1047200002009A46FFF7E2FB4AEA000212F0FF0A93
:104730000346F0D1019B1A79012A37D1DFF880B006
:10474000706852463146FDF7E5FE0BF1040128463C
:10475000FDF788FEBBF80030052B0AD801981949EF
:104760000133ABF80030FDF77DFE0120FFF718FCA8
:10477000BAE7154A154916484FF4D76325F043FFA9
:104780008AF31188BFF36F8F0323184602DFBBF84B
:104790000030E3E70F49404691F841204031FFF7F0
:1047A000A5FB0346184603B0BDE8F08F3B605346B7
:1047B000184603B0BDE8F08F60390020783900203A
:1047C00088390020E0390020E48F05006090050062
:1047D0006C8F050020390020F0B5624983B00023BA
:1047E0004868019301AAFDF795FE0446002868D0A9
:1047F00020465D49FDF736FE019B1C791D2C10D823
:10480000DFE804F0200F0F200F0F0F0F0F0F0F0F17
:104810000F0F0F0F0F0F0F0F0F0F0F322020202041
:104820002020524A5249534840F2735325F0EBFE80
:10483000002383F31188BFF36F8F0323184602DF31
:1048400003B0F0BD002CFBD1484A4B49494840F227
:104850006F5325F0D8FE84F31188BFF36F8F0323C5
:10486000184602DF03B0F0BD1A7F3C2A38D05C7FC7
:10487000C4B19B681C68606E20B100233F49636629
:10488000FDF7F0FD94F86A306FF3000384F86A30A6
:10489000002002F061FD10F0FF00D1D109F07CF89A
:1048A00003B0F0BD314A3249324840F2F64325F0B8
:1048B000AAFE84F31188BFF36F8F0323184602DF2B
:1048C000E6E72A4A2E492B4840F2354325F09BFE65
:1048D00084F31188BFF36F8F0323184602DF87E745
:1048E0009E68D6E90045F5B100277760AB6F6BB1E4
:1048F0001E4A24491F4840F2B24325F084FE87F344
:104900001188BFF36F8F0323184602DF05F16C0196
:1049100005F16800FDF7E2FD064698B12868AE672C
:1049200003F03AF8AEE7114A1749124840F2AF4394
:1049300025F069FE85F31188BFF36F8F03231846B6
:1049400002DFD1E7094A11490A4840F2B54325F090
:104950005AFE86F31188BFF36F8F0323184602DFD8
:10496000DCE700BF783900208C390020E48F050097
:10497000449005006C8F0500D0900500E0390020C0
:1049800054960500AC900500A0900500C490050069
:104990002DE9F047046881465CB3DFF86881DFF8F1
:1049A00068A15A4F2646246835791D2D10D8DFE8B6
:1049B00005F03C0F0F3C0F0F0F0F0F0F0F0F0F0FD6
:1049C0000F0F0F0F0F0F0F0F0F28583C3C3C3C3CB4
:1049D00040F2AC6342465146384625F014FE0023AF
:1049E00083F31188BFF36F8F0323184602DF002C77
:1049F000D8D10023C9F80030BDE8F047FF20FFF709
:104A0000CFBA337F3C2B66D0F3B13E4A40493F4892
:104A100040F2D75325F0F7FD002383F31188BFF34D
:104A20006F8F0323184602DF35796DB9394940F29B
:104A30002D634246384625F0E6FD85F31188BFF325
:104A40006F8F0323184602DF334D2B88052B31D897
:104A5000013332492B803046FDF704FD002CA1D1F3
:104A6000C7E7F688002EC2D1304602F0A3FFD0F887
:104A7000943005466BB1234A2949244840F29B6390
:104A800025F0C1FD86F31188BFF36F8F032318460D
:104A900002DF05F1880105F18400FDF71FFD0646E0
:104AA00008B3C5F89460284602F076FF002C7FF426
:104AB00079AF9EE71B494FF4D7634246384625F04D
:104AC000A2FD002383F31188BFF36F8F03231846E1
:104AD00002DF2B88BCE711493046FDF7C3FC002CF0
:104AE0007FF460AF85E7074A0F49084840F29E63AC
:104AF00025F089FD86F31188BFF36F8F03231846D5
:104B000002DFCEE7E48F0500449005006C8F0500BE
:104B1000F49005000091050088390020E03900205C
:104B20002891050060900500549605000148FDF7A6
:104B300083BC00BF8C3900200149FDF793BC00BF46
:104B40008C3900200148FDF777BC00BFE039002018
:104B50000149FDF787BC00BFE0390020034B044A40
:104B600093F841300B70FDF7C3BC00BF2039002023
:104B70007C39002008B5064B064A93F841300B708B
:104B8000FDF7B6FC044B1868BDE808401EF0B4BC45
:104B9000203900207C390020B04400200B490A7BDA
:104BA0004B7B9A420AD8A3EB020C5FFA8CFC60455F
:104BB00009D89A4207D051F82200704703339B1A54
:104BC000DBB29842F7D90020704700BF6839002057
:104BD000074A117B537B8B4208D04B1CDBB2032B63
:104BE00008BF002352F8210013737047002070475C
:104BF0006839002008B5134A92F841C092F840E0A5
:104C00000CF10103DBB2082B08BF00239E4508D03E
:104C100022F83C0002EBCC0CCCF8041082F84130B6
:104C200008BD094A09490A4840F2127325F0EBFC15
:104C3000002383F31188BFF36F8F0322104602DF36
:104C40001B80FFDE20390020E48F0500A4970500BB
:104C50006C8F05000022042302700B70704700BFA8
:104C6000002208B511460B4B0120FDF7B7FC00B937
:104C700008BD094A09490A4840F2317325F0C3FCCE
:104C8000002383F31188BFF36F8F0323184602DFDD
:104C900008BD00BF600D0020E48F050040910500B5
:104CA0006C8F0500022810B50C4602D00B68022B51
:104CB00007D004484FF0FF324FF0FF331EF056FC90
:104CC000206810BDB444002004490A680AB11046A7
:104CD0007047024608601046704700BF1C3900202C
:104CE000044A136823B1984206BF002111600023D3
:104CF000184670471C390020014B1868704700BFE8
:104D00001C39002004490A680AB11046704702465F
:104D100008601046704700BF64390020044A1368D9
:104D200023B1984206BF0021116000231846704746
:104D300064390020014B1868704700BF64390020B7
:104D400030B505682B7887B05BB30446012200219B
:104D5000684632F0BDF8144BC5F818D06B612B785B
:104D6000FBB1124B0022114603209C60FDF736FC7C
:104D700038B94FF40042002368461EF0F7FB07B035
:104D800030BD0B4A0B490C4840F2E97325F03BFC5F
:104D9000002383F31188BFF36F8F0323184602DFCC
:104DA000E7E76FF07700EAE7E93E0200500D0020E8
:104DB000E48F0500409105006C8F0500F0B5254E8D
:104DC000336885B00C461746002B36D0994215D172
:104DD0000223039303AB0246009303211E4B0020E2
:104DE000FEF746FF022805460CD0039B022B09D193
:104DF00095B133680BB19C4221D014B36FF02D00F4
:104E000005B0F0BD15484FF0FF324FF0FF331EF0F4
:104E1000ADFB039D002DECD13846FFF791FF3368C1
:104E20000BB19C4211D0002CE8D10028E8D010F141
:104E3000780F08BF002005B0F0BD3160C8E700233F
:104E400033606FF0770005B0F0BD35600028D7D033
:104E5000EDE700BF1C390020DD3E0200B444002015
:104E60000B490A7D4B7D9A420AD8A3EB020C5FFAEC
:104E70008CFC604509D89A4207D051F8220070474F
:104E800005339B1ADBB29842F7D90020704700BF68
:104E9000C4420020074A117D537D8B4208D04B1C31
:104EA000DBB2052B08BF002352F8210013757047B1
:104EB00000207047C442002038B50C46054603F078
:104EC000EBF9207021462846024ABDE83840FDF73C
:104ED0000FBB00BF843900200122024B1146002085
:104EE000FDF77CBB400D002070B50C46054603F075
:104EF000D3F921462070064A2846FDF7F9FA012227
:104F0000BDE87040034B11460020FDF767BB00BFB2
:104F100084390020400D00202DE9F0431A4D9DF802
:104F20001C8095F801C10CF1010E5FFA8EFEBEF1F6
:104F3000080F994695F8003108BF4FF0000E7345F1
:104F40001DD0144605EB4C1CE36807460E4610685E
:104F50005168926864460FC49CF81C30CCF8186005
:104F600008F0010823F0030343EA0803CCE904979F
:104F70008CF81C3085F801E16046BDE8F0834FF005
:104F8000000C6046BDE8F083AC430020054890F873
:104F9000003190F801219A4214BF00EB4310002029
:104FA000704700BFAC43002001460B480A7890F8D8
:104FB0000131072A84BF90F800210A70934208D07B
:104FC000531CDBB2082B08BF002300EB42100B7010
:104FD00070470020704700BFAC4300202DE9F04F20
:104FE000444F97F8004197F8013185B0A3420290F1
:104FF0003FD04FF0000A07EB44140A25CDF80CA06F
:10500000D346CDF804A0267FD4F80C90C6F3400810
:1050100006F00106002D47D0013DEDB2B8F1000FBA
:105020002AD097F8013197F80041A34221D00134EA
:10503000E4B2082C08BF0024A34287F8004118D02E
:1050400007EB4414E368B8F1000FDCD1002E3AD12D
:10505000019A002A47D0BBF1000F08BFCB46227F40
:105060009107D0D4D20735D4019A9A4201D09B45FA
:10507000C9D105B0BDE8F08F1F4B02989C60424635
:105080004146FDF7ABFA0028CBD01C4A1C491D480D
:1050900040F67E0325F0B7FA88F31188BFF36F8FCF
:1050A0000323184602DFBCE7144A1749154840F6A7
:1050B0006F0325F0A8FA85F31188BFF36F8F0323E0
:1050C000184602DFA8E7039A82B1BAF1000F08BFC1
:1050D000CA46C4E7BBF1000F95D1039A9A42C8D0E3
:1050E0009A4590D1C5E7CDF80490B8E7CDF80C907B
:1050F000B5E700BFAC430020300D0020E48F050071
:10510000409105006C8F050048910500054B1A7D04
:10511000597D914204D053F8220010B10C307047F1
:10512000002070479443002070B5134A117D537DD1
:105130008B421ED04B1CDBB252F82140052B08BF1E
:1051400000231375ACB10223002526682371256066
:10515000A06003F0A1F8094A207021463046FDF70F
:10516000C7F90122064B11462846FDF737FA2046BB
:1051700070BD0024FBE700BF944300208439002069
:10518000400D002010B582B00024CDE90044049BFE
:1051900009F038FD02B010BD10B50346007F1A6952
:1051A0009969012482B02040CDE90004586909F0D2
:1051B00029FD08B1773001D102B010BD074A084976
:1051C00008484E2325F01FFA002383F31188BFF30C
:1051D0006F8F0323184602DF02B010BD5091050007
:1051E000949105006C8F050010B50469FFF76AFA09
:1051F00040B90C48F1F7ACFD0B48F1F7A9FD0020D0
:10520000206010BD094A0A490A4840F2793325F066
:10521000FAF9002383F31188BFF36F8F0323184635
:1052200002DFE6E788240020D0230020A8910500B3
:10523000209005006C8F05002DE9F047464FD0F80F
:105240001080DFF818A1DFF8189182B006464FF001
:10525000FF324FF0FF3338461EF01CF90028F6D01D
:1052600043790190042B22D8002B4FD13D4840F2C6
:1052700012235246494625F0C6F9002383F31188CC
:10528000BFF36F8F0322104602DF019A01A813605B
:10529000FFF77EFB4FF0FF324FF0FF3338461EF032
:1052A000F9F80028D3D043790190042BDCD9052BE1
:1052B000DCD14FF0FF324FF0FF330820F4F7A8FFA6
:1052C00004462146019801F023F8019B00221A6050
:1052D00001A8FFF75DFB002CB9D0204627F022F98A
:1052E00021460546002027F043F92B8A044629462B
:1052F00030463BB1D8F8003098471EF049FF002CEB
:10530000EBD1A4E72846F2F7B5F9F6E7022B13D064
:105310004FF0FF324FF0FF330220F4F779FF0446DD
:1053200001989CB1214601F02FF8019B00221A60E0
:1053300001A8FFF72DFBD0E7002200230121002068
:10534000F4F776FF04460198002CEBD1046001A825
:10535000FFF71EFB7BE700BF80480020A8910500F7
:10536000449005006C8F050010B586B000230A9AA2
:105370000BACCDE90224CDE9003301221846059497
:10538000EDF740F806B010BD2DE9F0430646076979
:1053900089B00D462B4831F043FD4FF0FF3200211C
:1053A000294831F095FD2848FFF770F8044638B1D8
:1053B00026490B685B0736D1204609B0BDE8F0836B
:1053C0003D6001F02FFB4FF000084FF000096FF037
:1053D0000903CDE90334CDE90689CDE901441C4B2D
:1053E0001C4900964FF4E0721B481EF041FC1B491B
:1053F00019481EF077FB6FF00702CDE90324CDE9D1
:105400000689CDE90144164B164900964FF46072A7
:1054100015481EF02DFC154913481EF063FB20466D
:1054200009B0BDE8F083124A0023CDE90220CDE99E
:10543000003318460122FFF797FF204609B0BDE868
:10544000F08300BF8048002098480020741200209C
:105450008D54020000A0002088240020089205003E
:1054600039520200409C0020D023002014920500F5
:10547000E89105000B7E0269022B01D013681847E2
:10548000CB681B78052BF9D1704700BF2DE9F0439D
:10549000DFF8C080304F83B005460DE0F4F7C8FE5A
:1054A0002246BDF80210044601F08EFA2146284635
:1054B000FFF7E0FF1EF06CFE0DF1020101A8FFF7FF
:1054C00009F904464FF0FF324FF0FF33002113205B
:1054D000002CE3D1019BB3B1FFF77EF9DDF8049016
:1054E000484601F089FA019E89F805007379032B7B
:1054F00002D13379182B0ED03146384631F0CFFC2B
:10550000019B002BD8D14FF0FF324FF0FF334046C4
:105510001EF02CF8D0E74FF0FF3321464FF0FF325A
:105520000520B6F80690F4F783FE49460246044685
:1055300006F11C0000F0C4FE484600F0E1FE2146E2
:10554000284624B1FFF796FF2046F2F793F8019E14
:10555000D2E700BF984800208048002070B50B8A31
:1055600086B0002B44D00A7E012A0C46064618D08D
:10557000042A08D025490B685B072ED16FF015056A
:10558000284606B070BD05A9204600F0F9FD059932
:10559000054611B13046FFF76DFFBDB1284606B094
:1055A00070BD002305A92046059300F05DF9014672
:1055B00060B13046FFF75EFF059D3DB1284601F022
:1055C0001BFA68710599124831F069FC2046F2F720
:1055D00051F80025284606B070BD0E480023CDE9DD
:1055E0000202CDE9003301221846FFF7BDFEC5E7F0
:1055F00006490A685207C1D0074A0093CDE9013233
:1056000018460122FFF7B0FEB8E700BF7412002071
:1056100080480020309205001C92050010B51EF055
:1056200067FD054C204631F007FC204631F0F8FBC1
:10563000BDE810401EF070BD8048002010B586B057
:1056400000230A980BACCDE90204CDE900331846DB
:105650000594ECF7D7FE06B010BD00BF2DE9F04170
:105660001A4C6468A40004D51646194A1268120739
:1056700001D4BDE8F08103F10C0405460F46204635
:10568000022126F08CFF40F63E4303800121204694
:1056900026F085FF0346042220461A700B2126F0CF
:1056A0007EFF0570A0F801603DB97B68BA68C0F85C
:1056B0000720C0F80330BDE8F0814FF00008C0F8C3
:1056C0000380C0F80780BDE8F08100BFE802002039
:1056D000E0020020F0B5013887B0144611280AD83E
:1056E000DFE800F0233F55090967097998AB0909FC
:1056F00009090909090D6FF0150007B0F0BDCB6865
:10570000DA789978188807F017FC554B064601217E
:10571000188827F04CFD012105460C3026F03FFF8C
:1057200006702560002007B0F0BD4D4B0D21188894
:1057300027F03DFD0D2120600C3026F030FF4FF0AA
:10574000021400234FF4806101220370C0F801406D
:10575000A0F80510C271037243728372C37203739F
:10576000E0E73F4B4121188827F021FD41212060CF
:105770000C3026F014FF002104463E2200F8031BE3
:105780001FF014FE40F2A733A4F80130CAE7344BEF
:105790000921188827F00BFD092120600C3026F024
:1057A000FEFE0346002203F8012BC0F801205A60D8
:1057B000B8E7C9680020FEF701FB294B01211888D2
:1057C00027F0F5FC012105460C3026F0E8FE002309
:1057D00003702560A6E7234E214F0FCE01AD0FC504
:1057E000336838882B70122127F0E1FC12212060E9
:1057F0000C3026F0D4FE0446002301AE04F8013B31
:1058000084460FCE2D78CCF801006160A260E36081
:10581000257487E7124B1821188827F0C8FC182137
:1058200020600C3026F0BBFE00230446012100F866
:10583000023B0AF027FD607074E7094B21211888AC
:1058400027F0B5FC212120600C3026F0A8FE01468F
:10585000002301F8113B01300AF064FD62E700BF4C
:10586000A46F0020789205002DE9F041028A8CB0E7
:105870000025022A079535D9044603210C3026F06D
:10588000B5FE218A82789142C0F020810088D44EF2
:10589000C0F38523082B30801FFA80FCC0F3090574
:1058A0000DD8C3B1013B072B15D8DFE813F0250055
:1058B0001400D300F50014001400140031003F2B35
:1058C00009D107AA21462846FFF704FF163040F009
:1058D0004684B6F800C0012160460CB0BDE8F04136
:1058E00027F077BCBF490A68540740F0F6800024CF
:1058F00020460CB0BDE8F081062D00F0E7831D2D99
:10590000E9D1E368188802F081F901463088E4E7BC
:10591000681E4D28DFD801A353F820F0BD600200B7
:10592000996002004F600200D758020045600200F3
:10593000296002000F60020003600200F75F0200AE
:10594000ED5F0200D7580200D7580200D758020076
:10595000D7580200CD5F0200C75F0200BF5F0200A0
:10596000B75F0200955F0200D75802006D5F02002A
:105970005F5F0200255F0200F75E0200D758020059
:10598000ED5E0200DD5E0200BD5E0200D75802003F
:10599000D7580200D75802009D5E0200835E0200C5
:1059A000735E02003F5E0200335E0200D7580200C1
:1059B000D7580200255E02001D5E0200175E02003D
:1059C000F75D0200C55D0200935D0200895D020083
:1059D0007B5D0200315D0200DB5C0200BB5C02000B
:1059E000695C0200D7580200D7580200D75802005D
:1059F000D7580200D7580200D7580200D7580200E3
:105A0000D7580200D7580200D7580200D7580200D2
:105A1000D7580200D7580200D7580200D7580200C2
:105A2000D7580200D7580200D7580200D7580200B2
:105A3000D7580200D7580200D7580200D7580200A2
:105A4000D7580200475C0200D7580200D75802001E
:105A5000275C0200632D00F066835DD8032D00F003
:105A60003E832D2D43D1E368604604211E8893F8C0
:105A7000028027F09CFB042104460C3026F08FFDA9
:105A8000B7B20546C31C424639460220FEF782F9EA
:105A9000A5F8016028702BE7681E08283FF61BAFA9
:105AA00001A353F820F000BFFD5B0200935B0200EE
:105AB0006D5B0200D7580200D7580200D758020089
:105AC000D7580200D75802004D5B020045490B68C9
:105AD00058073FF40CAF444B00E0444B0095CDE930
:105AE000015301222B462846FFF7A8FDFFE6012DB2
:105AF0007FF4F1AEE2683E4B11685268196060466F
:105B000029465A6027F053FB012104460C3026F049
:105B100046FD00230370EBE67B2D00F007837C2D10
:105B20007FF4D9AEE3681F885988B8B202F068F9EB
:105B300005460321308827F03AFB032104460C3048
:105B400026F02DFD0570A0F80170D1E66046072112
:105B500027F02DFB072104460C3026F020FD0146DE
:105B6000002001F8010BFEF755F9C1E60921604656
:105B700027F01DFB092104460C3026F010FD0346DA
:105B8000002203F8012B6021C0F801205A60417106
:105B9000AEE66046412127F00AFB412104460C3065
:105BA00026F0FDFC002105463F2200F8021B1FF0F5
:105BB000FDFB04230F4AEB72EB7520230E49C5F859
:105BC0001A20C0204FF490626B704FF40A73A871D2
:105BD000C5F82110A5F82720A5F80F3088E600BFEA
:105BE000A46F002070120020A49205008C92050082
:105BF000E8020020F7C3F70E30F0F97F0921604674
:105C000027F0D5FA092104460C3026F0C8FC4FF4E1
:105C100050610023C04A01800D218370C37001715F
:105C2000C0F8052064E6E068C17907F0EDFD05469F
:105C30000121308827F0BBFA012104460C3026F000
:105C4000AEFC057054E66046032127F0B0FA03214C
:105C500004460C3026F0A3FC0146002301F8023B69
:105C60000130FEF7A7F843E6E26891781088B2F8B1
:105C70000540CB0703D5D37843F00303D3701379E2
:105C80008F07D17844BF43F00303137143EA010245
:105C9000032A00F26A824D0700F064825A0700F07E
:105CA000618214F003021CBF04F1FF3404F001020E
:105CB00002F040F8014630880FE6E3681A78D10711
:105CC00044BF0721597092074CBF07219978587833
:105CD00048BF997002F024F8A9E7E36860460521FF
:105CE0001E8827F064FA052104460C3026F057FC84
:105CF00005462A1DB0B2E91C01F0F4FFEB782A79C1
:105D00002870002B93FAA3F3B3FA83F308BF4FF084
:105D1000FF330133EB70002A92FAA2F3B3FA83F354
:105D200008BF4FF0FF330133A5F801602B71DFE5A9
:105D30006046092127F03BFA092104460C3026F081
:105D40002EFC08AB05460DF11A0206A90DF116004E
:105D500001F0BCFFBDF81630A5F80130BDF81830D1
:105D6000A5F80330BDF81A30A5F80530BDF820209D
:105D7000A5F8072000232B70BAE5E368188807F020
:105D800039FD30880121BDE6E368187807F01EFD73
:105D90004DE7E368186808909A889B798DF826305B
:105DA00060460721ADF8242027F001FA07210446B8
:105DB0000C3026F0F4FB0546411C08A807F0D2FC85
:105DC000287095E5E368186808909A889B798DF8A3
:105DD000263060460721ADF8242027F0E8F9072196
:105DE00004460C3026F0DBFB0546411C08A807F0F2
:105DF0007FFC28707CE56046022127F0D8F902215B
:105E000004460C3026F0CBFB054607F043FB00238D
:105E100068702B706CE507F03FFB08E7E06807F05F
:105E200079FB04E7E06800F11702C11D07F07EFF6F
:105E3000FDE6E3685988188801F03EFFF7E6604602
:105E4000052127F0B4F9052104460C3026F0A7FB04
:105E500008A905460DF11A0001F022FFBDF81A301D
:105E6000A5F80130BDF82020A5F8032000232B70F1
:105E70003EE5E3681F889A885988B8B201F0E6FECB
:105E800056E6E268178892780023CDE90233CDE91F
:105E900000330221B8B201F0FBFD49E6E1680022BF
:105EA0000F884B88039208890290C88801908988DE
:105EB0000091B8B2022101F0EBFD39E609216046FC
:105EC00027F075F9092104460C3026F068FB1349C8
:105ED000134A016000234260037209E5E3681F88EA
:105EE00000220621B8B207F015F821E6E268002189
:105EF00032F8027BF6E76046092127F058F90921BC
:105F000004460C3026F04BFB002300F8013B08212F
:105F100008F092FCECE400BFF105FFFF008FCC30ED
:105F2000ECC00100E068002308AA00F110010BF0AA
:105F3000B3F83088112127F03AF9112104460C30CA
:105F400026F02DFB0646002306F8013B08AD074668
:105F50000FCDC7F801007160B260F360C8E4E36878
:105F6000188801F031FE01463088B6E4E3686046E7
:105F700008211E8827F01BF9082104460C3026F062
:105F80000EFB0546E91CB0B201F0C6FDA5F80160A4
:105F90002870ADE4E16800224B88088803920C89E0
:105FA0000294CC88019489880091114601F070FD1B
:105FB0000146308891E4E06807F0D8F937E6E068F8
:105FC00007F046F933E607F01DF930E66046022196
:105FD00027F0EDF8022104460C3026F0E0FA002309
:105FE0000370054607F00CF9687081E4E3681878DF
:105FF000E7F7DAFF1BE6E16811F8010B01F0CCFAD4
:1060000015E6E16811F8010B01F058FA0FE60221DC
:10601000604627F0CCF8022104460C3026F0BFFA87
:1060200000230370437063E4E468A57BA37962797D
:10603000217920880295657B01950734009401F051
:1060400043F8F4E5E1680120FDF7B8FEEFE56046AE
:10605000092127F0ACF8092104460C3026F09FFAFC
:106060000346002503F8015BC0F801505D60064659
:10607000FDF78AFE2B4661F30703C1F3072262F3A3
:106080000F23090C61F31743090A61F31F63C6F874
:106090000100C6F805302BE40421604627F087F89C
:1060A000042104460C3026F07AFA00236FF0040134
:1060B0000322037041708370C27019E4E2682C4BB4
:1060C000116852681960604601211AE5E368997801
:1060D000188801F043FD01463088FFF7FEBB254BD1
:1060E000254A4FF0FF3041F6FF71C3E90001204B14
:1060F00000200021C2E900011F200021C3E90001A6
:10610000FEF740FA3088012127F051F801210446BA
:106110000C3026F044FA0023184A03701360FFF78E
:106120007DFAFFF7E5BBE268134BC9E7E3681F8818
:1061300008A9B8B201F030FE05210546308827F0E5
:1061400036F8052104460C3026F029FA0570A0F82F
:106150000170BDF82030A0F80330FFF7C9BB079CE1
:10616000FFF7C6BB1221FFF7B7BB1121FFF7B4BB86
:10617000E0020020E802002040250020B048002076
:106180002DE9F04300240C60038A032B85B02FD93E
:10619000054688460C30042126F028FA2B8A4788C9
:1061A000B0F80090BB4239D3FB2F31D801F01CFC72
:1061B0004FEA19363346044600283DD09B0824D1C7
:1061C000A6B1012E21D12379677166F301032371F2
:1061D000E9683A46E01DE6F7C3FA2146C9F30B0029
:1061E00001F00EFC00BB05B0BDE8F0830226EAE733
:1061F0002C490B685B0708D02B4B0094CDE9014379
:10620000012223462046FFF719FA6FF01500EAE74E
:1062100024490B685E07F8D0244BEEE721490B6850
:106220005F07F2D0224BE8E71E490B685B0726D1D7
:10623000204601F0DFFBE8E71A490B685D0728D12B
:106240001C4B1B689A0117D54FF0FF324FF0FF33FC
:106250000220F3F7DDFF0221C8F800000C3026F021
:106260009EF94FF48D730380D8F8000001210C30A3
:1062700026F095F9012303706FF06800B3E70E4A2A
:106280000023CDE90132009301221846FFF7D6F929
:10629000CEE70A4B0090CDE9010301220346FFF748
:1062A000CDF9CDE770120020C4920500F8920500E8
:1062B000D8920500E80200202893050014930500F9
:1062C000F8B50E4B1B68DB0600D4F8BD02F10C04D8
:1062D00006460D462046022126F061F9034640F2AB
:1062E00005421A802046042126F059F9002707703C
:1062F000A0F801503278C270F8BD00BFE80200205B
:10630000024A1368013B1360704700BFB048002089
:1063100070B5037FC68803F00303013B012B0FD93F
:10632000164A1749174842F2CF3324F06CF900237C
:1063300083F31188BFF36F8F0323184602DF70BD0C
:10634000044601F10C052846042126F028F9237F94
:1063500003F00303022B0CBF46F4005646F48056AC
:106360000680637F4380617F284626F018F9627FAC
:1063700004F11F01BDE87040E6F7F2B93C93050057
:10638000449005006C8F05002DE9F04390F804C09F
:10639000C688BCF1030F89B004460D4600F11C0706
:1063A0000ED0ACF1170CBCF1060F00F2F382DFE85F
:1063B0001CF0210080008800B900CF00E100FF0040
:1063C000C37F033B122B00F22481DFE813F0970117
:1063D00022012201F701100222011E0222012201E4
:1063E000220127022201BE012201E4012201220131
:1063F00032013201F80700F13682277F002F00F0CA
:106400002982B54B5B68990050D5B44B1B6840F2AC
:106410000122134203F4007848D00C35002F40F0DD
:106420003D82AF4A136801331360B8F1000F00F0EA
:1064300055820221284626F0B2F841F63E730380C9
:106440000121284626F0ABF803460A221A70284696
:106450001E2126F0A4F80770A0F80160637FC370C6
:10646000A37F0371D4F81F30C0F80530B4F823308F
:10647000A0F80930D4F82B30C0F80B30B4F82F3026
:10648000A0F80F30D4F82530C0F81130B4F8293016
:10649000A0F81530638EA0F81730A38EA0F819303D
:1064A000E38EA0F81B3094F83830437709B0BDE88C
:1064B000F0830A463846314609B0BDE8F043FFF79D
:1064C000FFBE854B5B689A004FF00008EED5834B0A
:1064D0001B685B07EAD50C350221284626F05FF8D9
:1064E00040F63E2303800121284626F058F8034653
:1064F0004FF00309284683F80090092126F04FF851
:10650000FF07054600F13382237F2B70A5F8016059
:10651000E38BA5F80330238CA5F80530638CA5F830
:106520000730C3E76C4B5B6818044FF00004BDD51F
:106530000C350221284626F032F84FF44C730380C4
:106540000321284626F02BF80470A0F80160ADE77F
:10655000644B1B681902A9D50C350221284626F088
:106560001EF840F2572303800221284626F017F830
:1065700006809BE7584B5B689A0097D5574B1B6882
:106580001B0393D50C350221284626F008F840F26B
:106590003E4303800121284626F001F814230370AE
:1065A0000321284625F0FBFF0680237F83707DE7CB
:1065B000494B5B689F0003D5484B1B6818055ED4A8
:1065C00049490B6813F0060F3FF470AF0396637FE1
:1065D000A07F247F002B93FAA3F3B3FA83F308BFC1
:1065E0004FF0FF33002890FAA0F0B0FA80F008BF17
:1065F0004FF0FF30013006903C485A1C0023CDE993
:106600000442CDE90130009302221846FFF716F844
:106610004CE7374A3749384842F2A33323F0F3FFB7
:10662000002383F31188BFF36F8F0323184602DF23
:106630003CE7294B5B689A007FF538AF274B1B6816
:106640005B067FF533AF0C350221284625F0A7FF06
:1066500040F63E3303800121284625F0A0FF0723A2
:1066600003700A21284625F09AFF0680A38C4380F8
:10667000E38C8380238CC380638C038116E70C3505
:106680000221284625F08BFF40F23E630380012162
:10669000284625F084FF0C2303700521284625F0A9
:1066A0007EFF237F0370A0F80160627F002A92FAC8
:1066B000A2F3B3FA83F308BF4FF0FF330133C37083
:1066C000A27F92FAA2F3002AB3FA83F308BF4FF035
:1066D000FF3301330371E9E6E8020020E002002005
:1066E000B04800204025002070120020F0930500E3
:1066F0003C930500449005006C8F0500A84B5B6837
:1067000099007FF5D3AEA74B1B68DA067FF5CEAEB6
:106710000C350221284625F042FF40F63E53038007
:106720000121284625F03BFF052303700C21284654
:1067300025F035FF034623F8026B216A626AC0F830
:1067400002105A60238D4381B0E6954B5B68980038
:1067500040F19980934B1B68990640F194800C3569
:106760000221284625F01BFF40F63E33038001211D
:10677000284625F014FF062303700A21284625F039
:106780000EFF0680238C4380638C8380A38CC380A0
:10679000E38C03818AE6844990F820200B6813F08B
:1067A000060F3FF483AE81480023CDE90202CDE914
:1067B000003302221846FEF741FF77E6784B1B684C
:1067C0001B064FF000047FF571AE0C350221284600
:1067D00025F0E5FE4FF4816303800421284625F06F
:1067E000DEFE01230470A0F80160C3705EE690F83D
:1067F00020200E2A00F0C9806B490B6813F0060FA9
:106800003FF454AE6A480023CFE70B463246394680
:10681000002009B0BDE8F043FEF720BF604B90F8C0
:1068200020401B681F067FF541AE0C35022128462B
:1068300025F0B5FE4FF4816303800421284625F03E
:10684000AEFE002C08BF1F2400230470A0F80160D6
:10685000C3702BE6A07F04F12503FF2204F11F0182
:1068600006F004FFCDE5534A5349544842F2CF03A2
:1068700023F0C9FE002383F31188BFF36F8F032336
:10688000184602DFB9E50023CDE90233CDE9003334
:106890001A220221304601F0FBF807E6B8F1000F9A
:1068A0004CD10221284625F07AFE41F23E33038086
:1068B0000121284625F073FE01230370122128468A
:1068C00025F06DFEC0F80180C0F80580C0F8098091
:1068D000C0F80D8080F811800770E7E50221284696
:1068E00025F05DFE41F23E3303800121284625F06C
:1068F00056FE034601221A702846122125F04FFE4B
:106900000770A0F80160637FC370A37F03F00103E9
:106910000371D4F81F30C0F80530B4F82330A0F864
:106920000930638EA0F80B30A38EA0F80D30E38EF3
:10693000A0F80F3094F838304374B7E502212846A8
:1069400025F02DFE41F63E7303800121284625F0F7
:1069500026FE0A2303701E21284625F020FE044649
:106960001D22002101301EF021FD27709EE5114AF5
:106970001349124842F2581323F045FE88F3118858
:10698000BFF36F8F484602DFBEE50B46324600215B
:106990001A203EE7074A0B49084842F2BF233DE66A
:1069A000E8020020E0020020701200202C94050074
:1069B0001C9405003C930500789305006C8F05003E
:1069C000B49305004490050070B500F10C040E4628
:1069D00020460221154625F0E2FD40F213530380C4
:1069E0000521204625F0DBFD01230370A0F801609E
:1069F000A0F8035070BD00BF0379032B09D0172BFB
:106A000005D0183B052B8CBF0020032070470120C8
:106A10007047037F03F00303032B14BF05200420FA
:106A2000704700BF0B4B0C4A0C4930B44FF0FF3499
:106A300041F6FF75C3E9004500240025C2E9004581
:106A40001F240025C1E90045054B00221A6030BC17
:106A5000FEF7E4BDE802002040250020E00200200F
:106A6000B048002030B583B01B4B079D1B4AEB1A82
:106A7000A2FB032313F47F5FC3F387141BD1A21C73
:106A8000174B0095D2B201210020FDF7F1F810F06C
:106A9000FD0F0ED0134A1449144840F6EB1323F0AF
:106AA000B2FD002383F31188BFF36F8F03231846D1
:106AB00002DF03B030BD0B4A0D490C4840F6E61327
:106AC00023F0A1FD002383F31188BFF36F8F03230D
:106AD000184602DFD3E700BFE848002009CB3D8D10
:106AE000896B0200509405009C9405006C8F050092
:106AF00090940500F8B505682F6E0646C7B16C6E18
:106B000000232B6644B300211723696623714FF6D7
:106B1000FF73E38004F11C001E221EF047FC3C239F
:106B20002377A66021463846BDE8F840FEF722B834
:106B3000114A1249124840F6332323F064FD87F3CB
:106B40001188BFF36F8F0323184602DF6C6E2F6E20
:106B500000232B66002CD6D1074A0A49084840F684
:106B6000372323F050FD84F31188BFF36F8F032385
:106B7000184602DF6C6EC6E750940500B894050015
:106B80006C8F0500CC94050000B170470C4B10B51C
:106B900002460446996002200121FBF71FFD00B95F
:106BA00010BD084A0849094840F6072323F02BFD89
:106BB00084F31188BFF36F8F0323184602DF10BDE3
:106BC000A00D002050940500409105006C8F050039
:106BD00038B5044610F81C3B002B2ED0194D6369C4
:106BE000A8607BB1184A1949194840F61C2323F0C4
:106BF0000AFD002383F31188BFF36F8F0323184628
:106C000002DFA86813490F4B0022C4E905101146A2
:106C10000120FBF7E3FC00B938BD0B4A0E490C48D4
:106C200040F6232323F0EFFC002383F31188BFF306
:106C30006F8F0323184602DF38BDBDE83840FFF7E9
:106C400059BF00BF900D002050940500E49405004A
:106C50006C8F0500F56A02004091050038B50C46BE
:106C6000124994F82930124A0978117004EB830311
:106C7000DB6A1D7800B938BDFEF73EF88442FAD0D1
:106C800015F00E0F02D1236A002BF4D0094A0A49ED
:106C90000A4840F6D31323F0B6FC002383F311888F
:106CA000BFF36F8F0323184602DF38BD2F7100201A
:106CB0002E71002050940500F89405006C8F05009B
:106CC00000B5154B93F829109A8C93F86AC003EB22
:106CD00081014FF0020E22F44372C86A6EF3420C37
:106CE0004FF4006122F00202A3F8681083F86AC032
:106CF00042F00E0206214FF0000C9A8480F800C08A
:106D0000417093F8350003EB800304229B6B1A70EB
:106D100059705DF804FB00BFE848002070B51C4CBA
:106D2000256AAB6F73B11B4A1B491C484FF426639D
:106D300023F069FC002383F31188BFF36F8F0323D3
:106D4000184602DF05F16C0105F16800FBF7C6FB90
:106D5000064670B12868AE6700F01EFE0025606E22
:106D60002562FDF7F5FE206E6566FDF7E5FE2566FA
:106D700070BD084A0A49094840F6622323F043FCE3
:106D800086F31188BFF36F8F0323184602DFE1E714
:106D9000E848002050940500509505006C8F0500D0
:106DA0005496050030B5504C94F86A30D90785B038
:106DB00067D5236A53B193F82C2042F0020283F87E
:106DC0002C20236A93F82C30DA0771D44648FDF75B
:106DD0007BFF84420ED0454A4549464840F62B3356
:106DE00023F011FC002383F31188BFF36F8F03237B
:106DF000184602DF94F82430DB0703AD0DD50221DD
:106E000003913D4B0095032101220020FCF730FF48
:106E10002946FDF747FF00285BD10222364B00953B
:106E2000032100200392FCF723FF2946FDF73AFFD8
:106E3000054648BB3148FDF783FF08B1783039D1AA
:106E40002948FDF74DFF84420ED0284A2849294899
:106E500040F64D3323F0D7FB002383F31188BFF3B3
:106E60006F8F0323184602DF236A0BB1FFF756FF2B
:106E700094F86A3000206FF3000384F86A3006F05B
:106E80008BFD002005B030BD1748FDF729FF844277
:106E90000ED0164A1649174840F6443323F0B3FB88
:106EA000002383F31188BFF36F8F0323184602DF9B
:106EB0000C20E7E70D4A12490E4840F64A3323F00A
:106EC000A2FB85F31188BFF36F8F0323184602DFFF
:106ED000B6E70548FDF704FF8442E9D0034A0449B8
:106EE000044840F63633D9E7E848002050940500BE
:106EF000649505006C8F0500DD3E0200044900200A
:106F000070950500037803F00F0302F1FF3C022B9C
:106F10001FFA8CFC25D0012B0DD01031C9009BB17C
:106F2000062B11D04FF4F37313FB0CF340F25320F4
:106F3000184480B2704740F2162313FB0CF340F262
:106F4000E330184480B2704740781030C00001F23E
:106F50001B3100F5B37313FB0CF30844184480B2E3
:106F6000704741780CEB8C03C3EB0310400001F138
:106F70001003DB0000F23B1003FB020290B27047EB
:106F80002DE9F0431E468BB04FF6FF739E429DF8ED
:106F90004890139C17D025780135EDB280461746EE
:106FA000257075B33B493C4B0E8104F11C00002257
:106FB000C860C1E9008781F80A90996001201146F4
:106FC000FBF70CFB68B994F8240010F0010505D11B
:106FD000324A334B11781B788B4221D00BB0BDE87D
:106FE000F083304A3049314840F66C1323F00BFBF4
:106FF000002383F31188BFF36F8F0323184602DF4A
:10700000E1E7284A2A49294840F64A1323F0FBFAC7
:1070100085F31188BFF36F8F0323184602DFC1E7A2
:107020000133042109A8137007F022FC099B214AAF
:107030000694A2FB0312991A02EB5102120A40F2C3
:10704000471101FB12331C4A1C49A21AA1FB021270
:1070500092091B490232CDE904510133CDE90255B1
:10706000CDE90055D2B2012128460993FCF7E8FD8D
:1070700010F0FD0FB2D00B4A12490C4840F2BB731E
:1070800023F0C1FA85F31188BFF36F8F03231846ED
:1070900002DFA3E7BC480020800D00202F710020F4
:1070A0002E71002050940500409105006C8F050062
:1070B0008895050021F1D490E848002009CB3D8D4A
:1070C0005D6C02008C9505002DE9F04F714C1F4658
:1070D000714B94F86A6086468C4693E8030083B04F
:1070E00016F001061546DDF830809DF834209DF835
:1070F000383000908DF8041040F08A80A18C02F0A6
:10710000070203F00303520021F4437142EA032211
:1071100021F002010A43A28494F8292004EB8202A0
:10712000BCF1010F0CF10803D2F82C9008BF4FF00E
:10713000000E0DEB030CA4F868E099F800A01CF811
:10714000083C2AF01F0113F00E0F03F00F030CBFD1
:10715000012200220B4362F3451389F8003003F04B
:107160000F03012B0AF00F0A49D094F86A3065F337
:10717000420384F86A30DAB25B070CD5134667F332
:10718000C30384F86A30D8F80030C4F86B30434B3E
:10719000B8F804209A8099F8003003F00F02012A11
:1071A00005F0010B39D099F80120F2B1BAF1010FC5
:1071B00051D099F800306BF386136FF3C71389F839
:1071C000003094F83530E46104EB8304AD01A36B27
:1071D00005F040055A7845F004051D700AB90622ED
:1071E0005A70304603B0BDE8F08F6BF3861362F33C
:1071F000C71389F80030062389F80130E1E7BAF1B6
:10720000010FB2D099F80120CAB984F84060ACE708
:107210000C26304603B0BDE8F08F4A466BF3861368
:1072200067F3C71302F8083BD8F80010C9F8081034
:10723000B8F8041091800C2389F80130C1E7052AC1
:1072400016D9063AD2B209F10801154884F840204F
:10725000E5F786FA89E794F84020114909F108001A
:10726000E5F77EFA94F84030063389F80130A0E75C
:107270000C4A0D490D4840F2BD1323F0C4F986F3C2
:107280001188BFF36F8F0323184602DF99F801209E
:10729000D7E700BFE8480020A07F05005349002041
:1072A0002949002050940500C49505006C8F050005
:1072B00010B5064C204607F081FF04F10C0007F0E2
:1072C0007DFFFFF7FDFC002010BD00BF104900202E
:1072D00008B5FFF767FD002008BD00BF38B5094CB1
:1072E00004F10C05204607F079FF284607F076FFE9
:1072F000204607F063FF284607F060FFFFF7E0FC39
:10730000002038BD10490020034A044B801AA3FB1B
:107310000030C0F38F107047E848002009CB3D8D46
:10732000044A0068044B801AA3FB0030C0F38F109E
:10733000704700BFE848002009CB3D8D38B90548AB
:1073400090F86A3013F0010F08BF0020704700204A
:10735000704700BFE848002028B9044B93F86A0042
:1073600000F0010070470020704700BFE84800208F
:1073700050B9064B93F86A0010F0010005D093F85D
:10738000250000F00300704700207047E848002007
:1073900070B5054690F826000C4606F04DFC18B373
:1073A000237843F04003237023780268C4F8022056
:1073B00003F00F038288E280012B04F1020601D062
:1073C000304670BD95F8260006F068FC0028F7D01E
:1073D0002278234642F0800203F8082B0268A2605C
:1073E00082889A80304670BD2078C0F38010FCF708
:1073F00001FDD9E71F2957D82DE9F04190F8293030
:1074000000EB830382B0DF6A3B7803F00F03012BAC
:107410000E460546904649D00DF10701283007F089
:1074200049FF3A78037802F00F0223F01F03134359
:1074300003703B780278C3F3401363F34512027084
:107440003B78D2B2C3F38013394663F386120270DD
:1074500011F8023BD2B2DB0963F3C712044600F80D
:10746000022B06221DF022FF3246414604F108009D
:107470000636E5F775F9667095F86A30DB0707D4CC
:107480009DF8073085F82930002002B0BDE8F08172
:1074900095F8353005EB830321469A6B2846E6F7CD
:1074A00037FF0028ECD0F0E71220704780F840103A
:1074B0000A4641304146E5F753F9E5E703460A46F7
:1074C00001481946FFF796BFE84800201F295FD8FA
:1074D0002DE9F04190F8353000EB830382B09E6BCC
:1074E0000F460446904600F13405002E41D0284650
:1074F0000DF1070107F0DEFE037823F03F0331466C
:1075000043F00403037011F8022BDBB2C2F38012C4
:1075100003F03F0343EA82130370BB1D437005462B
:10752000062202301DF0C2FE3A46414605F108002F
:10753000E5F716F994F86A30DA0707D49DF80730B2
:1075400084F83530002002B0BDE8F08194F829209D
:1075500004EB82024123D16A0A7802F00F02D34081
:10756000DB07EBD52A462046E6F7D2FE0028E5D019
:10757000E9E7284607F022FEC0B258B994F8353042
:1075800004EB83039E6B0423337006237370AEE712
:10759000122070470720D6E703460A4601481946DD
:1075A000FFF794BFE848002010B5134B1348144C64
:1075B00001224FF4D871FAF71BFF124B0322181D5A
:1075C0004FF48271FAF714FF0F4B0722181D0821A0
:1075D000FAF70EFF02F028FB0C4A0D4B0D49002074
:1075E00010601B221A800C4A03234FF4A47CA4F8D9
:1075F00000C00B70137010BD7C490020482500208E
:10760000A66F0020BC49002080490020344D002096
:10761000A86F002031710020307100202DE9F04169
:107620000768324982B005464FF4D8723846FAF7F7
:1076300031FF05F16806294608F0D6F9E86E01AA7F
:107640003146FAF767FF00B3294C4FF6FF7894F8FC
:10765000412094F84010531CDBB2082B08BF0023D4
:10766000994232D004EBC20124F83280019A4A6078
:1076700012680260019A1060E86E84F8413001AA35
:107680003146FAF747FF0028E1D1D7F8644107F502
:10769000B2754CB10023C7F8643129462046FDF786
:1076A00023FC02B0BDE8F081124A1349134840F2AE
:1076B000FC7322F0A8FF84F31188BFF36F8F0323BC
:1076C000184602DFD7F86441E4E70A4A0C490B4840
:1076D0004FF4FD6322F097FF002383F31188BFF37B
:1076E0006F8F0322104602DF1B80FFDE482500203B
:1076F000CC4C0020049605004C9605006C8F0500CC
:107700004496050010B50C46C0B9144B0022012167
:1077100002209C60FAF762FF00B910BD104A1149BF
:10772000114840F2A27322F06EFF002383F3118808
:10773000BFF36F8F0323184602DF10BD084A0B49C1
:10774000094840F29C7322F05EFF002383F3118806
:10775000BFF36F8F0323184602DFD6E7D00D00205A
:1077600004960500409105006C8F05005C960500AD
:1077700008B50C4B0022986011460120FAF72EFF45
:1077800000B908BD084A0949094840F2CE7322F001
:107790003AFF002383F31188BFF36F8F032318464A
:1077A00002DF08BDB00D00200496050040910500E1
:1077B0006C8F050038B5044610F81C3B002B2ED00A
:1077C000194D6369A8607BB1184A1949194840F2FC
:1077D000B77322F018FF002383F31188BFF36F8F74
:1077E0000323184602DFA86813490F4B0022C4E99F
:1077F000051011460120FAF7F1FE00B938BD0B4A19
:107800000E490C4840F2BE7322F0FDFE002383F3C4
:107810001188BFF36F8F0323184602DF38BDBDE820
:107820003840FFF7A5BF00BFC00D0020049605003B
:10783000E49405006C8F050071770200409105000B
:1078400008B583685A6892F82730DB090FD10B4AD4
:107850000B490C4840F2137322F0D5FE002383F34A
:107860001188BFF36F8F0323184602DF08BD01465E
:10787000BDE808400831E7F78FB900BF049605005E
:10788000449005006C8F050000B9704710B50C4698
:10789000FDF750FA844212D0FDF72EFA84420ED042
:1078A000074A0849084840F2D66322F0ACFE00239C
:1078B00083F31188BFF36F8F0323184602DF10BDD7
:1078C00004960500689605006C8F050010B50C46FF
:1078D000A0B92046FDF722FA84420ED00F4A104983
:1078E000104840F2EC6322F08EFE002383F31188EF
:1078F000BFF36F8F0323184602DF10BD074A0A4902
:10790000084840F2E96322F07EFE002383F31188E9
:10791000BFF36F8F0323184602DFDAE704960500F2
:10792000BC9605006C8F05005C96050010B50C46F2
:10793000A0B92046FDF7E6F984420ED00F4A10495F
:10794000104840F2E26322F05EFE002383F31188C8
:10795000BFF36F8F0323184602DF10BD074A0A49A1
:10796000084840F2DF6322F04EFE002383F31188C3
:10797000BFF36F8F0323184602DFDAE70496050092
:10798000BC9605006C8F05005C9605000148FAF76F
:1079900053BD00BF7C4900200149FAF763BD00BF19
:1079A0007C49002002494FF4D872FAF773BD00BF3A
:1079B0004825002002464FF4D8710148FAF766BD09
:1079C0004825002058B908B502464FF4D87105483B
:1079D000FAF75CFD038E03B908BD002008BD002046
:1079E000704700BF482500200148FAF725BD00BFB9
:1079F000BC4900200149FAF735BD00BFBC49002051
:107A000000283CD170B502460E461E484FF4D8718E
:107A1000FAF73CFD028E0546E2B91B4C94F821C0F2
:107A200094F820100CF10103DBB2042B08BF0023F3
:107A3000994221D024F83C2004EBCC0CCCF8046013
:107A400084F82130037843B995F94330002B0EDBDD
:107A5000002070BD6FF0150070BD0C4B01219860C7
:107A60000320FAF7BBFD95F94330002BF0DA002133
:107A7000284605F015FAEBE76FF0680070BD6FF06F
:107A80001500704748250020104D0020E00D002013
:107A90002DE9F04782B0BDF82870BDF82C80BDF804
:107AA0003090B0B90C4615464FF4D87102461948CB
:107AB0001E46FAF7EBFC038E824653B96CB1022CDA
:107AC00003D0012002B0BDE8F087CDB902F01AFB67
:107AD00012E0022002B0BDE8F0870D9B0193CDF8C3
:107AE000009043463A46314602F084FA0028E9D134
:107AF0009AF94330002B07DB002002B0BDE8F08785
:107B0000294602F00FFBF7E70146504605F0C8F999
:107B1000F2E700BF48250020E0B938B502460C4620
:107B20000D484FF4D871FAF7B1FC038E054643B9FE
:107B300002F0F2F938B10368236003792371002061
:107B400038BD022038BDD5F83E30236095F842306C
:107B50002371F4E7022070474825002038B510B1A2
:107B60000224204638BD02460C4615484FF4D87111
:107B7000FAF78CFC038E0546FBB91A2C04D8042CAA
:107B800016D81224204638BD292C01D03B2CF8D120
:107B90002146284602F0A6F904460028E1D195F9CD
:107BA0004330002BDDDA0146284605F079F9D8E7A5
:107BB000044BE340DB07EBD4E3E70C24D1E700BF41
:107BC000482500202000380438B598B902464FF403
:107BD000D8710D48FAF75AFC038E054653B90121B6
:107BE00002F02EF9044618B995F94330002B04DB56
:107BF000204638BD0224204638BD0146284605F0FF
:107C00004FF9204638BD00BF4825002038B590B94F
:107C100002464FF4D8710C48FAF738FC038E05463B
:107C20004BB902F025F9044618B995F94330002BF9
:107C300004DB204638BD0224204638BD01462846D4
:107C400005F02EF9204638BD48250020F0B970B562
:107C50000D4616464FF4D87102461048FAF716FC46
:107C6000038E044683B9D0F840319B060AD53246CC
:107C7000294602F063F920B994F94330002B07DB61
:107C8000002070BD1A2070BD022070BD0220704718
:107C90000146204605F004F9F2E700BF4825002020
:107CA000034A044B12881B8802800B80704700BF78
:107CB000A86F0020A66F0020024A034B1080198095
:107CC00000207047A86F0020A66F00204FF0FB0C2B
:107CD000A0F800C040F64800A2F800C00880188054
:107CE000704700BFC0B938B50D4614464FF4D8717F
:107CF00002460A48FAF7CAFB0346008E50B993F8C9
:107D00008220C2F302022A7093F88330C3F3020385
:107D1000237038BD022038BD02207047482500205E
:107D2000024A034B10701970002070473171002017
:107D300030710020F0B583B0F8B90F4616464FF405
:107D4000D871024613481D46FAF7A0FB038E04467D
:107D50009BB9D0F84031DB0513D52B4601250095A2
:107D60003246394602F096F8054618B994F9433080
:107D7000002B0ADB284603B0F0BD0225284603B0DD
:107D8000F0BD1A25284603B0F0BD0146204605F097
:107D900087F8EFE74825002060BB10B502460C4687
:107DA00015484FF4D871FAF771FB038E03BB438E6D
:107DB000B0F89621052B0FD801339BB202FB03F3D9
:107DC0000E494FF4FA7202FB03F3A1FB0313C3F352
:107DD0004F332380002010BD03FB02F2074940F21D
:107DE000E24303FB02F2A1FB0212C2F34F33F0E7BE
:107DF000022010BD02207047482500205917B7D136
:107E000058BB10B502460C4615484FF4D871FAF726
:107E10003DFB038EFBB9438E42F2107202FB04F16C
:107E2000052B01F1FF310DD801339BB24FF4FA72EB
:107E300002FB03F31944B1FBF3F189B2A0F89611E8
:107E4000002010BD40F2E24202FB03F31944B1FBF3
:107E5000F3F189B2F2E7022010BD0220704700BFA3
:107E600048250020FFF7A0BB38B500224FF4D87199
:107E70001948FAF70BFB044600F11C0201460320E7
:107E8000FCF79CFF18B110F1780F05460ED113498D
:107E9000134A00234FF6FF702086C4F894300B84F9
:107EA000A2F84030BDE83840FFF77EBB40F22173B6
:107EB0000C490D480D4A22F0A6FB0D482A46002128
:107EC00022F0A1FB002383F31188BFF36F8F0323FC
:107ED000184602DFDBE700BF48250020104D0020D8
:107EE000CC4C0020F89605006C8F05000496050028
:107EF00010970500014B1878704700BF31710020C2
:107F0000014B1878704700BF3071002038B58B687E
:107F100008601D682B780C46A3B16B6973B10C4ADD
:107F20000C490D484FF45E7322F06DFB002383F380
:107F30001188BFF36F8F0323184602DF074BC5E993
:107F4000053438BDBDE838400846FFF779BC00BFAE
:107F500004960500E49405006C8F0500417802004A
:107F60000B68DA8892BB70B50C4606464FF4D871A0
:107F70001848FAF78BFA038E05461BBB02F00EF980
:107F80002268137F03F00303032B08D1012313712D
:107F9000226831462846BDE8704002F013B953B953
:107FA00095F890319B0703D53D2385F86031226811
:107FB0000123137170BD95F890319A07FAD53D23CE
:107FC00085F86031236801221A7170BD01221A718F
:107FD000704700BF48250020F8B50446008E1D46B6
:107FE0004FF6FF7398420F4616460CD02046C4E960
:107FF0004776A4F8245101F0B5FE94F8903113F0BF
:10800000010010D1F8BD0B4A0B490C4840F2BE33B9
:1080100022F0F9FA002383F31188BFF36F8F032353
:10802000184602DFE2E76FF3000384F890316FF047
:108030008B00F8BD04960500289705006C8F05009D
:10804000F8B51C4C1C4E94F8212007461AE0FAF7AC
:108050001DFA0346E0301B8E0BBB696801F0FCFB88
:1080600094F8201094F821204B1C8A4207F1FF302D
:10807000DBB204D0042B08BF002384F8203010F0BA
:10808000FF0716D094F8203093424FF4D871304651
:108090000FD034F8332004EBC305002AD7D0696829
:1080A0000B796FF301034FF6FF700B71FCF7A2FD24
:1080B000D6E7F8BD104D0020482500202DE9F04FEF
:1080C000414A1468A04206460B4604BF00211160D5
:1080D000008EA6F86A01182283B0012186F8682173
:1080E00086F88031304601F047FE06F1E007304661
:1080F00001F056FE384601F097FB384601F0CCFB04
:10810000044600283BD00379DFF8C090DFF8C0B008
:10811000DFF8C0A003F00303032B0CBF03460023CA
:1081200003604846FAF788F906F188080546B8B1B1
:10813000214642462846FAF7DBF9384601F0ACFB07
:108140000446E0B1037903F00303032B0CBF03469D
:10815000002303604846FAF76FF905460028E7D187
:108160001D4840F28D735A46514622F04CFA85F371
:108170001188BFF36F8F0323184602DFD8E7328ED2
:10818000164B00960332D2B201210020FBF770FD9E
:1081900010F0FD0F0ED00E4A11490F4840F25373F4
:1081A00022F031FA002383F31188BFF36F8F03238A
:1081B000184602DF4FF6FF73FF20338603B0BDE899
:1081C000F04FFFF73DBF00BF344D00208049002035
:1081D00004960500549605006C8F05000577020093
:1081E000C896050000293BD02DE9F84F4D1EDFF859
:1081F0007490DFF874B0DFF874A00746EDB200F1B8
:10820000E00815E0237903F00303032B0CBF23469A
:1082100000232360FAF710F9064690B1013D07F1FB
:10822000880221463046EDB2FAF762F9FF2D06D0FA
:10823000404601F031FB04464846002CE2D1BDE83F
:10824000F88F0B4840F2B5535A46514622F0DBF9FD
:1082500086F31188BFF36F8F0323184602DFDDE733
:10826000704700BF80490020049605005496050021
:108270006C8F050010B504460120FFF7E1FE204693
:108280000121BDE81040FFF7ADBF00BF0149FAF77B
:10829000E9B800BF80490020014B93F841007047C6
:1082A000CC4C002000B50A4B93F840C093F841E055
:1082B000F4450BD080F800E033F83C00088003EB75
:1082C000CC035B68136018685DF804FB0020FBE7D3
:1082D000CC4C0020074B93F840C0844508D003EBFA
:1082E000CC0033F83C300B8043681360186870474B
:1082F00000207047CC4C0020094A92F8401092F8B8
:1083000041308B4209D04B1CDBB2082B08BF002345
:1083100052F8310082F8403070470020704700BFAB
:10832000CC4C002008B5134A92F841C092F840E0C6
:108330000CF10103DBB2082B08BF00239E4508D0D7
:1083400022F83C0002EBCC0CCCF8041082F841304F
:1083500008BD094A09490A4840F2F45322F053F98A
:10836000002383F31188BFF36F8F0322104602DFCF
:108370001B80FFDECC4C002004960500A097050072
:108380006C8F0500F8B55779144605460E467FB345
:10839000237903F00302032A0CD04FF6FF729542B3
:1083A00004BF6FF30103237121462846BDE8F8405E
:1083B000FCF720BC4FF6FF739D4228D133689C42E6
:1083C0003AD0002BF0D01F4A1F49204840F21663D4
:1083D00022F019F9002383F31188BFF36F8F032371
:1083E000184602DF21462846BDE8F840FCF702BCEB
:1083F000144A1749154840F2016322F004F987F343
:108400001188BFF36F8F0323184602DFC0E72A46A7
:108410004FF4D8710F48FAF739F8214601F0A0FE61
:108420003368A342CDD13DB90A482A464FF4D871EA
:10843000FAF72CF8038E03B100202146BDE8F8407E
:1084400001F044BC04960500B49705006C8F05004C
:10845000A89705004825002090F86620B0F85C3009
:10846000C2F30212022A14BFDB089B0890F87E2098
:10847000B0F8580014BF0A3B0B3B9BB2D20644BF76
:10848000043B9BB2984228BF18467047704700BF14
:1084900090F8903143F0020380F89031704700BFAC
:1084A00090F890316FF3410380F89031704700BF2E
:1084B0000278838F12B1581E80B27047C18EB0F817
:1084C00024215818104480B2704700BF10B50B68C3
:1084D000C0F83E3004463E300B7903710521FAF7AF
:1084E00095F994F8433060F3050384F8433010BDE8
:1084F000B0F87C3040F6480C634528BF6346B3F5BE
:10850000A47F38BF4FF4A473A1F800C01380704754
:1085100000B5B0F86C20B0F8661003468A4290F8B7
:108520008300B3F86AC028BF0A4600F00700B3F81A
:1085300070101B2A38BF1B22042814BF4FF4A470EC
:108540004FF42960614528BF61468142B3F87AC083
:1085500038BF01468C45B3F8760044D09042A3F86A
:108560007A1001D0A3F8762093F8DD2042F00202C1
:10857000012083F8DD20B3F864C0B3F86E2093F8CF
:108580008210B3F868E0624528BF624601F0070137
:108590001B2A38BF1B220429B3F8721014BF4FF4F2
:1085A000A47C4FF4296C714528BF71466145B3F82E
:1085B00078E038BF61468E45B3F874C017D0624585
:1085C000A3F8781001D0A3F8742093F8DD206FF39E
:1085D000410283F8DD2093F8DD200120024383F877
:1085E000DD205DF804FB9042BCD10020C3E762456A
:1085F000E9D193F8DD1041EA510202F0010221F0C5
:1086000003010A4383F8DD200028E4D15DF804FB70
:10861000B0F86C20B0F8661003468A4290F88300E8
:10862000B3F86AC028BF0A4600F00700B3F870101C
:108630001B2A38BF1B22042814BF4FF4A4704FF428
:108640002960614528BF61468142B3F87AC038BFCE
:1086500001468C45B3F876000DD09042A3F87A100D
:1086600001D0A3F8762093F8DD2042F00202012029
:1086700083F8DD2070479042F3D10020704700BF9F
:10868000B0F86E20B0F8641003468A4290F8820079
:10869000B3F868C028BF0A4600F00700B3F87210AC
:1086A0001B2A38BF1B22042814BF4FF4A4704FF4B8
:1086B0002960614528BF61468142B3F878C038BF60
:1086C00001468C45B3F8740014D08242A3F87810A8
:1086D00001D0A3F874204FF0010C93F8DD10604630
:1086E000C1F3400242EA0C0221F003010A4383F87D
:1086F000DD2070478242ECD193F8DD10002001F0BC
:10870000010CEDE740F648039A4228BF1A46FB29C0
:1087100028BFFB21B2F5A47F944638BF4FF4A47C58
:10872000A0F87E10A0F87C20A0F86A30A0F868C0FD
:10873000A0F86410704700BF01F0030238B502F1E1
:10874000280302F584720446C1F34001D200CA40F6
:10875000A4F86A20284A1288DB00FB2A23FA01F3D6
:10876000264928BFFB220988A4F87E20A4F86420AB
:10877000FB220020A4F8662040F648028A42606787
:10878000A067A4F8800094F8830028BF0A46B2F5D9
:10879000A47F00F007009BB211464FF01B1538BFB5
:1087A0004FF4A4710428E566A4F87030A4F8723080
:1087B000A4F87C20A4F868101BD0B3F5A47F38BFC0
:1087C0004FF4A47394F8DD20A4F87A3042F002024A
:1087D0001B2184F8DD20A4F876102046FFF750FF17
:1087E00094F8DD300122134384F8DD3084F88020D2
:1087F00038BD4FF42963E5E7A86F0020A66F00207D
:10880000F8B506460F46154601F040F90446002823
:108810003CD02A1F201D092A06D8DFE802F01F22BB
:10882000250505050528052B234A2449244840F23F
:10883000DF2321F0E8FE002383F31188BFF36F8F5D
:108840000323184602DFE3797B732146304601F0AB
:1088500033F9304604F028F82046F8BD02F0BAFE9D
:10886000F1E702F0CFFEEEE702F0D6FEEBE702F012
:10887000DDFEE8E796F8303197F84E101BB1D6F8D8
:1088800040315B0711D402F0DBFEDCE70A4A0D49F8
:108890000B484FF4317321F0B6FE84F31188BFF317
:1088A0006F8F0323184602DFB3E70A4697F84D108F
:1088B00002F0D2FEC7E700BFD49705004490050040
:1088C0006C8F0500A4970500F8B505460C4601F02D
:1088D000D5F828B9204601F013F90323A372F8BD97
:1088E000042221462846FFF78BFF8368C268C4F83C
:1088F0004720C4F843300369C5F8B830A66900239F
:10890000A361A6B10323377933712B8EF38006F16F
:108910001C01204602F046FE2D2F02D00423A37234
:10892000F8BD30683146FCF725F90423F7E7074A1C
:108930000749084840F2F62321F065FE86F31188C6
:10894000BFF36F8F0323184602DFDBE7D4970500E0
:10895000189805006C8F050070B504460D4601F0AF
:108960008DF810B90623AB7270BD04F19B06334637
:10897000002205F13B0105F12B0008F08DFBD4F836
:10898000A310C4F8C410D4F8B410D4F8A720C4F8C5
:10899000D510D4F8B810D4F89F30C4F8C820C4F863
:1089A000D91094F8B32094F8D410C4F8C030002340
:1089B000D4F89B0084F8AB3063F30001C4E933338F
:1089C00084F8AC3084F8AD3084F8AE3084F8AF3041
:1089D00084F8B03084F8B13084F8B23042F001034A
:1089E000C4F8BC0084F8D41084F8B33005222946BA
:1089F0002046FFF705FF4FF4C1636B8194F89A306E
:108A000043F0080384F89A3070BD00BFF0B50C46FF
:108A1000897A83B0064615460D2900F22C81DFE8DD
:108A200001F05E6669959907070C1736393E4F527B
:108A3000002D00F0A18003B0F0BD002DFBD1214638
:108A400001F01CF8002840F0C7800723A372F2E76A
:108A5000022DF0D1A5690023A361002D00F0EE8066
:108A600003272F71338EEB80237A052B00F0E180F2
:108A7000062B40F0CF801A232B712146304600F0A0
:108A8000FDFF002840F08D800923A372D3E7002D5D
:108A9000D1D1F2E7002DCED10B23A372CBE7072D66
:108AA000C9D1012101F00CF83046FFF7F1FC214655
:108AB000304600F0E3FF002864D10C23A372BAE72C
:108AC000002DB8D1F3E7082DB5D140F20233638110
:108AD00090F89A306FF3041380F89A30ABE7002DCA
:108AE000A9D1237A062BD7D00223A372A3E7002DA6
:108AF000FAD0A0E7012D9ED12946019300F0E0FFB6
:108B00003046FFF7C5FC304602F066FA019B5A6812
:108B10009968C4F82510C4F821201A7B84F829200C
:108B20005A7B84F82A20D3F80E20D3F81210C4F808
:108B30003F10C4F83B20D3F81630C6F8B4302146B5
:108B4000304603B0BDE8F040FFF7BEBE002D7FF415
:108B500072AFF4E7032D0CD0042D7FF46CAF062127
:108B600040F20362072384F82010A4F84D20A3727A
:108B700061E70523A3725EE7214603B0BDE8F0403C
:108B8000FFF7EABE0B2221463046FFF739FE40F6DA
:108B90000D33638196F89A306FF3C30386F89A30E9
:108BA00049E7062221463046FFF72AFE304604F008
:108BB00049F80023A3720121304600F095FF3046AA
:108BC000FFF76EFC304602F00BFA96F89A3043F04D
:108BD000100386F89A302EE70D2221463046FFF723
:108BE0000FFE304604F02EF894F82030062B34D0D7
:108BF000242B3FF420AF284A2849294840F27733F4
:108C000021F001FD85F31188BFF36F8F0323184610
:108C100002DF10E7204A2149214840F21E3321F0AB
:108C2000F2FC002383F31188BFF36F8F384602DF15
:108C300023E705F11C0002F0EFFC1EE7164A194974
:108C4000174840F20F3321F0DEFC85F31188BFF3A3
:108C50006F8F0323184602DF02E70121A17230461D
:108C600000F042FF3046FFF71BFC304603B0BDE882
:108C7000F04002F0B5B9084A0849094840F2D34328
:108C800021F0C1FC002383F31188BFF36F8F03230E
:108C9000184602DFCFE600BFD497050044900500D8
:108CA0006C8F05001898050092F81FC0ACF1030CFA
:108CB00002F11C03BCF1080F06D8DFE80CF0120526
:108CC000050F0505050C09003D2380F8603170474C
:108CD0000822FFF79BBE0722FFF798BE0222FFF78C
:108CE00095BE0122FFF792BE00230322FFF78EBE3E
:108CF00000230422FFF78ABE887AA0F10400B0FAAC
:108D000080F04009704700BF13460022FFF77EBE87
:108D100070B591F82C3091F82D20042B0C4603D817
:108D2000032B01D0042A0DD91343112113F007039B
:108D300084F828104FF001050CD184F82830012563
:108D4000284670BD032A0DD0134313F007034FF0DC
:108D50000005F2D0668DFFF7ABFB801B0304EFD458
:108D60002823EAE7112381F828300125F2E700BF24
:108D7000F0B50E4683B00DF1060201A9B0F87850A7
:108D8000B0F87A700446FFF7B3FB96F82D20002A5E
:108D90005CD196F82C30FBB9B4F87830AB420ED3E6
:108DA000BDF806209A420AD3B4F87A30BB4206D303
:108DB000BDF804209A4202D3002003B0F0BD94F81D
:108DC000DD30A4F8785043F001030120A4F87A7054
:108DD00084F8DD3003B0F0BD94F9430000281DDBBA
:108DE00094F8821094F8745001F003032B440D336F
:108DF000DB00C1F34001CB409BB2BDF80650B3F598
:108E0000A47F38BF4FF4A4739D4228BF1D4632B3E0
:108E1000002803DA96F82C30002BBDD094F883207C
:108E200094F87610BDF8047002F003030B440D3380
:108E3000DB00C2F34002D3409BB2B3F5A47F38BF3E
:108E40004FF4A4739F4228BF1F46A5E794F943003F
:108E50000028C5DB96F82C30002BDFD0C0E796F851
:108E60002C30002B98D0002896DAD7E770B58D69A2
:108E700000230C4606468B61002D35D094F8213036
:108E8000DB071ED52B792D2B1ED11D232B71338E85
:108E9000EB8094F828302B7796F88330C3F30203E5
:108EA000AB7796F88230C3F302036B7728682946C4
:108EB000FBF760FE94F821306FF3000384F8213053
:108EC00070BD01232B71F1E70F4A1049104840F2A1
:108ED000B91321F098FB002383F31188BFF36F8F40
:108EE0000323184602DFD0E7074A0A4908484FF42F
:108EF000DB7321F088FB85F31188BFF36F8F0323A9
:108F0000184602DFBAE700BF1C980500609805000C
:108F10006C8F05001898050070B591F821304D6AE6
:108F20009B070C4603D4CDB101232B710AE0064602
:108F3000ADB103232B71338EEB8005F11C0130465C
:108F400002F0DAFC28682946FBF714FE94F8213079
:108F500000226FF3410384F82130626270BD074A3A
:108F60000749084840F2DF1321F04DFB85F31188D3
:108F7000BFF36F8F0323184602DFDAE71C98050062
:108F8000189805006C8F0500F8B5CE690C460546AB
:108F90004EB300F087FD10B90723A372F8BD00F0AF
:108FA00089FD06466062002834D0637BE66966610D
:108FB0000027172BE76125D01E4A1F491F4840F2A2
:108FC000C93321F020FB87F31188BFF36F8F032390
:108FD000184602DF2846314600F06EFD2846BDE8FF
:108FE000F84003F061BC134A154914484FF4697303
:108FF00021F009FB86F31188BFF36F8F0323184616
:1090000002DFC6E7311D284602F060FB41F603038C
:109010006381DFE7074A0B49084840F2AE3321F08D
:10902000F2FA86F31188BFF36F8F0323184602DF2D
:10903000BBE700BF1C980500449005006C8F05003D
:10904000889805009C980500F8B5CE690C46054641
:10905000002E5AD0637B162B2ED195F94330002B6E
:109060002ADBE66966610023E36194F8203095F815
:10907000A421C3F3C20363F3C50285F8A42194F8C5
:10908000202095F8A43162F3020385F8A43194F806
:10909000203095F88220C3F3801363F3C302311D9F
:1090A00085F88220204602F0EDFA0221284600F0E1
:1090B00007FD0223A3721FE000F0F4FC10B90723A0
:1090C000A372F8BD00F0F6FC0646606260B3637BF5
:1090D000E66966610027162BE761C6D01A4A1B496C
:1090E0001B484FF4D27321F08EFA87F31188BFF337
:1090F0006F8F0323184602DF2846314600F0DCFC60
:109100002846BDE8F84001F06FBF0F4A11491048EA
:109110004FF4BF7321F077FA86F31188BFF36F8F96
:109120000323184602DF95E7074A0B49084840F237
:10913000891321F068FA86F31188BFF36F8F032338
:10914000184602DFC3E700BF1C98050044900500E5
:109150006C8F0500889805009C98050038B5054679
:109160000C4601F031FF10B10123A37238BD28462F
:1091700003F088FB0028F7D12146284600F07EFC4A
:109180000028F1D0284603F07BFB0728ECD02846C6
:10919000012103F06FFB28460D2103F06FFB16231E
:1091A00021466373284600F071FCE06121462846A1
:1091B000BDE83840FFF748BF38B505460C4603F018
:1091C0006BFB10B10223A37238BD2146284600F084
:1091D00055FC0028F6D0284603F052FB0728F1D0B2
:1091E00028460D2103F04AFB1723214663732846C6
:1091F00000F04CFCE06121462846BDE83840FFF70E
:10920000C3BE00BFF0B591F80AC083B00C46074654
:1092100015461E46BCF1090F0BD8DFE80CF005051A
:109220001B0A0A0A31747BAF002A00F0BA8003B02F
:10923000F0BDA94AA949AA4840F2653321F0E3F9F3
:10924000002383F31188BFF36F8F0323184602DFD7
:1092500003B0F0BD032AEAD190F84330DB0940F0B7
:10926000D3809D4A9D499E4840F28A2321F0CBF944
:10927000002383F31188BFF36F8F284602DFD6E700
:10928000052A00F0B480062A00F09080022ACED190
:1092900090F94330002B0EDB8F4A9249904840F200
:1092A000CB2321F0B0F9002383F31188BFF36F8F34
:1092B0000323184602DF0221384603F0DBFA314669
:1092C000204602F019FA21463846FFF721FD0546EF
:1092D000204600F015FC002D40F0B08094F82D30B1
:1092E0002BB197F8822063F3061287F88220384664
:1092F00001F084FE0823A3720221384603B0BDE8C2
:10930000F04000F0F1BB002A91D103B0BDE8F0407D
:10931000FFF79ABE002A8AD14D8DFFF7C9F8401B8E
:10932000030484D497F9435097F8820097F8833068
:1093300094F82C2094F82D10002D00F0070C03F069
:109340000706C0F297800021384603F093FA94F89C
:109350002030002284F82820DB0994F8212063F3D0
:10936000000284F8212097F88230C3F3020262F3EE
:109370000613092287F88230A27258E7042A7FF484
:1093800056AFFFF773FD21463846FFF7C5FD384657
:1093900001F0F8FE0021384603F070FA0023A372B2
:1093A00045E703B0BDE8F040FFF7D8BE002103F069
:1093B00061FAD7F840311A2223F48073C7F840319C
:1093C00084F82820204600F09BFB94F8213043F0DD
:1093D000010384F8213097F88230C3F3020262F36C
:1093E0000613092287F882300221A27285E73146EE
:1093F000204602F03FF994F84E3084F828300021DE
:10940000384603F037FADDE7374B90F8822093E8CF
:10941000030094F82030134302AD03F0070305E97D
:10942000030008336B44022113F8083C63F306126F
:1094300041F6060387F8822063815EE70021384603
:1094400003F018FA94F828300BB187F8603194F8DB
:10945000203094F82120DB0963F3000284F82120F6
:1094600097F88230C3F3020262F3061387F8823062
:10947000092340E711F003011FD061F3020012F04D
:10948000030287F8820023D062F302038C4587F839
:1094900083301AD021463846FFF76AFC94F8213011
:1094A00060F3410384F821300021384603F0E2F9EB
:1094B000002384F8283001234FE712F003023FF421
:1094C00042AF62F3020387F883309642E2D13AE773
:1094D0008C45DFD137E700BF1C980500449005009C
:1094E0006C8F0500B8980500A87F0500F0B50C4604
:1094F000897A83B00646154609290BD8DFE801F0C2
:109500001B2059620A0A95ADB605042D00F0E080D3
:1095100003B0F0BD8E4A8F498F4840F20A5321F0C4
:1095200072F8002383F31188BFF36F8F032318466B
:1095300002DF03B0F0BD002DEAD10123A372E7E7FB
:109540001946204602F0B4F894F8202096F8A43189
:10955000C2F3C200C3F3C2010140C3F30203C2F36A
:109560000200034043EAC10322F03F02134384F8A0
:10957000203096F94330002B0BDB94F8203013F0A9
:10958000380F40F0A18094F8203023F03F0384F896
:1095900020300221304600F093FA012DB8D196F820
:1095A0004330DB0907D16A4A6A496B4840F23443C9
:1095B000B5E7002DACD12146304603B0BDE8F04000
:1095C000FFF7FABD022DA3D190F94330002B0EDB3B
:1095D0005F4A6249604840F2544321F014F8002386
:1095E00083F31188BFF36F8F0323184602DF5C4BB0
:1095F00096F8822093E8030094F82030134302ADDC
:1096000003F0070305E9030008336B44022113F854
:10961000083C304663F30612062386F88220A372C4
:1096200003B0BDE8F04000F05FBA032D7FF470AFE7
:109630001946204602F060F821463046FFF768FBE5
:109640000546204600F05CFA002D52D094F82830F0
:10965000282B2ED186F860312BE0002D7FF458AFF7
:10966000214603B0BDE8F040FFF78EBC002D7FF42B
:109670004FAF678DFEF71CFFC01B03043FF548AFDB
:1096800084F8285096F9435096F8820096F8833073
:1096900094F82C2094F82D10002D00F0070C03F006
:1096A00007072CDB002294F8213062F3000384F8D2
:1096B000213096F88230C3F3020262F306130922C6
:1096C00086F88230A27223E75A077FF462AF5AE726
:1096D0002146FFF7CBFB21463046FFF71DFC304605
:1096E00003F0B0FA0021304603F0C8F80023A3725B
:1096F0000EE7304603F0DEF80823A37208E711F006
:10970000030118D061F3020012F0030286F8820010
:109710001BD062F302038C4586F8833012D02146B9
:109720003046FFF725FB94F8213060F34103012216
:1097300084F82130B7E712F00302B3D062F30203DA
:1097400086F883309742EAD1ACE78C45E7D1A9E7A8
:109750001C980500449005006C8F0500B898050022
:10976000A87F050092F81FC0BCF1110F02F11C0385
:109770000FD0BCF1180F12D0BCF1070F0CD010B5F0
:1097800024230C4680F8603101F0FCFC0023A37216
:1097900010BD0522FFF736BD0622FFF733BD0222BA
:1097A000FFF730BD13460022FFF72CBD13460322FE
:1097B000FFF728BD00230422FFF724BD10B592F85F
:1097C0001FE0BEF1160F02F11C030BD0BEF1180F03
:1097D0000DD024230C4680F8603103F033FA0023C7
:1097E000A37210BDBDE810400122FFF77FBEBDE8A7
:1097F00010400322FFF77ABE13460022FFF776BE21
:1098000013460222FFF772BE00230422FFF76EBE4A
:109810000023037043608360C3600361704700BF2F
:10982000037801330370704703785BB9C3687BB179
:1098300002691AB1816861B10B6082600023C36064
:1098400003617047013BDBB20370002BEED0704721
:1098500070474360F1E700BF03783BB100230C3051
:109860000B60436843B119604160704700230430C6
:109870000B604368002BF6D101604160704700BF68
:1098800000230B60836813B11960816070474160E9
:1098900081607047406870470346406828B1996806
:1098A00002685A60884208BF9A6070474078A0F109
:1098B0000C00B0FA80F04009704700BF4078A0F17A
:1098C0000800B0FA80F04009704700BF4078A0F16E
:1098D0000200B0FA80F04009704700BF4078A0F164
:1098E0001700B0FA80F04009704700BF4078A0F13F
:1098F0000100B0FA80F04009704700BF4078A0F145
:109900000900B0FA80F04009704700BF4078A0F12C
:109910000600B0FA80F04009704700BF4078A0F11F
:109920001800B0FA80F04009704700BF4078A0F1FD
:109930000300B0FA80F04009704700BF4078A0F102
:109940000500B0FA80F04009704700BFF8B5064640
:1099500008460D46F8F770FD044680B100274560C3
:109960000672476187612C22394620301BF01EFDAC
:109970004FF47F43FF2262726381A381A773204665
:10998000F8BD00BF4078A0F10200B0FA80F04009B5
:10999000704700BF4078A0F10200B0FA80F04009A3
:1099A000704700BF4078A0F10100B0FA80F0400994
:1099B000704700BF4078A0F10200B0FA80F0400983
:1099C000704700BF4078A0F11800B0FA80F040095D
:1099D000704700BF4078A0F10100B0FA80F0400964
:1099E000704700BF4078A0F10100B0FA80F0400954
:1099F000704700BF4078A0F10900B0FA80F040093C
:109A0000704700BF4078A0F10900B0FA80F040092B
:109A1000704700BF4078A0F10300B0FA80F0400921
:109A2000704700BF4078A0F10300B0FA80F0400911
:109A3000704700BF38B5456804462DB12946204619
:109A4000BDE83840F8F70EBD094A0A490A487023B4
:109A500020F0D9FD85F31188BFF36F8F03231846DB
:109A600002DF656820462946BDE83840F8F7FABCB1
:109A7000D0980500109905006C8F0500024B1868FE
:109A8000003818BF01207047000E002010B50448B0
:109A9000F8F7D2FC04460430FEF7F8FC204610BD6F
:109AA000000E002008B50120FBF778F8003818BF39
:109AB000012008BDFBF78CB8E030FFF7E1BE00BF26
:109AC00038B590F8563105460C461BB11C4385F855
:109AD000564138BDE030FFF7A3FE95F856311C43E0
:109AE00085F8564138BD00BF90F8563123EA010190
:109AF00080F8561101B17047E030FFF795BE00BF06
:109B000038B58569044645B12B792D2B04D02D231A
:109B10002B71A36922691A6038BD084A08490948AF
:109B20004FF4967320F06FFD85F31188BFF36F8FAC
:109B30000323184602DFA569E6E700BFD0980500B9
:109B40001C9905006C8F050038B5856904465DB128
:109B50002B792D2B00D038BD01232B71A169BDE8D5
:109B600038400868FBF706B8074A084908484FF428
:109B70009D7320F048FD85F31188BFF36F8F032399
:109B8000184602DFA569E3E7D09805001C99050097
:109B90006C8F05008B6913B11A792D2A0BD00B7AC3
:109BA000072B15D0CB692BB1D0F85C211A60CB699B
:109BB000C0F85C3170471B68D0F858215A608B6937
:109BC00001221A718B69C0F858310B7A072BE9D141
:109BD0004B6A002BE6D01B68D0F858215A604B6ABC
:109BE00001221A714B6AC0F85831DBE7F8B50D4F06
:109BF00005463846F8F720FC044680B10026476049
:109C00000572466186612C22314620301BF0CEFB66
:109C10004FF47F43FF2262726381A381A6732046C3
:109C2000F8BD00BFF00D002010B50A4B06225868A1
:109C30005021F8F7DDFB084B012258685021F8F756
:109C4000D7FB064BBDE81040586804222C21F8F7DA
:109C5000CFBB00BFF80D0020F00D0020000E00204B
:109C600038B50446002501F04DFA2046C4E93E55BA
:109C700084F8045102F0DAFFC4F82851C4E94255CF
:109C800084F81651A4F81451A4F81851C4F82B51B3
:109C9000A4F84851C4F83051C4F83451C4F83851CC
:109CA000C4F83C51C4F84051C4F84451FAF76CF878
:109CB00094F89A3084F85651C4E95001C4E95655D5
:109CC00023F0180384F89A30A58738BD0846014967
:109CD000F8F7C8BB000E002038B5B0F802510346B3
:109CE000144625B1A9420ED26D1AA0F80251B3F85C
:109CF000122122B191420DD2521AA3F8122100234F
:109D00001846237038BD01F0BDF8054658B12B7ACE
:109D10000A2B03D022236FF07300F2E795F820306E
:109D20006FF07300EDE7074A0749084840F2022345
:109D300020F069FC85F31188BFF36F8F0323184669
:109D400002DFE4E7D0980500309905006C8F05002C
:109D5000034B0B44B3FBF1F3A0F81831704700BF7D
:109D6000FF59620210B5044602F068FF2046BDE8C4
:109D7000104001F0CFB900BF10B5044611B1012960
:109D800007D010BD02F062FF2046BDE8104001F090
:109D900023BA02F05FFF2046BDE8104001F040BA50
:109DA00070B5D0F85841064634B120682146446861
:109DB000FAF7D4FE002CF8D1D6F85C410023C6F89F
:109DC00058313CB1054D204624682946F8F74AFB36
:109DD000002CF8D10023C6F85C3170BD000E0020C5
:109DE00090F94330002B14DA70B504460E46032078
:109DF00009491546FFF7AAFD014640B180F82060E9
:109E000080F82150204601F009F8002070BD0C2098
:109E100070BD0C20704700BFF80D002010B5074939
:109E200004460120FFF792FD28B10146204600F0CC
:109E3000F5FF002010BD0C2010BD00BFF80D002064
:109E400038B504460D4602200849FFF77FFD58B19A
:109E500090F8203065F30003014680F8203020465A
:109E600000F0DCFF002038BD0C2038BDF80D0020CC
:109E700010B5074904460420FFF768FD28B10146E4
:109E8000204600F0CBFF002010BD0C2010BD00BF0D
:109E9000F80D00202DE9F0410546884607201049BD
:109EA0009DF8186017461C46FFF750FDA8B1E30067
:109EB00008F0070803F03803BF0143EA080307F07E
:109EC00040073B4343EAC613014680F8203028464A
:109ED00000F0A4FF0020BDE8F0810C20BDE8F08177
:109EE000F80D002038B504460D4601F0F1F9204682
:109EF00002F00CFF07490A20FFF728FD38B10146A0
:109F000080F82050204600F089FF002038BD0C204A
:109F100038BD00BFF80D002008B590F94330002B84
:109F200008DB00F0AFFF20B1037A0B2B0CBF22300F
:109F3000002008BD02F0ACFCF5E700BFF8B5D0F892
:109F400040319B0601D40020F8BD04460D460C208C
:109F500008491646FFF7FAFC074648B1294620464D
:109F60003246FEF7CFFB3946204600F057FFEAE7BE
:109F70000C20F8BDF80D002070B506460D4602F025
:109F800087FC20B1037A053B012B044601D90C2044
:109F900070BD01463046FEF7AFFE0028F7D02968B5
:109FA0006A68AB68ED68C4F837503046C4F82B10C7
:109FB000C4F82F20C4F833302146FEF795FE002068
:109FC00070BD00BF38B5054602F062FC20B1037ACF
:109FD000053B012B044601D90C2038BD014628461B
:109FE000FEF78AFE0028F7D028462146FEF780FEBD
:109FF000002038BD2DE9F0470546D0F84001BDF8F6
:10A000002090099E9A4683078846174632D495F9D0
:10A010004330002B50DB30490820FFF797FC044603
:10A02000002C56D0237A082B2AD0092B34D1A4F83F
:10A0300026802785A4F82AA0A4F82C90002E3ED0D4
:10A040003388238773886387B388A387F388E3877C
:10A050003389A4F840307389A4F8423095F943302D
:10A06000002B12DA2846FDF79DFC0146284602F037
:10A0700017FF0AE018490920FFF768FC0446CFE7FC
:10A080002785A4F82AA0A4F82C902846214600F0A1
:10A09000C5FE0020BDE8F087104A1149114840F282
:10A0A000054320F0B0FA002383F31188BFF36F8FCC
:10A0B0000323184602DFE8E71A20BDE8F0870A4AC2
:10A0C0004FF0FF33C4E90E23A4F840304FF6FF737E
:10A0D000C2E70C20DEE700BFF80D0020D098050095
:10A0E000449005006C8F05000000FFFF08B502F0EA
:10A0F000CFFB28B1007AA0F10C00B0FA80F0400943
:10A1000008BD00BF10B5044602F0C2FB10B1037ACF
:10A11000092B00D010BD01462046BDE8104002F0DA
:10A12000D9B900BF38B504460D4602F0B1FB10B1F5
:10A13000037A092B00D038BD80F820500146204614
:10A14000BDE8384002F0CAB908B502F0A1FB28B159
:10A15000007AA0F10900B0FA80F0400908BD00BF04
:10A1600038B505460C4600F08DFE10B14369A34298
:10A170000ED0284602F08CFB10B14369A34200D0F8
:10A1800038BD224601462846BDE8384002F024BDCD
:10A1900001462246284600F07FFFEAE710B5044654
:10A1A00000F070FE18B10146204600F099FF2046ED
:10A1B00002F06EFB014620B12046BDE8104002F0DF
:10A1C00023BD10BD2DE9F041537F144605460E46D0
:10A1D000002B3FD0D37F1E2B29D9284600F052FEFA
:10A1E0000746284602F054FB0146002F5ED0FA7A5B
:10A1F000E37F002848D09342C07A51D03A7B002AAE
:10A200005DD098424ED00A7B002A4BD1072B6DD0EF
:10A21000112B04D14A7B94F820309A4242D0234635
:10A22000324639462846BDE8F04100F0EBBE444ACC
:10A2300052F8232022B104F11C00904760B1E37F63
:10A24000022BCAD10123224631462846BDE8F041FF
:10A2500002F004BDFF23D377284600F013FE28B197
:10A26000E27FC37A9A420DD0037B5BB9284602F0A5
:10A270000FFB002850D0E27FC37A9A4202D0037BC2
:10A28000002BE0D0BDE8F0819342C8D03A7B002A91
:10A29000C5D1072B4DD0112B4BD00D2BBFD0D1E703
:10A2A00098421CD11F2385F86031EBE70028C9D004
:10A2B000234632462846BDE8F04102F013BC072B86
:10A2C0002CD0112B18D0B3F10D0218BF01229842E7
:10A2D0001FD00B7BEBB9002AA1D02423E3E70A7B34
:10A2E000002ADFD1072B95D0112B98D14B7B94F806
:10A2F00020209A42D6D092E77A7B94F82030D21A66
:10A3000018BF0122112804D0087B10B9487B98425D
:10A31000E1D1002ACCD1C5E7034694E77A7B94F8D3
:10A320002030D21A18BF01220728EDD1002ABFD150
:10A33000B8E77A7B94F820309A4283D16FE700BF68
:10A340003499050070B505460E46FFF79FFB04469D
:10A35000002862D0337A013B211D0B2B07D8DFE8A0
:10A3600003F022282E3506060606063B0642324A30
:10A3700032493348DD2320F046F9002383F3118866
:10A38000BFF36F8F0323184602DFE379737321460F
:10A390002846FFF791FB337A0A2B2AD02846BDE8DE
:10A3A000704000F021BE084600F0B0FF1323F372A6
:10A3B000EBE7284600F0DEFF0923F372E5E73046BD
:10A3C00001F096F8FF237461F372DEE7084601F0AE
:10A3D000B1F80C23F372D8E7304601F09BF8FF2365
:10A3E0007461F372D1E7284601F056FA1523F3722F
:10A3F000CBE76B8EB5F89C1140F2E24202FB03F30F
:10A4000042F2107202FB013101392846B1FBF3F12F
:10A41000BDE8704089B200F0EDBD074A094908481F
:10A42000A22320F0F0F884F31188BFF36F8F032389
:10A43000184602DF8EE700BFB09905004490050082
:10A440006C8F0500A49705002DE9F04107460C46E6
:10A45000164602F021FA28B10323A37200252846EC
:10A46000BDE8F08121463846FFF708FB0546002885
:10A47000F2D021463846FFF709FB804680B3237AA5
:10A48000013B08F104010B2B07D8DFE803F0384645
:10A49000064C060606060606063E264A26492748B4
:10A4A00040F25E4320F0AFF8002383F31188BFF33E
:10A4B0006F8F0323184602DF98F807306373414615
:10A4C0003846FFF7F9FA384602F0EEF90423A37292
:10A4D000002EC4D0384602F0B5FB0023A372BEE7BD
:10A4E000144A174915484FF4836320F08CF888F319
:10A4F0001188BFF36F8F0323184602DFBFE70846BA
:10A5000000F00EFFFF23E372D6E7384601F0DCF9D6
:10A51000FF23C4F81480E372CEE7384600F04EFF04
:10A52000FF23E372C8E7084601F004F8FF23E37253
:10A53000C2E700BFB0990500449005006C8F05008C
:10A54000A497050038B50B7A013B0C4605460B2B4A
:10A550000CD8DFE803F006060B290B0B0B0B0B1BCB
:10A560000B24BDE838400122FFF76EBF174A184997
:10A57000184840F20E5320F046F8002383F3118868
:10A58000BFF36F8F0323184602DF38BD02F05AFB7A
:10A5900094F820300022A27285F8603138BDBDE801
:10A5A00038400022FFF750BF90F8283143B901220C
:10A5B000FFF74AFF0028E8D0012385F8283138BD8D
:10A5C00002F040FB0023A37238BD00BFB099050024
:10A5D000449005006C8F05002DE9F0410C46897A06
:10A5E00006461546042900F2F380DFE801F0072350
:10A5F0000C1B0300012D4DD0BDE8F081002DFBD1D7
:10A600000123A372F8E7002DF6D1237A0A2B74D127
:10A61000304602F017FB94F820300022A27286F830
:10A620006031E9E7002DE7D121463046BDE8F04131
:10A63000FFF788BF022DDFD1DA786272023A122A60
:10A640006AD801A151F822F061A7020019A70200FF
:10A6500019A7020019A7020019A7020019A70200F2
:10A6600059A7020019A7020019A7020019A70200A2
:10A6700073A7020019A7020019A7020019A7020078
:10A6800019A7020019A7020029A6020019A70200B3
:10A6900039A70200237A0C2BAED1FDF7F1FF94F815
:10A6A0002030042140EA03073046FFF71DFAA56970
:10A6B0000023FFB2A361002D7BD02B792D2B0ED070
:10A6C0004B4A4C494C4840F281431FF09CFF002309
:10A6D00083F31188BFF36F8F0323184602DF002F27
:10A6E0004BD101232B7128682946FAF743FA3046EB
:10A6F00002F0A8FA0023A3727EE73D4A3F493E4894
:10A7000040F224531FF07FFF85F31188BFF36F8F52
:10A710000323184602DF7BE7354A3949364840F2C1
:10A720000D431FF070FF002383F31188BFF36F8F79
:10A730000323184602DF77E7194601F0F5F80421F4
:10A740003046FFF7BDF93046FDF762FF84F8200080
:10A750002046FFF7D5F967E7194600F06FFE63E77B
:10A760001946204600F0E2FE08213046FFF7A8F91E
:10A770005AE7194600F006FF56E703272F71338E7C
:10A78000EB80237A0C2B05F11C080DD0184A1D49CB
:10A79000194840F28A431FF036FF002383F31188E3
:10A7A000BFF36F8F384602DF4146304601F0A4F810
:10A7B00099E70F4A1449104840F27E431FF023FFE7
:10A7C00085F31188BFF36F8F0323184602DF74E708
:10A7D000074A0B49084840F28A531FF014FF002330
:10A7E00083F31188BFF36F8F0323184602DF03E75B
:10A7F000B0990500609805006C8F0500F899050078
:10A8000044900500149A0500189805002DE9F041C0
:10A81000D1F8188000260C4605468E61B8F1000F6D
:10A8200049D00126032788F804702B8EA8F806303B
:10A83000237A042B08F11C0129D00C2B23D0022BE6
:10A8400017D0284A284940F2AB1328481FF0DBFEF6
:10A85000002383F31188BFF36F8F384602DF0EB1F8
:10A86000BDE8F081D8F800004146BDE8F041FAF7B4
:10A8700081B9637A072B1AD0092B10D0194A1A49CB
:10A880004FF48173E1E7284601F036F8E7E7637A91
:10A890000C2B08D0134A144940F20F13D5E7284671
:10A8A00000F0AEFDDBE7284600F056FED7E7204675
:10A8B00000F052FDD3E7FFF7FDF880460028B1D144
:10A8C000084A0B4909484FF4C6731FF09CFE88F3F1
:10A8D0001188BFF36F8F0323184602DF88F80480C6
:10A8E000FFDE00BFB0990500449005006C8F0500A5
:10A8F0001898050038B50B7A013B0C4605460B2B22
:10A9000015D8DFE803F006240E3214141414144191
:10A9100014494B7A072B04D0132B02D0242385F83B
:10A920006031284600F02EFC0023A37238BD324A65
:10A93000324933484FF413731FF065FE002383F34D
:10A940001188BFF36F8F0323184602DF38BD4B7A9F
:10A95000072B01D0092BE1D194F82030DB07E0D59B
:10A9600021462846FFF752FFDBE74B7A0C2BD5D167
:10A970008B6993B321462846FFF748FF284600F02D
:10A9800001FC0023A37238BD00F0FCFB002216235B
:10A99000A27285F8603138BD4B7A152B16D0072B83
:10A9A000BCD1D0F8403123F02003C0F8403100F092
:10A9B000E9FB0023A3722846FFF798FB0028B5D1D6
:10A9C00028460421BDE83840FFF78EB8FDF7A0FD0A
:10A9D00068B9284600F0D6FBEBE7FFF763F80028DC
:10A9E000C8D1284600F000FB0423A37238BD2146DD
:10A9F0002846FFF70BFFECE7B099050044900500EF
:10AA00006C8F050070B50E7A731E0C4605460B2B35
:10AA100007D8DFE803F0161D314506060606066175
:10AA2000066F534A5349544840F2CF231FF0EBFDC1
:10AA3000002383F31188BFF36F8F0323184602DFCF
:10AA400070BD00F0C1FA00287FD00123A37270BD51
:10AA500000F0BAFA0028F8D121462846FFF70EF890
:10AA60000028F2D021462846FFF76CFC6369002BD2
:10AA700008BF0326A67270BD00F0A6FA0028E4D134
:10AA800021462846FEF7FAFF0028DED02146284658
:10AA9000FFF758FC6369002B18BF0226A67270BD31
:10AAA00090F828319BBB00F08FFA0028CDD12146C9
:10AAB0002846FEF7E3FF0028C7D021462846FFF7C7
:10AAC00041FC6269002A4FF001030CBF03220222FD
:10AAD000A27285F8283170BDFEF7D0FF0028B4D0EF
:10AAE00021462846FFF72EFC1622022384F8202058
:10AAF000A37270BDD0F840319B0602D5FFF7F6FA7D
:10AB000068B1284600F03EFB0023A37270BD0C2202
:10AB100000234A728B61BDE87040FFF7EBBE284608
:10AB200000F052FA002890D121462846FEF7A6FFF1
:10AB300000288AD004212846FEF7C2FF2146284675
:10AB4000FFF700FC0323A37270BD21462846FEF7E1
:10AB500095FF00283FF479AF21462846FFF7F2FB26
:10AB60006369002B0CBF03230223A37270BD00BFD7
:10AB7000B0990500449005006C8F050070B50C4637
:10AB8000897A06461546042900F2A380DFE801F021
:10AB900003031B280600002D5CD070BD002DFCD1E6
:10ABA000237A042B00F08780524A534953484FF4CC
:10ABB0005F731FF028FD85F31188BFF36F8F0323A8
:10ABC000184602DF70BD052DE7D1237A032B01D093
:10ABD0000A2BE2D121463046BDE87040FFF78ABE1D
:10ABE000012DDAD1DA786272023A172A37D801A138
:10ABF00051F822F0ABAC02005FAC02005FAC020087
:10AC00005FAC02005FAC0200A1AC02005FAC0200CE
:10AC100099AC02005FAC02005FAC020091AC020094
:10AC2000D5AB02005FAC02005FAC02005FAC02007B
:10AC300087AC02005FAC0200D5AB02005FAC020043
:10AC40007FAC02005FAC02005FAC02005FAC0200B0
:10AC5000D5AB02002146BDE87040FFF7D3BE254AC0
:10AC60002549264840F24F331FF0CDFC002383F3E3
:10AC70001188BFF36F8F0323184602DFAAE7194636
:10AC800000F07CFEA6E71946204600F0F3FCA1E7A1
:10AC9000194600F077FC9DE7194600F0FDFB99E7A7
:10ACA0001946204600F054FB94E7124A1249134813
:10ACB00040F23633D8E7FEF7F5FE00283FF46DAFDB
:10ACC00021463046FFF7A2FD304600F05BFAA57240
:10ACD00070BD084A0849094840F29A331FF093FCB6
:10ACE000002383F31188BFF36F8F0323184602DF1D
:10ACF00070BD00BFB0990500449005006C8F050041
:10AD0000131D0522FFF73ABF02F11C030122FFF7D2
:10AD100035BF00BF13460022FFF730BF02F11C030E
:10AD20000222FFF759BC00BF131D0122FFF754BCDC
:10AD300013460022FFF750BC70B5044606F090F8A9
:10AD400068B1D4F8F85045B1D4F8FC202B68C4F8A9
:10AD5000F830954208BFC4F8FC30284670BD05465F
:10AD60000121032006F01AF82A4606460121032095
:10AD7000F7F700FCD4F8F85045B1D4F8FC202B6864
:10AD8000C4F8F830954208BFC4F8FC30002EE4D077
:10AD9000012211460320F7F7EDFB284670BD00BFE6
:10ADA00070B5044606F05CF840B1D4F8F850DDB157
:10ADB00000220123A4F80221AB7370BD05460121D6
:10ADC000032005F0EBFF2A46064601210320F7F792
:10ADD000D1FBD4F8F850002EE9D00122114603200F
:10ADE000F7F7C8FB002DE3D1094A0A490A484FF496
:10ADF000F5731FF008FC85F31188BFF36F8F0323F1
:10AE0000184602DF00220123A4F80221AB7370BDB3
:10AE10003C9A0500849A05006C8F0500F8B505463C
:10AE20000C4606F01DF840B100232360D5F8FC3035
:10AE3000F3B11C60C5F8FC40F8BD064601210320B3
:10AE400005F0ACFF3246074601210320F7F792FBDD
:10AE50002660D5F8FC3083B11C60C5F8FC40002F9B
:10AE6000EAD00122BDE8F84011460320F7F782BB83
:10AE7000C5F8F840C5F8FC40F8BDC5F8F840C5F87D
:10AE8000FC40ECE770B5054605F0EAFF18B1D5F8CF
:10AE9000F840204670BD04460121032005F07EFFE6
:10AEA0002246064601210320F7F764FBD5F8F84057
:10AEB000002EEED0012211460320F7F75BFB20465F
:10AEC00070BD00BF38B50C460546FFF7DBFF844276
:10AED0000DD0184A1849194852231FF094FB00233B
:10AEE00083F31188BFF36F8F0323184602DFA36932
:10AEF00013B11B792D2B07D02846FFF71DFF2046E5
:10AF0000BDE83840FEF796BD0A4A0D490B48572365
:10AF10001FF079FB002383F31188BFF36F8F0323A6
:10AF2000184602DF2846FFF707FF2046BDE83840F5
:10AF3000FEF780BD3C9A0500989A05006C8F0500CD
:10AF4000AC9A050038B50546FFF79CFF037A013B34
:10AF500004460B2B1BD8DFE803F0060606061A1A78
:10AF60002A1414061A06014600222846FFF7D2FECC
:10AF7000A37B03B938BD21462846BDE83840FFF71A
:10AF8000A1BF01460022284601F076FAF0E70B4AFD
:10AF90000B490C484FF4EF731FF035FB002383F38C
:10AFA0001188BFF36F8F0323184602DFE0E70146E5
:10AFB00000222846FEF7F6FBDAE700BF3C9A0500C0
:10AFC000449005006C8F050090F80401A0F1010089
:10AFD000B0FA80F040097047012380F804317047CF
:10AFE000002380F804317047B0F81831A0F802311E
:10AFF000704700BFA0F80211704700BF0023A0F8FF
:10B000000231704738B50C468969054610461A4624
:10B01000F9B1217A01390B2923D8DFE801F00606BE
:10B0200006062222321D1D06220621462846FFF76B
:10B030006BFEA36923B11B792D2B1CBF0023A361D9
:10B04000A37B03B938BD21462846BDE83840FFF749
:10B0500039BFA3612061DCE72146284601F0B8F939
:10B06000E7E70A4A0A490B4840F249131FF0CBFAB6
:10B07000002383F31188BFF36F8F0323184602DF89
:10B08000D7E721462846FEF76DFBD2E73C9A05003C
:10B09000449005006C8F050038B50B7A033B0C46D5
:10B0A0000546092B09D8DFE803F0050808080D0854
:10B0B000080508052146FFF723FEA37B00226261F5
:10B0C00043B938BD2146FEF771FBA37B00226261C4
:10B0D000002BF6D021462846BDE83840FFF7F2BEE7
:10B0E00038B50B7A072B0C46054608D0A37B03B96D
:10B0F00038BD21462846BDE83840FFF7E3BEFEF7DD
:10B1000059FBF3E70222002380F80021A0F8023166
:10B11000704700BF38B590F800310446032B1AD8A9
:10B12000DFE803F002100F10FFF7ACFE48B1057A1C
:10B130002046FFF707FF0A2D14BF0123032384F8DD
:10B14000003138BDFFF79EFE0028FAD02046BDE84A
:10B150003840FFF7F7BE084A084909484FF41B7307
:10B160001FF051FA002383F31188BFF36F8F03237D
:10B17000184602DF38BD00BF3C9A05004490050028
:10B180006C8F050010B590F800310446032B0DD8E4
:10B19000DFE803F008020702FFF702FE002384F84D
:10B1A000003110BDBDE81040FFF7FABD074A08495D
:10B1B00008484FF41B731FF026FA002383F311880D
:10B1C000BFF36F8F0323184602DF10BD3C9A0500C2
:10B1D000449005006C8F050008B590F80031022BF3
:10B1E00013D000D808BD032BFCD00A4A0A490B48EB
:10B1F0004FF41B731FF007FA002383F31188BFF38A
:10B200006F8F0323184602DF08BD002380F800314A
:10B2100008BD00BF3C9A0500449005006C8F0500F6
:10B2200038B590F800310446032B3AD8DFE803F034
:10B230000926121320462946FEF7ACFC2846FEF7E5
:10B24000F9FB2046FFF778FD05460028F2D10223DE
:10B2500084F8003138BDFFF76FFD05460028F6D0B1
:10B2600029462046FEF796FC2846FEF7E3FB2046DB
:10B27000FFF762FD05460028F2D1E8E7FFF75CFD25
:10B2800005460028E3D029462046FEF783FC2846E1
:10B29000FEF7D0FB2046FFF74FFD05460028F2D110
:10B2A000D5E7084A084909484FF41B731FF0ABF96A
:10B2B000002383F31188BFF36F8F0323184602DF47
:10B2C00038BD00BF3C9A0500449005006C8F050016
:10B2D00038B50546FFF730FD68B1044621462846DB
:10B2E000FEF758FC2046FEF7A5FB2846FFF724FD95
:10B2F00004460028F2D10024A5F802412146284640
:10B3000001F0B8FA85F8004138BD00BF037801218B
:10B31000122243F0030303704170C270704700BFF4
:10B3200003780121132243F0030303704170C270BC
:10B33000704700BF0B784FF0020C43F00303072265
:10B340000B7081F801C0CA7090F84C300B717047D7
:10B350000B7980F84C3070470B784FF0020C43F0BB
:10B36000030307220B7081F801C0CA7090F84C30BB
:10B370000B71704710B50B780C460922082143F079
:10B380000303E1706270237090F94330002BACBF6F
:10B390000B460E23E370F8F7F7FC002261F3070277
:10B3A000C1F3072C0B0C6CF30F2263F317421B0A3B
:10B3B00063F31F626060A26010BD00BF38B50C4629
:10B3C0000546F8F7E1FC237843F0030323700923D3
:10B3D0006370E370D5F84031217263F0FF031840C9
:10B3E000020C0B0CC0F307252071C1F30721100AD2
:10B3F000A2711A0AE07165716172A372E27238BDBE
:10B400000B78092243F003030B704A70CA70D0E92D
:10B410004E23100CC2F3072C0A711A0C81F805C0D8
:10B4200088714FEA102C0B72C3F30720130A81F8BE
:10B4300007C048728A72CB72704700BF2DE9F04195
:10B440004B68144F8E685A0F82EA137202F00102A1
:10B450001F400021931849419B18054641F10008FF
:10B4600087EA0374F8F790FC04EA0003C5F840315A
:10B4700063F0FF0306F0EF063B4046EA0878C5E9B3
:10B480004E3608EA01010122C5F8441185F8302141
:10B49000BDE8F0812FCF87F72DE9F0414A68134FBF
:10B4A0008E68530F83EA127303F00103D91807EA79
:10B4B00002074FF000025241C918054642F100044C
:10B4C00087EA0178F8F760FC06F0EF0646EA0474B4
:10B4D000C5E94E7608EA00000C400123C5F840019A
:10B4E000C5F8444185F83031BDE8F0812FCF87F7AA
:10B4F0000B784FF0030C43F0030319220B7081F813
:10B5000001C0CA7090F820300B7190F821304B7157
:10B51000704700BF0B78022243F003030B704A70A0
:10B52000CA7090F820300B71704700BF0B7980F81B
:10B53000203070470378074AC0F805204FF0060C0A
:10B5400043F0030340F60C51037080F801C0A0F8EB
:10B5500003107047F105FFFF0B784FF0060C43F026
:10B5600003030C220B7081F801C0CA7090F82A31D5
:10B570000B71B0F82B31A1F80530B0F82D31A1F8DE
:10B5800007307047012380F829310B7980F82A3180
:10B59000B1F80530A0F82B31B1F80730A0F82D3103
:10B5A000704700BF0B78032243F003034FF0170CE2
:10B5B0000B7081F801C0CA70D0F82130D0F8252076
:10B5C0008A604B6090F829300B7390F82A304B73E7
:10B5D000704700BF10B503780D21042243F0030328
:10B5E00041700370C270841805F03AFC0C2120B140
:10B5F0002046BDE8104003F029B92046BDE81040C0
:10B6000003F01AB903780121052243F00303037004
:10B610004170C270704700BF03780121062243F0D9
:10B62000030303704170C270704700BF03780121AB
:10B630000B2243F0030303704170C270704700BFD8
:10B64000037801714FF0020C43F003030D220370E5
:10B6500080F801C0C27070470378017143F00303A2
:10B660004FF0030C0370112380F801C0C3704271C6
:10B67000704700BF0B7980F84D304B7980F84E3021
:10B68000704700BF0B784FF0030C43F00303162202
:10B690000B7081F801C0CA7090F82030C3F3C20368
:10B6A0004B7190F82030C3F302030B71704700BF59
:10B6B0000A7990F8203062F3C50380F820304A7987
:10B6C00062F3020380F82030704700BF0B784FF020
:10B6D000030C43F0030317220B7081F801C0CA70FA
:10B6E00090F8A431C3F3C2034B7190F8A431C3F3B3
:10B6F00002030B71704700BFCB8843850B7980F83C
:10B700002C304B7980F82D30704700BF0B784FF00C
:10B71000180C43F003030F220B7081F801C0CA70AC
:10B72000C38C8B80038DCB80438D0B81838D4B81AC
:10B7300090F834300B73C38EA1F80D30038FA1F84D
:10B740000F30438FA1F81130838FA1F81330C38FCE
:10B75000A1F81530B0F84030A1F81730B0F84230F9
:10B76000A1F81930704700BF0B784FF0180C43F068
:10B77000030310220B7081F801C0CA70C38C8B8048
:10B78000038DCB80438D0B81838D4B8190F83430BA
:10B790000B73C38EA1F80D30038FA1F80F30438FC8
:10B7A000A1F81130838FA1F81330C38FA1F81530A1
:10B7B000B0F84030A1F81730B0F84230A1F8193095
:10B7C000704700BF8B88C384CB8803850B89438572
:10B7D0004B8983850B7B80F83430B1F80D30C386FC
:10B7E000B1F80F300387B1F811304387B1F8133047
:10B7F0008387B1F81530C387B1F81730A0F840300F
:10B80000B1F81930A0F84230704700BF0B78002221
:10B8100043F003034FF00C0CCA700B7081F801C0A9
:10B8200090F823300B71036B094AA2FB03239B0A98
:10B83000A1F80530438DA1F80930038DA1F8073038
:10B84000838DA1F80B30838CA1F80D30704700BFB9
:10B850005917B7D10B7980F82330B1F8053040F291
:10B86000E24202FB03F30363B1F809304385B1F808
:10B8700007300385B1F80B308385B1F80D30838430
:10B88000704700BFB1F8093003844B68C0F822301C
:10B890000B7A80F8263070470B784FF0090C43F094
:10B8A000030314220B7081F801C0CA70B0F866302F
:10B8B0008B80B0F864300B81B0F86A30CB80B0F880
:10B8C00068304B81704700BF0B784FF0090C43F094
:10B8D000030315220B7081F801C0CA70B0F86630FE
:10B8E0008B80B0F864300B81B0F86A30CB80B0F850
:10B8F00068304B81704700BF0B784FF0090C43F064
:10B90000030315220B7081F801C0CA70B0F87630BD
:10B910008B80B0F874300B81B0F87A30CB80B0F8FF
:10B9200078304B81704700BF8B88A3F11B02E02A5F
:10B9300022D8B1F808C0ACF11B02E02A1CD830B5FF
:10B94000CD88A5F5A47244F2481492B2A24212D84E
:10B950004A8900218E4662F30F0EA2F5A4726CF3A1
:10B960000F0192B2A24263F31F4165F31F4E9CBFC9
:10B97000C166C0F870E030BD704700BF8B88A3F18E
:10B980001B02E02A22D8B1F808C0ACF11B02E02A61
:10B990001CD830B5CD88A5F5A47244F2481492B2F3
:10B9A000A24212D84A8900218E4662F30F0EA2F5F8
:10B9B000A4726CF30F0192B2A24263F31F4165F3CC
:10B9C0001F4E9CBFC166C0F870E030BD704700BF1D
:10B9D00070B58C6900230D4606468B6104B31923AC
:10B9E00022792371338EE38095F82030237743B991
:10B9F0002B8DE3836B8D2384AB8D63842D2A09D03B
:10BA000070BD738EE383B38E2384B6F89C31638458
:10BA10002D2AF5D120682146BDE87040F9F7AAB873
:10BA2000074A0849084840F207131EF0ECFD84F36A
:10BA30001188BFF36F8F0323184602DFCFE700BFE3
:10BA4000049B0500189805006C8F0500F8B58C69FB
:10BA500000230D4606468B6194B103232779237199
:10BA6000338EE38004F11C012846FFF74FFE2D2F93
:10BA700000D0F8BD20682146BDE8F840F9F77AB853
:10BA8000074A084908484FF459731EF0BCFD84F377
:10BA90001188BFF36F8F0323184602DFDDE700BF75
:10BAA000049B0500189805006C8F050030B5438E87
:10BAB0000A8D4C8D8D8D934285B002D1838EA34229
:10BAC00014D0012381F8223002950B6BCDE90024BC
:10BAD0000C7A91F82320898C0391A4F10801B1FA22
:10BAE00081F14909E2F700FF05B030BDB0F89C31A3
:10BAF0005B1B18BF0123E5E7F8B5CD6900230C46B1
:10BB000007461646CB61002D3FD0291D112E0AD8BD
:10BB1000DFE806F02E0909090909092A09090909B6
:10BB2000090909093222234A234924484FF4527350
:10BB30001EF069FD002383F31188BFF36F8F032389
:10BB4000184602DFEB79637329463846FDF7B4FFE8
:10BB5000237A092B14D0F8BD084694F8202094F8D5
:10BB60002110FFF779FDEDE72046FFF7E3FBE9E75A
:10BB70002046FFF74BFEE5E72046FFF7F5FDE1E73E
:10BB80003846BDE8F84000F08FBEFDF77FFF054660
:10BB90000028BAD1074A0A49084840F22E331EF05D
:10BBA00032FD85F31188BFF36F8F0323184602DF40
:10BBB000ABE700BF049B0500449005006C8F0500B7
:10BBC000A497050038B58B690C46054673B11F4A2A
:10BBD0001F49204840F286331EF015FD002383F3F1
:10BBE0001188BFF36F8F0323184602DFFDF762FF52
:10BBF0002D23A061037194F834200121002384F8DF
:10BC000023102363218D4AB1B1FBF2F313FB02F33E
:10BC1000E28C9BB29A429CBF23851946238F8B42AC
:10BC200004D840F2E24202FB03F323632846FCF708
:10BC30003FFCAB8E06331844A084002221462846E0
:10BC4000FFF75AFF4FF60B73638138BD049B050065
:10BC5000509B05006C8F05002DE9F0413A4E33688A
:10BC600004460D462BB1834203D00123AB72BDE8DD
:10BC7000F0812046FFF7A8F90028F6D1204600F011
:10BC800001FE07460028F0D129462046FDF7F6FEC2
:10BC90000028EAD02046FCF70BFC01218046204614
:10BCA00000F0E8FDA5F83680D5F81C8085F83470E2
:10BCB0003460EF61B8F1000F29D008F10401284683
:10BCC000FFF724FD98F807306B7341462046FDF7D7
:10BCD000F3FE2B7A092B16D094F84330DB0902D0FF
:10BCE00004236B81C3E7194A19491A4840F29B1390
:10BCF0001EF089FC002383F31188BFF36F8F0323A9
:10BD0000184602DFB3E72046FFF76EF9E4E729465D
:10BD10002046FDF7BBFE80460028CED10B4A0E49D7
:10BD20000C4840F22F131EF06EFC88F31188BFF30D
:10BD30006F8F0323184602DF04212846FFF7E6FC35
:10BD400098F80730FFDE00BF344D0020049B05004B
:10BD5000449005006C8F0500A497050038B5054692
:10BD60000C4600F099FD10B10923A37238BD21469D
:10BD70002846FDF783FE0028F6D021462846FDF729
:10BD800085FEE061FDF78EFE10B90C23A37238BD6D
:10BD900021462846BDE83840FFF714BF70B50C4671
:10BDA0000546FCF785FBA38CC31A1B0400D570BDA8
:10BDB00021462846FFF77AFE237A092B15D094F8FE
:10BDC0002260E6B92046FDF7BFFEA661284600F0D6
:10BDD00039FF237A092B05D10D4B1A68954204BF10
:10BDE00000221A600023A37270BD284600F062FD95
:10BDF000237A092BE3D194F82030002BDFD00023E5
:10BE000084F8203021462846FFF7E2FDDEE700BF38
:10BE1000344D002070B506460C4600F03DFD10B1D3
:10BE20000623A37270BD054621463046FDF726FE67
:10BE30000028F5D0112221463046FFF75DFE30463E
:10BE400000F000FF237A092B04D1044B1A689642B4
:10BE500008BF1D600023A37270BD00BF344D0020D9
:10BE600070B5204A136806460C468BB183420FD04A
:10BE700002238B7200F010FD054620B921463046A2
:10BE8000FDF7FCFD08BB2046BDE87040FDF738BE5D
:10BE9000218D738E16609942628DA08D06D0214649
:10BEA0003046FFF7D3FD0423A37270BDB38E9342D7
:10BEB000F5D1B6F89C318342F1D12046FDF744FE1E
:10BEC00000220523A261A37270BD4FF47263214664
:10BED00023843046FFF79EFF2046FDF735FEA5611F
:10BEE00070BD00BF344D002070B50C46897A0646FF
:10BEF00015460C2900F2A980DFE801F00B17464E29
:10BF0000586273A77A848B9F0700002D00F0AD80E4
:10BF100070BD002DFCD1237A082B00F0C980092BBD
:10BF200040F0B7800123A37270BD012DF0D11946F6
:10BF30002046FFF747FCE38C228DA08D618D94F89D
:10BF40003450052B17D9B2F5486F14D8934212D844
:10BF5000B1F5FA7F0FD2A0F10A039BB240F6764CFE
:10BF6000634508D84B1C9BB202FB03F3B3EB800F75
:10BF700001D2AA420AD240F61E73238421463046DB
:10BF8000BDE87040FFF746BF012DC1D821463046BD
:10BF9000BDE87040FFF764BF002DB9D1FDF782FD09
:10BFA000002840F0C7800323A37270BD032D67D023
:10BFB000042DADD10F22062384F82120A37270BD79
:10BFC000002DA5D190F94330002B5CDA94F8203095
:10BFD00083B10F2384F821302146BDE87040FFF77C
:10BFE00019BF002D94D12146BDE87040FFF712BF64
:10BFF000002D8DD1304600F04FFC00285BD0082387
:10C00000A37270BD002D83D12146BDE87040FFF7BB
:10C01000A5BE022D7FF47CAF90F84320C2F3C0117F
:10C02000D20956D184F84C1000F036FC05460028A1
:10C0300000F089800D23A37270BD002D7FF468AFDE
:10C040002146BDE87040FFF7A9BE504A504951480B
:10C0500040F251531EF0D7FA002383F31188BFF347
:10C060006F8F0323184602DF70BDFDF71BFD00280C
:10C070003FF44EAF21463046BDE87040FFF7A2BD09
:10C080000523A37270BDA5612146BDE87040FFF78E
:10C0900065BE3E4A3E493F4840F2F2331EF0B3FAD5
:10C0A00085F31188BFF36F8F0323184602DF70BD3D
:10C0B0000A23A37270BD21463046FDF7DFFC00283D
:10C0C0009DD0102221463046FFF716FD0A236381DA
:10C0D00070BD19462046FFF7BDFB218D628DA58DF1
:10C0E0008B1F9BB240F67A4083422AD8B2F5FA7F82
:10C0F00027D2A5F10A039BB240F67640834220D8AE
:10C10000531C9BB201FB03F3B3EB850F19D23046EE
:10C11000A58CFCF7CDF92B1A9BB247F6FE72934221
:10C1200029D9282386F86031304600F08BFD0023A2
:10C13000A37270BD21463046FFF788FC0423A3722A
:10C1400070BD1E23EEE721463046FDF797FC002820
:10C150003FF470AF072221463046FFF7CDFC304652
:10C1600000F070FD237A092BE1D10B4B1A6896423F
:10C17000DDD11D60DBE72046FDF7C2FC0B23A37277
:10C1800021463046BDE87040FFF708BE049B05001D
:10C19000449005006C8F0500344D0020F8B50C4626
:10C1A000897A06461546062908D8DFE801F0172BDC
:10C1B000070733640400002D65D0F8BD7F4A80492D
:10C1C00080484FF43E731EF01EFA002383F311885B
:10C1D000BFF36F8F0323184602DFF8BD002DECD1AB
:10C1E000237A092B10D0754A754976484FF4F573B8
:10C1F0001EF009FA85F31188BFF36F8F03231846E9
:10C2000002DFF8BD002DD8D121463046BDE8F84008
:10C21000FFF722BD032D00F08D80042D00F09280E9
:10C22000022DCAD119462046FFF714FB228D608DDE
:10C23000B4F82CC0931F9BB240F67A418B4244D88D
:10C24000B0F5FA7F41D2ACF10A039BB240F67641D9
:10C250008B423AD8431C9BB202FB03F3B3EB8C0F27
:10C2600033D22946304600F005FB2046FDF748FC56
:10C270000623A372F8BD002D9FD1FEF7A5FE60B383
:10C280000523A372F8BDFCF713F9A38CC01A0304AD
:10C2900093D42946304600F0EDFA21463046FFF7A8
:10C2A00005FC237A092B58D094F82250002D5ED13A
:10C2B0002046FDF749FCA5613046FEF763FF237A6F
:10C2C000092B2CD00023A372F8BD0021304600F0CA
:10C2D000D1FA1E2386F86031EEE721463046FDF79D
:10C2E000CDFB0028CCD02946304600F0C3FAE769E0
:10C2F000E561002F43D094F8202094F82110381DD8
:10C30000FFF7AAF9FB79637339463046FDF7D4FB92
:10C31000237A092BD0D13046FEF766FECCE796F99A
:10C320004330002B25DB284B1A689642CAD10022E5
:10C330001A60C7E75B7984F8203021463046FFF762
:10C3400047FBB9E7D0F840311A2223F00203C0F8C6
:10C350004031214684F82020F0E73046FEF74EFEBB
:10C36000237A092BA0D194F82030002B9CD00023F5
:10C37000E1E73046FDF7E8FE0028D4D0A2E72146E9
:10C380003046FDF783FB07460028B4D10B4A0F491E
:10C390000C4840F22F131EF036F985F31188BFF3D5
:10C3A0006F8F0323184602DF042094F8202094F8AE
:10C3B0002110FFF751F9EB79FFDE00BF049B050068
:10C3C000449005006C8F0500344D0020A4970500B3
:10C3D00010B592F81FC082B0044602F11C03BCF1F4
:10C3E000110F0AD8DFE80CF02C0909090909092501
:10C3F00009090909090909091E17242380F8603170
:10C400000191FEF7BFFE01990B7A092B1FD0002383
:10C410008B7202B010BD0322204602B0BDE810406E
:10C42000FFF7BCBE0122204602B0BDE81040FFF776
:10C43000B5BE0422204602B0BDE81040FFF7AEBEF4
:10C440000222204602B0BDE81040FFF7A7BE94F9D3
:10C450004330002B06DB074B1A689442D7D10022E9
:10C460001A60D4E720460191FDF76EFE019900287D
:10C47000F1D0CCE7344D002013460022FFF78EBEEA
:10C4800070B5D57F02F11C0335B10F2D09D1BDE880
:10C4900070400122FFF728BDBDE870400222FFF77F
:10C4A00023BD24230E4680F86031044600F0CAFB09
:10C4B000337A092B05D1044B1A68944204BF002239
:10C4C0001A600023B37270BD344D00201346002261
:10C4D000FFF70ABD00230322FFF706BD0023042255
:10C4E000FFF702BD70B5D37F012B05460C4607D080
:10C4F000242380F8603100F0A5FB0023A37270BDF7
:10C500008B7A012B12D013F0FD0FF8D0154A164983
:10C51000164840F227131EF076F8002383F31188A3
:10C52000BFF36F8F0323184602DF70BD02F11C01B9
:10C530002046FFF7A7F92846268CFBF7B9FF361AE5
:10C54000B6B247F6FE739E4202D80223A37270BDB4
:10C55000282385F86031284600F074FB0023A3727D
:10C5600070BD00BF709B0500449005006C8F0500F6
:10C5700038B58B7A012B12D0022B0C4610D00BB39E
:10C58000124A1349134840F227131EF03CF80023C7
:10C5900083F31188BFF36F8F0323184602DF38BD82
:10C5A0000546FBF785FF238CC01A0304F7D404F17A
:10C5B00022012846FBF78AFF284600F043FB0023B0
:10C5C000A37238BD01238B7238BD00BF709B05007C
:10C5D000449005006C8F050038B5D0F808318B42C7
:10C5E00004460D4623D01C4A1C491D4878231EF0E2
:10C5F0000AF8002383F31188BFF36F8F03231846D3
:10C6000002DFAB6913B11B792D2B15D0D4F808319B
:10C6100043B1D4F80C111A68C4F80821994208BF34
:10C62000C4F80C212846BDE83840FDF703BA8B69F1
:10C63000002BE8D10B46ECE7074A0A4908487D235E
:10C640001DF0E1FF002383F31188BFF36F8F0323F5
:10C65000184602DFDAE700BFB89B0500989A05008C
:10C660006C8F0500AC9A050038B5D0F808512B7ACC
:10C67000013B04460B2B28D8DFE803F0060606062C
:10C6800018181D131306220600222946FEF750FB38
:10C69000AB7B2BB129462046BDE83840FFF79CBF55
:10C6A00038BD00222946FFF711FFF1E70022294695
:10C6B000FCF72AFBECE700222946FDF79DF8E7E7A7
:10C6C00000222946FFF754FFE2E7084A08490948D3
:10C6D0004FF4E7731DF097FF002383F31188BFF336
:10C6E0006F8F0323184602DFD2E700BFB89B050017
:10C6F000449005006C8F050070B5D0F808510446D1
:10C700001DB394F81431012B03D1022384F81031A6
:10C7100070BD29462046FDF7B1F90028F5D029461D
:10C720002046FDF7B3F90646F0B1311D2846FEF765
:10C7300001FEF3796B7331462046FDF7BDF9012305
:10C74000AB73002384F8103170BD0F4A0F491048B5
:10C7500040F216231DF057FF85F31188BFF36F8F4A
:10C760000323184602DFCCE7074A0A4908484FF47A
:10C77000EF731DF048FF86F31188BFF36F8F03231B
:10C78000184602DFD1E700BFB89B0500849A050078
:10C790006C8F0500A497050070B5D0F808510446C9
:10C7A000ADB394F81431012B03D1012384F8103177
:10C7B00070BD29462046FDF761F90028F5D02946CD
:10C7C0002046FDF763F9064600283CD02046FEF7D8
:10C7D00059FB2A7A037A934206F1040026D0082BEB
:10C7E00026D02A2194F830311BB1D4F840315B07B0
:10C7F00023D4FEF725FFF3796B7331462046FDF70E
:10C800005BF90123AB73002384F8103170BD154A26
:10C810001549164840F206231DF0F5FE85F31188F0
:10C82000BFF36F8F0323184602DFBAE72321D9E74E
:10C83000092A14BF2A212321D4E70A4694F81711A4
:10C84000FEF70AFFD7E7074A094908484FF4EF7394
:10C850001DF0D9FE86F31188BFF36F8F03231846AE
:10C8600002DFB3E7B89B0500849A05006C8F0500D2
:10C87000A497050080F81611704700BF704700BFED
:10C880000020704790F81501003818BF012070474C
:10C89000D0F80801704700BF90F81401A0F1010022
:10C8A000B0FA80F040097047B0F81831A0F81231A2
:10C8B000704700BF0023A0F81231704738B5D0F898
:10C8C0000841A4B10546D5F80C212368C5F8083104
:10C8D0009442214608BFC5F80C312846FDF75AF9A5
:10C8E0002046FDF7A7F8D5F80841002CEBD138BD5C
:10C8F000022938B5054612D004290C460AD0012970
:10C9000000D038BDD0F80831002BFAD0BDE838404F
:10C91000FFF7AABEFFF7D2FF85F8104138BDD0F867
:10C920000841002380F815313CB100230122A5F80D
:10C930001231A27385F8103138BD074A07490848FB
:10C9400040F229231DF05FFE84F31188BFF36F8F3F
:10C950000323184602DFE8E7B89B0500849A050028
:10C960006C8F0500F8B590F8103104460E46154658
:10C97000052B00F29F80DFE803F00E1607030B0380
:10C98000BDE8F840FFF7B4BFBDE8F840FFF7B4BE1C
:10C9900003290CD0F8BD71B10429FBD1FFF78EFF3C
:10C9A00084F81061F8BDBDE8F840FFF7F5BE00233C
:10C9B00080F81031F8BDD0F80871002FEAD03B7A2A
:10C9C00090F816C190F843E0112B11D8414A01218B
:10C9D00001FA03F0024052B30A2B21D0C3B184F80C
:10C9E00015612046FFF740FE032384F81031F8BD9F
:10C9F000394A3A493A486B231DF005FE002383F378
:10CA00001188BFF36F8F0323184602DF3B7AE3E7F9
:10CA1000EB7F87F84C302046BDE8F840FFF76CBE4E
:10CA20002046FFF721FE052384F81031F8BD10F4ED
:10CA3000386FDDD00A2BF3D0002BE9D0BCF1000F0A
:10CA400001D10E46CBE71EF0800F12D1BCF1010FD1
:10CA500022D0BCF1020F9DD12046FEF713FA3B7A9B
:10CA6000027A9A4222D0082A1ED02A2384F8603102
:10CA7000F8BDBCF1010FECD12046FEF703FA08B176
:10CA8000FF22C272012384F815312046FFF7ECFD26
:10CA9000032384F81031F8BDEB7F84F8173120466A
:10CAA000BDE8F840FFF778BE092BDED1232384F8D8
:10CAB0006031F8BD084A094909484FF443731DF035
:10CAC000A2FD002383F31188BFF36F8F0323184661
:10CAD00002DFF8BD7FF40300B89B05004490050019
:10CAE0006C8F050038B50C468969054610461A4614
:10CAF000237AF1B10C2B57D8DFE803F00D070707B5
:10CB0000073C3C484242074E070021462846FEF7B4
:10CB100005F9A16921B10B792D2B1CBF0023A3615D
:10CB2000A37B2BB121462846BDE83840FFF754BD12
:10CB300038BDA26120610C2B36D801A151F823F039
:10CB4000A5CB02000BCB02000BCB02000BCB0200EB
:10CB50000BCB020075CB020075CB02008DCB02001F
:10CB600081CB020081CB02000BCB020099CB0200EB
:10CB70000BCB020021462846FCF796F8A169C9E7CD
:10CB800021462846FFF77CFCA169C3E721462846D9
:10CB9000FCF714FEA169BDE721462846FFF7A2FC79
:10CBA000A169B7E71146B5E7084A094909484FF4B2
:10CBB000A1731DF028FD002383F31188BFF36F8F4D
:10CBC0000323184602DFA169A4E700BFB89B050054
:10CBD000449005006C8F050038B50B7A072B0C4686
:10CBE00005460ED00C2B01D1FEF79EF8A37B002248
:10CBF00062612BB121462846BDE83840FFF7ECBC06
:10CC000038BDFCF7FDFDF1E738B50B7A072B0C4674
:10CC1000054608D0A37B2BB121462846BDE8384005
:10CC2000FFF7DABC38BDFCF7EFFDF3E70422002381
:10CC300080F81021A0F81231704700BF00220121B6
:10CC4000FFF790BE00220221FFF78CBE00220321D5
:10CC5000FFF788BE00220421FFF784BEF0B504462A
:10CC600083B00E4615467BB1D37F1B2B31D8DFF83E
:10CC700098C090F843100CEB4307C9097F781AB2AB
:10CC800001238B403B402BD11846FCF7AFFF0746F2
:10CC9000E8B100230360D4F80C31E3B11860C4F8A4
:10CCA0000C012A4600212046FFF75CFEBB7B1BB12E
:10CCB00039462046FFF790FCD4F8081139B12B46CD
:10CCC0003246204603B0BDE8F040FFF70BBF03B08B
:10CCD000F0BD0023D8E7C4F80801C4F80C01E0E770
:10CCE0001CF812300A2BCFD10193FFF7E7FD002289
:10CCF000A4F8122184F8152184F810212046FEF7AB
:10CD0000E7FA019BC0E700BF009C050010B5044690
:10CD1000FFF7D4FD0023A4F8123184F8153184F80C
:10CD2000103110BD10B50C4630B994F884316FF352
:10CD3000000384F8843110BD0A4A0B490B4840F2C5
:10CD4000A2231DF060FC002383F31188BFF36F8FD3
:10CD50000323184602DF94F884316FF3000384F84C
:10CD6000843110BD389C0500809C05006C8F050047
:10CD700000B9704708B5084A0849094840F29A23A3
:10CD80001DF041FC002383F31188BFF36F8F032351
:10CD9000184602DF08BD00BF389C05005C96050000
:10CDA0006C8F0500012800D0704710B50C46F7F7CE
:10CDB000A3FF84420ED0084A0849094840F2922352
:10CDC0001DF021FC002383F31188BFF36F8F032331
:10CDD000184602DF10BD00BF389C0500949C05007A
:10CDE0006C8F05002DE9F843099C9DF820900546BD
:10CDF000208E4FF6FF71884225D029462046904666
:10CE00001F46FBF7E9F8F0B926780136F6B226702E
:10CE10005EB31D491D4B0F8104F11C000022C86048
:10CE2000C1E9005881F80A90996001201146F5F790
:10CE3000D5FB50B9FF20FBF703F92046FF21BDE8E1
:10CE4000F843FBF7CFB9BDE8F883114A11491248FE
:10CE50004FF413731DF0D7FB002383F31188BFF346
:10CE60006F8F0323184602DFE4E7094A0B490A489B
:10CE700040F23F231DF0C7FB86F31188BFF36F8F8D
:10CE80000323184602DFC4E720500020080E0020CC
:10CE9000389C0500209005006C8F050088950500E2
:10CEA000438F43B110B590F8843113F0010488B07A
:10CEB00002D008B010BD7047124A43F0010380F859
:10CEC000843103310123CDE90442CDE902430690C8
:10CED000CAB2CDE90044234603212046F6F7B0FE4E
:10CEE00010F0FD0FE5D0084A0849094840F2052333
:10CEF0001DF089FB84F31188BFF36F8F032318465D
:10CF000002DFD6E725CD0200389C0500C896050053
:10CF10006C8F050038B50C461546FAF753FD48B13D
:10CF20001CB1BDE83840FDF74DB82946BDE8384092
:10CF3000FDF722B8022038BD38B50C461546FAF781
:10CF400041FD58B190F94330002B05DA2A462146BD
:10CF5000BDE83840FCF744BF0C2038BD022038BD86
:10CF6000054B064A10B41F204FF0FF3425211C60EA
:10CF70001871117010BC70473050002032710020C1
:10CF800030B5044600789DF80C5002FB01111F4A91
:10CF9000014482FB01020A44521102EBC20002EB7F
:10CFA00080028A1AD0B2C1082070595C02F00702D0
:10CFB00041FA02F212F001021FD1B0FBF5F405FBB9
:10CFC0001404E4B25D1E1046043300F1080E15F897
:10CFD000011F5FFA8EFE024611F0010F02F1010CF3
:10CFE0004FEA510102D04CB1013CE4B25FFA8CF23D
:10CFF0007245F1D110469D42E7D130BDC11D891A5D
:10D00000C9B207291046F6D830BD00BFA7C867DDF2
:10D010004288008850407047F0B5344D344C484049
:10D020004FF0030C060A5FFA80FE0EEB8E2E06EB25
:10D03000862004EA401705EA400605EA4E0004EAA5
:10D040004E1E3E4340EA0E0000EB002706EB062E84
:10D0500006EB0E2600EB0720360CC0F3074040EA33
:10D06000062000EB00100CF1FF3C08441CF0FF0C04
:10D0700080B2D7D141401F48A0FB01400C1A00EB01
:10D080005400400900EBC00400EB8400081AC0F310
:10D09000C40400F00705145D2C41E407C0B21CD4A1
:10D0A00001FB03F3561EC3F307430432604600F14D
:10D0B000080516F801CFEDB201461CF0010F01F191
:10D0C00001044FEA5C0C02D043B1013BDBB2E1B298
:10D0D000A942F2D108469642E9D1F0BD0730401A84
:10D0E000C0B207280846F6D8F0BD00BF10210200E4
:10D0F000408408004D91CFBA1A491B482DE9F041F0
:10D100000023451EA1F1020C012606E00133082B85
:10D1100001F1060100F1280022D003EB830215F88B
:10D120003220D407F2D59CF800409CF801E0D0F8FA
:10D130000080C2F3801206FA03F79A4001333C43A1
:10D140004EEA020287888F80082B8CF800408CF80A
:10D15000012001F1060141F8068C00F12800DCD124
:10D16000BDE8F0813E500020295100202048214A8E
:10D170002DE9F047204FDFF884800023951EA0F1B1
:10D18000020C012615F83310C90706FA03F926D553
:10D190003C7812F8011C4CB1072901EB810405D839
:10D1A00018F834104C0701D5C90618D515F83310F6
:10D1B0009CF801E09CF80040D2F800A0C1F34001C7
:10D1C00099404EEA010144EA0904B2F804E08CF8FF
:10D1D00000408CF80110A0F804E0C0F800A0013372
:10D1E000082B00F1060002F10802CBD1BDE8F08760
:10D1F000AA5200206A5200203471002028510020D9
:10D200000820704738B50020FAF7B2F8C8B90E4CBC
:10D210000E4D621E14F83030072B03EB830105D846
:10D2200015F831306FF3451305F8313012F830300E
:10D230006FF3000302F8303001300828EAD10020F3
:10D2400038BD0C2038BD00BF695200202851002095
:10D250002DE9F04F804683B00020FAF789F80028C6
:10D2600075D198F80030FF2B054663D03D4E08F18C
:10D2700001094FF0FF0A0446B71E03F0010B06E058
:10D2800059455AD00134082C06F108060FD017F87A
:10D290003420C2F34001D207F2D4BAF1FF0F08BF25
:10D2A0005FFA84FA0134082C06F10806EFD1BAF1CE
:10D2B000070F52D817F83A2063F3410207F83A20D3
:10D2C000022314FB0A34D8F801303B513C44B9F82E
:10D2D0000430A38098F800B0234C0BF0010B661EBD
:10D2E00004E00135082D04F1280434D005EB850352
:10D2F0004FEAC30816F83330C3F38012DB07F0D5CA
:10D300005A45EED120460622494617F09FFF0028D5
:10D31000E7D116F8083043F0200306F80830EDB2E4
:10D3200017F83A3007EBCA0243F0010307F83A3026
:10D330005570002003B0BDE8F08F30460622494604
:10D34000019317F083FF019B00289BD1F1E70C208C
:10D3500003B0BDE8F08FFF25E2E7072003B0BDE88A
:10D36000F08F00BF6A520020295100202DE9F041C2
:10D3700006460020F9F7FCFFC8BB96F80080B8F11C
:10D38000FF0F04462ED01B4D0136AF1E08F00108DA
:10D3900004E00134082C05F1080525D017F83430D5
:10D3A000C3F34002DB07F4D54245F2D106222846FA
:10D3B000314617F04BFF0028EBD107EBC4035B7835
:10D3C000072B08D80C4A03EB830312F8331060F3E1
:10D3D000451102F8331017F834306FF3000307F8E3
:10D3E00034300020BDE8F0810220BDE8F0810C203F
:10D3F000BDE8F0816A5200202851002007282DE95D
:10D40000F8430446884615461BD81D4E04EB84039A
:10D410004FEA840916F8333013F0010721D0A144F4
:10D42000012216F83930C3F3801388F8003028231E
:10D4300013FB0423F218F3582B609388AB80BDE8EC
:10D44000F883104A104911484FF48C731DF0DBF833
:10D45000002383F31188BFF36F8F0323184602DF85
:10D46000D3E7084A0A49094840F219131DF0CBF8DE
:10D4700087F31188BFF36F8F0323184602DFCEE7CF
:10D4800028510020C49C0500089D05006C8F0500F4
:10D49000149D05000820704710B50020F9F75CFFC7
:10D4A00088BB1A4B1A4C197893F82820207060F327
:10D4B000000160F30002197083F8282093F85010DF
:10D4C00093F8782060F3000160F3000283F85010B5
:10D4D00083F8782093F8A01093F8C82060F3000137
:10D4E00060F3000283F8A01083F8C82093F8F010CE
:10D4F00093F8182160F3000160F3000283F8F01044
:10D5000083F8182110BD0C2010BD00BF2851002049
:10D51000337100202DE9F04F83B083460020CDF811
:10D5200000B0F9F719FF002856D11BF8012BDFF8DE
:10D530002481019202F00103044608F1FF391E46DE
:10D5400004E00134082C08F1280841D004EB8402DF
:10D5500009EBC20519F83270FB074FEA840AC7F3DA
:10D560008012EED5B242ECD140460622594617F061
:10D570006DFE0028E5D13E467607019A07462FD476
:10D58000354D02F00108AE1E04E00137082F05F109
:10D59000080512D016F83730C3F34002DB07F4D584
:10D5A0004245F2D106222846594617F04FFE002880
:10D5B000EBD106EBC706FF237370A244002019F8D5
:10D5C0003A306FF3000309F83A3003B0BDE8F08F4A
:10D5D000022003B0BDE8F08F0C2003B0BDE8F08F4F
:10D5E000DFF878C09CF800305E1E023B062BF6B2D6
:10D5F00003D895F81780B04502D18CF80060BFE7DA
:10D60000174A02EB061302EB0812964605460FCBAB
:10D610008EE80F00DFF84CE005EB850309EBC30251
:10D6200019F83330D80705D5590703D59EF81730B8
:10D63000B34207D00135082D0EF1280EECD1009B26
:10D640001A78DAE7009B82F817801A78064B03F8FD
:10D650000850D2E7295100206A520020337100207F
:10D66000A850002028510020A05000202DE9F843A8
:10D670001D465B7903F0C003402B01D0BDE8F88361
:10D680000F46F1B1DFF86080002400F0010608F1D8
:10D69000FF3904E00134082C08F12808EED004EB2F
:10D6A000840319F83330D807C3F38012F2D5B2429D
:10D6B000F0D106224046394617F0C8FD0028E9D1CE
:10D6C000E2B2072ADAD8094B02EB820113F83110D3
:10D6D000C907D3D51820282111FB020228689850C9
:10D6E0001A44AB889380C9E72951002028510020B3
:10D6F0002DE9F84F82461A4E1AF8018B894600240C
:10D7000008F00108771E03E0082C06F128061BD05C
:10D7100004EB8402D50017F83230C3F38012DB0724
:10D7200004F10104F0D54245EED1062251463046BF
:10D7300017F08CFD83460028E6D118357C190621A8
:10D740002046F4F7BBFE10B90220BDE8F88F7859E7
:10D75000C9F80000A388A9F804305846BDE8F88F3E
:10D76000295100202DE9F0478246174E1AF8018B07
:10D770008946002408F00108771E03E0082C06F112
:10D7800028061DD004EB840207EBC20517F83230DF
:10D79000C3F38012DB0704F10104EFD54245EDD15C
:10D7A00006225146304617F051FD0028E6D16B6A3B
:10D7B0001A68C9F800209B88A9F80430BDE8F087F2
:10D7C0000220BDE8F08700BF2951002010B50446B3
:10D7D0000020F9F7C1FD40B91CB1012C01D0122085
:10D7E00010BD034B1C70002010BD0C2010BD00BFED
:10D7F00034710020034B4FF47A7202FB00F0186082
:10D80000704700BF385000202DE9F04782460020C5
:10D810008846F9F7A1FD90BB1D4E1AF8019B0446FE
:10D8200009F00109771E03E0082C06F1280620D034
:10D8300004EB8402D50017F83230C3F38012DB0703
:10D8400004F10104F0D54A45EED130460622514696
:10D8500017F0FCFC0028E7D1B8F1000F12D0B8F1A6
:10D86000010F09D17B5D43F010037B550020BDE81B
:10D87000F0870220BDE8F0871220BDE8F0870C2079
:10D88000BDE8F0877B5D68F304137B55EEE700BFCE
:10D8900029510020D0B5314C3149002304F1FF3C1F
:10D8A00014F83320072A02EB820E05D811F83E2027
:10D8B0006FF3451201F83E201CF833206FF300028D
:10D8C0000CF833200133082BEAD1264A264C0023DA
:10D8D00013700A7863F300020A7091F8282063F34A
:10D8E000000281F8282091F8502063F3000281F8AB
:10D8F000502091F8782063F3000281F8782091F8A5
:10D90000A02063F3000281F8A02091F8C82063F3FF
:10D91000000281F8C82091F8F02063F3000281F83A
:10D92000F02091F8182163F3000281F818210F4AC2
:10D9300013700F4B4FF0FF364FF0FF37C3E900670E
:10D940000C4B236028B1BDE8D0400B490B4829F0AF
:10D950008FBBBDE8D040094829F096BB6952002032
:10D9600028510020347100203850002033710020ED
:10D9700028270020A0BB0D00FDDB0200F8260020B8
:10D98000034A044B002814BF10461846704700BFD6
:10D99000A85200203C500020A8B110B50B4A1268D4
:10D9A0004FF4004340F2E7300021E2FB03014FF463
:10D9B0007A720023DFF714FEBDE8104002460B46E2
:10D9C000034816F01BB8024829F05EBB385000200F
:10D9D000F826002008B5094B00221A8030B9084B00
:10D9E000084A1B78002111801BB908BDFFF7BEFB58
:10D9F000F5E7BDE80840FFF77FBB00BFA852002055
:10DA0000347100203C5000202DE9F04F834687B050
:10DA100029F0CAFC4A0143011B1A42EAD06262EBB8
:10DA20000102920042EA93729B001B1841EB02092B
:10DA30004FEAC90949EA5379C3F3103343EA49432A
:10DA40004FEAD939BBF1000F16D1644AD2E900126E
:10DA5000B2F1FF3F08BFB1F1FF3F0DD06048006851
:10DA6000591A69EB0202814272F10002ACBF4FF019
:10DA7000010A4FF0000A01E04FF0010A594ECDF8BB
:10DA800004B0DFF864810024F71F9B460DE02544B5
:10DA900017F8353043F0020307F835300134082C0D
:10DAA00008F1060806F1280625D004EB8403A5003A
:10DAB00017F83330DA07F1D5BAF1000F01D1980722
:10DAC000ECD42B1917F83330590750D42B1917F809
:10DAD00033301A07DBD502A930461FF063F900285E
:10DAE0006CD1BDF80C300298A8F80430C6F81D803F
:10DAF000C8F80000CBE75B46DDF804B0BAF1000FD0
:10DB000002D0364AC2E90039BBF1000F08D000202C
:10DB1000F9F714FC044618B194F86A305B0702D494
:10DB200007B0BDE8F08F94F82630072BF8D8FF2314
:10DB30008DF8083094F8293004EB830302A9DE6ADB
:10DB400004F1280001F0B6FB727805460232314636
:10DB5000DEF706FE29462046F9F71AFC9DF8083044
:10DB6000FF2BDDD084F8293007B0BDE8F08F317C81
:10DB70001E4B0F2202EB01121A440DF117000DF19A
:10DB8000070312F8011903F8011F8342F9D106F1C6
:10DB9000170102A81FF006F9002897D0144A15496A
:10DBA000154840F2F3231CF02EFD002383F3118867
:10DBB000BFF36F8F0323184602DF87E70C4A0D4936
:10DBC0000D4840F201331CF01EFD002383F3118841
:10DBD000BFF36F8F0323184602DF82E72827002058
:10DBE000385000202F51002070500020A8500020F5
:10DBF000C49C0500209005006C8F050010B5012025
:10DC0000FFF702FF0A4A12684FF4004340F2E73080
:10DC10000021E2FB03014FF47A720023DFF7E0FCFE
:10DC2000BDE8104002460B46024815F0E7BE00BFB3
:10DC300038500020F8260020072815D8F8B500EB4A
:10DC40008003124D15F833301A0704464FEA800658
:10DC5000C3F3C00007D5C3F340079B0706D526448E
:10DC600005EBC603586AF8BD00207047084A094909
:10DC700009484FF44A731CF0C6FC87F31188BFF3C0
:10DC80006F8F0323184602DFE9E700BF2851002009
:10DC9000C49C0500289D05006C8F050007280CD842
:10DCA00000EB8003064A12F833104B0705D52823F2
:10DCB00003FB002202F11E0070470020704700BFE6
:10DCC000285100202DE9F047894616460AB1FF2366
:10DCD0001370154D002400F0010805F1FF3A09E02A
:10DCE0001EB13378FF2B08BF37700134082C05F1C3
:10DCF000280514D004EB8403E7B21AF83330C3F3D9
:10DD00008012DB07ECD54245EFD106222846494672
:10DD100017F09CFA0028E8D13846BDE8F087FF27C5
:10DD20003846BDE8F08700BF295100202DE9F04FAB
:10DD3000074685B000200E469046F9F70DFB0028F7
:10DD400074D1BA4604461AF8010B0DF10F02514680
:10DD5000FFF7B8FF072840F2BB809DF80F90B9F19C
:10DD6000070F79D809EB8902D2005B4DD7F8011073
:10DD70000192531C09EB890BE9502B44BAF80410AB
:10DD800099803B7815F83B10009263F38611A954F3
:10DD900030461021F4F792FB009BE95C60F38201AE
:10DDA000E95440461021F4F789FB009B019AE95C95
:10DDB00000F0010060F3C30111F0040FE95405EB1A
:10DDC000CB0B4FEA89034BD1002868D118320021D0
:10DDD000A9502A44414E918003EB090215F83210F4
:10DDE00021F0120105F8321097F80080B71E08F0F4
:10DDF000010804E00134082C06F108061AD017F8CF
:10DE0000342012F0010BC2F34001F3D04145F1D1AF
:10DE1000304606225146009317F018FA009B00285E
:10DE2000E8D107EBC40787F8019005E00C2005B0A6
:10DE3000BDE8F08F4FF0000B4B444FEA4B1215F842
:10DE4000331042F0010221F021010A43002005F8BD
:10DE5000332005B0BDE8F08F072005B0BDE8F08F96
:10DE6000DFF87CE0DFF87CC09EF800108BF817101C
:10DE70000CF80190DFF870B04FF0FF3C0CEB011C88
:10DE800001318EF80010DC4406F10F01013E11F85B
:10DE900001E90CF801EFB142F9D1002896D0D61D66
:10DEA000A81903EB0901D8F800B0D8F804E0D8F8B5
:10DEB00008C0D8F80C8045F806B005EBC101C0F8E1
:10DEC00004E0C0F808C0C0F80C80002048627DE77C
:10DED000122005B0BDE8F08F285100206A520020C2
:10DEE00033710020A0500020A8500020072807D838
:10DEF000044B00EB800013F83000C0F3C000704703
:10DF00000020704728510020024B1B780370024804
:10DF1000704700BF33710020A850002038B5234B54
:10DF20001B78834204460DD9214B1C5D072C1CD85D
:10DF3000204B04EB840213F8323013F0010524D097
:10DF4000204638BD1C4A1D491D4840F287331CF04D
:10DF50005AFB002383F31188BFF36F8F0323184606
:10DF600002DF134B1C5D072CE2D9134A15491448F4
:10DF700040F289331CF047FB002383F31188BFF381
:10DF80006F8F0323184602DFD2E70B4A0E490C4875
:10DF900040F28A331CF037FB85F31188BFF36F8F93
:10DFA0000323184602DF204638BD00BF337100202E
:10DFB000A050002028510020C49C0500B89E0500F8
:10DFC0006C8F0500D89E0500AC9E0500072825D85B
:10DFD000F8B5134F00EB8003044617F8333013F005
:10DFE00001054FEA800605D0264417F83600C0F335
:10DFF0004010F8BD0B4A0C490C4840F295331CF018
:10E0000002FB85F31188BFF36F8F0323184602DFED
:10E01000264417F83600C0F34010F8BD00207047C2
:10E0200028510020C49C0500149D05006C8F05003C
:10E030001378FF2B19D12DE9F047194D0446AE4650
:10E04000002303EB830C9E0015F83CC01CF001007C
:10E0500003D0CCF3801CA44509D00133082B0EF16A
:10E06000280EEED10120BDE8F0870120704701F1B4
:10E07000FF3877464FF0000C17F801AF18F8019FF2
:10E08000CA450CF1010CE8D1BCF1060FF4D11E44D5
:10E09000137015F836305A07E5D5C3F30010E2E7E0
:10E0A00028510020024B1878003818BF0120704713
:10E0B0003471002000F0C0BB08B5002302F0ECFF73
:10E0C000002008BD10B584B0079BD3E9002090471D
:10E0D000012812D004460DF10F010DF10E00F6F7E4
:10E0E000B9FD0021064B00919DF80F209DF80E0010
:10E0F0000121F5F7BDFD034BDC6004B010BD00BF8E
:10E1000009E10200F452002000B585B00DF10F01C5
:10E110000DF10E00F6F79EFD9DF80F20064B9DF8C1
:10E120000E00002101320091D2B20221F5F7A0FDCC
:10E1300005B05DF804FB00BFD9E10200F0B58DB079
:10E140000E4605460DF12F010DF12E001C46174617
:10E15000F6F780FD9DF82FC006940CF1010C002409
:10E16000CDE90744CDE90344CDE901449DF82E00F3
:10E17000059700962B465FFA8CF20121F5F7E4FC37
:10E1800010F0FD0F0AD006480094064BC4609DF8BD
:10E190002F209DF82E000121F5F76AFD0DB0F0BD8E
:10E1A000F452002009E10200019B024A3121FFF7ED
:10E1B000C5BF00BFB9E1020070B5059D0446F6F782
:10E1C0004FFD2B462046034ABDE870400621FFF76D
:10E1D000B5BF00BFC5E00200014815F08DB900BF12
:10E1E000DC52002008B501220021024828F070FE10
:10E1F000002008BDDC520020024BA0F2A462C3E95B
:10E2000000207047F45200200020F5F779BC00BFD1
:10E2100008B5F5F7B3FD014B986008BDF452002036
:10E22000684620F007018D4601B502F0F9F8E8F7DD
:10E23000A3F9BDE801408546704700BF08B50A4B09
:10E24000D3F840213AB90120F4F726FABDE8084096
:10E250000220F4F721BA0020C3F84001D3F840317E
:10E26000F5F75AFCEFE700BF00B000400020F4F7DC
:10E2700013BA00BF70B508BB214B224C1A78217825
:10E280009142D3B20FD0204A2049214840F2344372
:10E290001CF0B9F9002383F31188BFF36F8F0323B8
:10E2A000184602DF23781B4E1B4D32780133237052
:10E2B0002B78934212D033782B7070BD124A1749D5
:10E2C000134840F22F431CF09EF9002383F311887A
:10E2D000BFF36F8F0323184602DFCDE70A4A1049C8
:10E2E0000B4840F23A431CF08EF9002383F3118867
:10E2F000BFF36F8F0323184602DF33782B7070BD96
:10E300003571002036710020049F05004C9F0500E8
:10E310006C8F05003A710020397100205C96050071
:10E32000689F050070B51A4E1A4D33782A789A42C4
:10E3300004460BD033782B70174E184D1CB9337828
:10E340002A789A4212D033782B7070BD144A15493E
:10E35000154840F21B431CF056F9002383F3118843
:10E36000BFF36F8F0323184602DFE3E70C4A0F4920
:10E370000D4840F226431CF046F984F31188BFF3A0
:10E380006F8F0323184602DF33782B7070BD00BFF8
:10E39000387100203771002035710020367100205F
:10E3A000049F0500909F05006C8F0500B89F050035
:10E3B00002F042B938B5194C194D237829788B42AF
:10E3C0001AD0184B2170002205999960012011463E
:10E3D000F4F704F900B938BD134A1449144840F25F
:10E3E000B3431CF010F9002383F31188BFF36F8F40
:10E3F0000323184602DF38BD0B4A0E490C4840F291
:10E40000AD431CF000F9002383F31188BFF36F8F35
:10E410000323184602DF2978D3E700BF35710020B7
:10E4200036710020180E0020049F05004091050061
:10E430006C8F0500D49F05002DE9F04F494A4A4FE3
:10E4400012783B789A428BB00C4605D1474B484A2C
:10E450001B7812789A4271D0E368D4F800801B6868
:10E46000DFF81091DD68D3E9012191422CBFC5EBA3
:10E470000105C5EB020508EB050626F07F46D9F835
:10E4800000103046F5F77CFC10F4000002D10BB010
:10E49000BDE8F08F384A394B11781A78914232D161
:10E4A000324A33491278097891422CD01A780132D5
:10E4B0004FF0000AD2B21A705146314BCDF800A08D
:10E4C00052465046F5F7D4FB10F0FD0F1BD02D4AF5
:10E4D0002D492E4840F29F431CF095F88AF311888D
:10E4E000BFF36F8F4FF0030B584602DF254A2649D2
:10E4F000264840F267431CF086F88AF31188BFF380
:10E500006F8F584602DFE368C9F800600693204B1E
:10E510000022CDE907321F4BCDE90222CDE90423C9
:10E52000CDE900523C780134E4B24346114610462E
:10E530003C70F5F709FB0BB0BDE8F08FC368D0F86D
:10E5400000801A68DFF82C90D568D2E90110884263
:10E550002CBFC5EB0005C5EB010508EB050626F051
:10E560007F46D1E7397100203A71002035710020D3
:10E57000367100200C5300203771002038710020C4
:10E5800025E30200049F05009C9405006C8F0500A4
:10E5900075E20200B5E30200804A9368002B7ED04A
:10E5A0002DE9F04F136889B082467BB14FF0FF33FD
:10E5B0008DF80A3003E0067F16F0030609D00DF14E
:10E5C0000A00F6F7F1FC05460028F4D109B0BDE8D1
:10E5D000F08FC368534576D00768B146B04602E075
:10E5E000037F990722D00DF10A00F6F7DDFC0446FF
:10E5F0000028F5D1B8F1000F08BFA84641464046B3
:10E60000FFF71AFF30F00203E0D0654A654966481B
:10E6100040F2FA431BF0F7FF84F31188BFF36F8FCA
:10E620000323184602DF09B0BDE8F08FC368B9F1D3
:10E63000000F0ED0534527D0D4F800B039465846C5
:10E64000F5F79EFB00F4000000281CBFA0465F46C3
:10E65000C9E79A458146EFD12B7FE96843F0020371
:10E660002B772846AB699847FF238DF80A3003E0E3
:10E67000037F13F0030413D00DF10A00F6F794FCA6
:10E6800005460028F4D1A1E72B7FE96843F0020397
:10E690002B772846AB699847A14587D1E4E77047B7
:10E6A000C36853450FD03E4A40493F4840F21D538E
:10E6B0001BF0A9FF84F31188BFF36F8F0323184663
:10E6C00002DFD5F80CA0354A50465368116803AAFA
:10E6D00098470446F0B110F1100F3FF477AF2F4A7E
:10E6E000002093681168984714F10B0F1BD08C34ED
:10E6F0003FF46CAF2A4A2E492B4840F25A531BF084
:10E7000082FF002383F31188BFF36F8F0323184622
:10E7100002DF5BE72B7FAA69E96843F002032B77EE
:10E720002846904752E70224FF258DF80B500DF143
:10E730000B00F6F739FC98B1037F9A07F7D40EB9AE
:10E74000DB07F4D4154AC36811689942EFD1037FFF
:10E7500043F002030377836998478DF80B50E6E78F
:10E760000126B44201D03446DFE70C4D039B2868F4
:10E7700000940021CDE9041106910790296004AAB4
:10E78000D5E90101F6F7C8FB044600287FF41EAF67
:10E79000034A084904484FF4AB633BE71053002099
:10E7A000049F05009C9405006C8F0500F09F0500F8
:10E7B0001CA0050014A0050010B5154828F085F927
:10E7C00010B3144B00249C6000F03EFB00281ADBC1
:10E7D000214601202246E8F73FFB22460B2001217B
:10E7E000E8F73AFB224621461820E8F735FB0120DE
:10E7F000E8F702FB0B20E8F7FFFA1820E8F7FCFA2D
:10E8000001F03EFE204610BD6FF0120010BD00BFAB
:10E81000307805001053002008B500F025FB0028D3
:10E8200009DB0120E8F7F6FA0B20E8F7F3FA1820E5
:10E83000E8F7F0FA002008BD034603488AB21946FB
:10E8400083681B68184700BF3078050030B4074D57
:10E85000AB685C6834B18AB2A446014600232846FE
:10E8600030BC60476FF0850030BC704730780500E1
:10E8700030B4074DAB685C6834B18AB2A446014637
:10E880000023284630BC60476FF0850030BC7047DD
:10E89000307805000020704730B5254B83B0044622
:10E8A00070B31A68824225D0FF250DF107008DF85C
:10E8B0000750F6F779FB38B91AE0A1420AD00DF1FA
:10E8C0000700F6F771FB98B1037F9B07F7D4C16887
:10E8D000002CF2D1037F826943F002030377904753
:10E8E0000DF107008DF80750F6F75EFB0028EBD11D
:10E8F00003B030BD9D6865B101460020A847D3E74D
:10E900009D68002DD0D019680029CDD00020A847DF
:10E91000CAE7084A0849094840F2BF131BF073FED2
:10E9200085F31188BFF36F8F0323184602DFBBE71F
:10E9300010530020049F050028A005006C8F0500DF
:10E940000020704738B50446F6F720FB64B1054651
:10E9500020B324680020F6F741FB2046F6F7E4FBDD
:10E96000044658B1002038BD1B4DAC682CB32C6850
:10E970000023AB602B60002CEBD1EBE7174A184962
:10E9800018484FF40C731BF03EFE84F31188BFF35C
:10E990006F8F0323184602DF002038BD0F4A12494B
:10E9A000104840F2F9131BF02EFE85F31188BFF3D7
:10E9B0006F8F0323184602DFCBE7084A0B4909484B
:10E9C0004FF4FF731BF01FFE84F31188BFF36F8FAA
:10E9D0000323184602DFCAE710530020049F0500F6
:10E9E00054A005006C8F050030A0050040A0050074
:10E9F000D0E90132002A04DB9A4238BF1A46104699
:10EA00007047C068984238BF1846704710B5144622
:10EA1000F5F7B4F92146F5F7B3F9034610F4000011
:10EA200004D10333092B88BF184610BD002010BD48
:10EA3000262810B504461CD0272812D0252808D037
:10EA40000A281ED9272821D80330400001F066FD8E
:10EA500002E0022001F062FD2046BDE8104001F016
:10EA600063BD502001F05AFD2046BDE8104001F082
:10EA70005BBD1A2001F052FD2046BDE8104001F0B8
:10EA800053BD0230400001F049FDE5E7074A08495F
:10EA9000084840F2A2231BF0B6FD002383F311883F
:10EAA000BFF36F8F0323184602DFD5E7049F0500ED
:10EAB000449005006C8F050001F094BD01F09ABDF3
:10EAC00008B501F0B9FDBDE8084001F021BF00BF65
:10EAD00008B501F0B1FD01F01BFFBDE8084001F0F1
:10EAE000BFBE00BF08B501F0A7FD01F011FF01F0A6
:10EAF000F5FE02F0E7F8BDE8084001F0B1BE00BF46
:10EB000008B50146184801F09BFC01F0CBFD60B14F
:10EB100001F094FF01F0ECFC00F0EAF900280EDBB4
:10EB2000BDE808400020FFF70DBF01F071FD01F0C6
:10EB300085FF01F0DDFC00F0DBF90028F0DA0B4A7C
:10EB40000B490C4840F21E331BF05DFD002383F39C
:10EB50001188BFF36F8F0323184602DF0020BDE842
:10EB60000840FFF7EFBE00BFB1E30200049F0500BD
:10EB70005CA005006C8F050010B5044601F05CFD3B
:10EB800001F0C6FE01F0AAFE02F09CF801F068FE5A
:10EB90002046BDE81040FFF7B3BF00BF08B50146EF
:10EBA000144801F04DFC01F07DFD40B100F0A0F9EA
:10EBB00000280ADBBDE808400020FFF7C3BE01F0D3
:10EBC00027FD00F095F90028F4DA0B4A0B490C48B0
:10EBD00040F22D331BF017FD002383F31188BFF3A0
:10EBE0006F8F0323184602DF0020BDE80840FFF7BF
:10EBF000A9BE00BFB1E30200049F05005CA00500B0
:10EC00006C8F05002DE9F04F89B01F46FF239DF85A
:10EC100048B08DF81F3080468946924602E0037F57
:10EC20009C0722D00DF11F00F6F7BEF90028F6D19F
:10EC3000684DAB680446002B40F08180FB682B6078
:10EC4000C5E901893846D047054603E0037F13F044
:10EC5000030356D00DF11F00F6F7A6F90146002870
:10EC6000F4D1284609B0BDE8F08F05683E689DF8EC
:10EC70001F300593044629463046F5F781F8BBF16D
:10EC8000000F01D1010254D4BC4214BF2646002615
:10EC900002E0027F920724D00DF11F00F6F784F9FD
:10ECA0000028F6D14B4D059B8DF81F30AB68002B2B
:10ECB00046D1002E44D1002CC0D0BBF1000F66D14C
:10ECC000BC42BBD0444A4549454840F2B2331BF0F0
:10ECD0009AFC8BF31188BFF36F8F0323184602DF72
:10ECE000ACE702680490294610460392F5F748F80D
:10ECF000039A049B00F4000000281CBF15461E4622
:10ED0000CAE71C46FFF798FB30F00203A9D0324A4D
:10ED10003449334840F2D2331BF075FC84F3118838
:10ED2000BFF36F8F0323184602DF284609B0BDE802
:10ED3000F08FFF23354605935C465E46ACE72646DA
:10ED40004946CDF800B053463A464046F6F7E4F857
:10ED5000014638B3BBF1000F16D1002E35D0304636
:10ED6000FFF76AFB30F002030ED01B4A1D491C4816
:10ED700040F28D331BF047FC002383F31188BFF36F
:10ED80006F8F0323184602DF6FF0760569E7CDF831
:10ED900000B053463A4649464046F6F7BDF80646A7
:10EDA0000028F1D10C4A10490D4840F27B331BF08A
:10EDB0002AFC002181F31188BFF36F8F03231846CB
:10EDC00002DFBBF1000FC8D0DEE7002C14BF2646DF
:10EDD0000E46C4E710530020049F050070A00500F4
:10EDE0006C8F05009C94050068A0050001F11000DF
:10EDF00014F082BB70B505468AB00C460122002192
:10EE000004A828F065F80F4B0193002603236946F8
:10EE10002846039602931BF0F1FC002810DB4FF408
:10EE20000043314640F2E730E4FB03014FF47A72CD
:10EE30000023DEF7D5FB02460B4604A814F096FB30
:10EE40000AB070BDEDED020010B5012003F0F2FF35
:10EE50000449002301244B608C60CB60BDE8104066
:10EE60001BF0CCBC2053002010B5012003F0E2FFC2
:10EE7000044904461BF03DFD2046BDE810401BF050
:10EE800014BD00BF205300200C4B1A780AB100209B
:10EE9000704710B50120187003F0CCFF4FF4FA71E1
:10EEA0000446FFF7A7FF38B920461BF0FEFC0228F6
:10EEB0000CBF00206FF0040010BD00BF3B710020AC
:10EEC00008B50A4BBFF35B8F53E8002F511C43E892
:10EED00000100028F8D1BFF35B8F002A01DD00206D
:10EEE00008BD03F0AFFF002008BD00BF1C53002089
:10EEF00008B50C4B1A68002A11DDBFF35B8F53E88D
:10EF0000002F511E43E800100028F8D1BFF35B8F9B
:10EF1000012A01DD002008BD03F0AAFFFAE76FF027
:10EF2000770008BD1C53002032207047014B33F896
:10EF300010007047A4A0050010B50446FFF7D2FDED
:10EF400001F0C2FC2046BDE81040FFF7D9BD00BF6C
:10EF500030B583B00546FFF7B3FD962001F0E8FC1D
:10EF6000002318461A46194601F00CFC0120F5F75B
:10EF700077FF0446002845D004F11C0001F026FB71
:10EF800001F070FBE0B92748294601F059FAFFF774
:10EF900089F860BB01F0A6FD00210446084601F097
:10EFA0002BFB00210546084601F022FB2C44CB3404
:10EFB000201A01F04FFD03B0BDE8304001F084BDE0
:10EFC000194A1A491A4840F29C431BF01CFB0023C3
:10EFD00083F31188BFF36F8F0323184602DF1148B4
:10EFE000294601F02DFAFFF75DF80028D2D00DF187
:10EFF0000700FEF789FF002201469DF8070001F097
:10F000001FFEC7E7084A0B4909484FF493631BF0FA
:10F01000FAFA84F31188BFF36F8F0323184602DFD7
:10F02000AAE700BFDDF60200B4A0050008A10500B4
:10F030006C8F050000A10500814208B50ED00B7A47
:10F04000DB0702D46FF08B0008BD134B1360FFF792
:10F0500037FF00280FDB6FF00A0008BD0B7B01EBC8
:10F0600083010B691B7803F00F03012B14BF6FF0B2
:10F070008B00002008BD094A09490A4840F2514363
:10F080001BF0C1FA002383F31188BFF36F8F0323B2
:10F09000184602DFDFE700BFE5F40200B4A0050078
:10F0A0005CA005006C8F050010B50446FFF71AFD43
:10F0B00001F00AFC2046FFF723FD0C4B0021012242
:10F0C00008469C60F3F78AFA00B910BD084A09495E
:10F0D000094840F2B1531BF096FA002383F31188DC
:10F0E000BFF36F8F0323184602DF10BD280E0020E8
:10F0F000B4A00500409105006C8F050010B5E8B183
:10F100000C46FFF7F5FE002804DB2046BDE8104062
:10F11000FFF718BC0D4A0E490E4840F277431BF02A
:10F1200072FA002383F31188BFF36F8F032318460D
:10F1300002DF2046BDE81040FFF704BC064801F09E
:10F140007FF9BDE8104001F063BA00BFB4A005002C
:10F150005CA005006C8F050039EF0200084B04220B
:10F1600010B598182821F3F743F9064B00249C8129
:10F1700002222146044827F0ABFE204610BD00BF06
:10F18000605300205053002038530020084B0422C5
:10F1900010B598182821F3F72BF9064B00249C8111
:10F1A00002222146044827F093FE204610BD00BFEE
:10F1B00060530020505300203853002010B50446FF
:10F1C0000548F3F739F920B1034600205870636011
:10F1D00010BD6FF00B0010BD6053002003460020EF
:10F1E000187058709860704738B52B4D2B7B6A7B30
:10F1F0009A4202D055F8234034B92848F3F71CF955
:10F20000044680B1204638BD254814F0D5F92B7B43
:10F210006A7B9A42F6D00133DBB2032B08BF00238E
:10F220002B73204638BD1E484FF42032002314F0C3
:10F230009DF990B91A4814F0BFF92A7B6B7B934271
:10F240001AD0531CDBB255F82220032B08BF002331
:10F250002B738AB11446204638BD124A124913480E
:10F260004FF4DB731BF0CFF984F31188BFF36F8F7A
:10F270000323184602DFDDE70A4A0D490B4840F236
:10F28000BB131BF0C0F9002383F31188BFF36F8F0A
:10F290000323184602DFB5E75053002060530020D7
:10F2A00038530020B4A00500209005006C8F0500A5
:10F2B0001CA1050010B5027843789A4214D0D4B24C
:10F2C00044700278944204D05A1C4370D3B2022B8B
:10F2D0000ED01A4600EB82040B70606800B110BDBE
:10F2E000FFF782FF606010BD0133DBB2022BF0D16B
:10F2F00000221346EEE700BFF8B502784378934248
:10F30000044625D0D5B2154A00EB8507507B92F80C
:10F310000CC0431CDBB2032B08BF00239C450E46E8
:10F32000796806D042F8201053730D4814F0E4F8C1
:10F3300000216B1CDBB2022B0ABF00221A461346C7
:10F3400079602370012104EB820431706068F8BD9C
:10F350001A4604EB82046068F8BD00BF50530020D9
:10F360003853002070B5057AC5F302150446002D08
:10F3700095FAA5F0B0FA80F008BF4FF0FF3082B0E8
:10F3800000F1010646D0227A6B1E2B4063F3061271
:10F3900006F124002272FFF74BFB00230DF1070159
:10F3A00004F10C008DF80730FFF7A6FF0546002892
:10F3B00042D0284601F010F92B7803F00F03022BFE
:10F3C0001FD00DF1070104F11800FFF795FF064665
:10F3D000002840D09DF8073063B92146254801F048
:10F3E0002FF8962001F0A4FA002002B0BDE870408A
:10F3F00001F080B9D5F80230C6F80230EB88F3800E
:10F40000EBE71D48214601F01BF802B0BDE8704053
:10F4100001F018BA194A1A491A4840F2BC531BF0B5
:10F42000F2F885F31188BFF36F8F0323184602DFCC
:10F43000257AC5F30215A6E7104A1349114840F290
:10F44000C5531BF0E0F885F31188BFF36F8F0323DA
:10F45000184602DFADE7094A0C490A4840F2CF538B
:10F460001BF0D1F886F31188BFF36F8F0323184682
:10F4700002DFAFE751EF020091F40200B4A00500F3
:10F4800020A105006C8F050028A105002CA1050016
:10F4900010B5044601F004F9FFF724FB237A03F0CA
:10F4A0007102012A05D1C3F3420262F306132372EB
:10F4B000DBB213F0700F05D0636853B193F82C30B2
:10F4C0009B0706D501F000FA2046BDE81040FFF783
:10F4D00017BB2046FFF746FF01F094F8BDE8104047
:10F4E00001F0F2BA70B5C36804461E68F4F746FC32
:10F4F00005463046FFF77CFA00232D1AC4E9005375
:10F5000023812046BDE87040DFF71EBE10B582B0F3
:10F510000446FFF7D5FC00281CDB164A164917489D
:10F5200000940023F5F72EFE08B1773001D102B028
:10F5300010BD134A1349144840F2AF231BF063F87F
:10F54000002383F31188BFF36F8F0323184602DF74
:10F5500002B010BD0A4A0D490B484FF42B731BF043
:10F5600052F8002383F31188BFF36F8F03231846EB
:10F5700002DFD2E749F10000FDF0020039F002009D
:10F58000B4A00500949105006C8F05005CA00500F7
:10F590002DE9F0410D46417A9DF818801746CA07BB
:10F5A0001E4609D5B8F1000F17D02B78B7EBD31F43
:10F5B0001AD00020BDE8F0812946044611F8020B5C
:10F5C000079AC0F38010FEF733FD0028EDD1637A6F
:10F5D000DB07EED5B8F1000FE7D1079B1878FEF7EF
:10F5E000F5FC0028E1D1E4E7062205F108013046E8
:10F5F00015F02CFEB0FA80F04009BDE8F08100BFA4
:10F600002DE9F84F1F460B9B9DF828909DF8305030
:10F6100006460C4692466BB9437A03F00303012B6E
:10F620002CD9002D3AD02378BAEBD31F4AD0002032
:10F63000BDE8F88F88460D9A18F8020BC0F38010C9
:10F640004146FEF7F5FC0028F2D094F800B0BAEB82
:10F65000DB1FECD104F108013846062215F0F6FD57
:10F660000028E4D10D9B1B78FF2B1ED0B27AFF2A15
:10F670001BD0981AB0FA80F04009D9E711F8020BB4
:10F680000D9AC0F38010FEF7D3FC0028CBD1737A1B
:10F6900003F00303012BCAD9002DC4D10D9B1878A8
:10F6A000FEF794FC0028BED1C1E7CBF3801BCB450D
:10F6B000BDD10B980622414615F0C8FDB0FA80F086
:10F6C0004009B5E7062204F10801384615F0BEFDF1
:10F6D000B0FA80F04009BDE8F88F00BF2DE9F0478F
:10F6E0008AB0044600F0D2FFC0B250B9FFF7FAF971
:10F6F0007D48214600F0A4FE0AB0BDE8F04700F0C6
:10F7000087BF00F0E5FF054601F0F2F8824601F000
:10F71000F9F801F0EFFA064601F0CEFAEDB28046B4
:10F7200001F0A8F8FFF7DEF9002DE1D016F0FF0692
:10F730007AD1FF2301208DF82730F5F791FB05469C
:10F74000002800F0A480237B95F81C8004EB830341
:10F7500008F00F081F693B4605F11C0113F8020B66
:10F7600000F00F0CBCF1010F0CBF07F108094FF0BE
:10F770000009B8F1030FC0F380125FFA8AFA4FEA6A
:10F78000D01759D0B8F1050FB2D1687F2228AFD178
:10F7900060680028ACD090F82C5015F00205A7D175
:10F7A0000DF127000390CDE9019A00972046FFF75D
:10F7B00027FF00289CD00420F5F752FB002897D0A3
:10F7C0004A48214600F03CFE00F022FF00F04AFFCC
:10F7D00000284DD1626892F82C3043F0010382F882
:10F7E0002C30F5F757FB17224FF6FF730271C380D9
:10F7F0008460054601F01CF9286101F06DF90021D3
:10F800000446084600F0F8FE241A6C6196B19DF893
:10F8100027306B76F5F73EFB2946E8602868F5F758
:10F8200063FB0AB0BDE8F0875FFA88F0FEF776FB6D
:10F8300003467FE7FF23ECE7687F0C287FF458AF8F
:10F84000B9F1000F7FF454AF0DF127000190CDF80E
:10F8500000A02046CDE906230591FFF799FE28BBBD
:10F8600095F81C80079BDDE9051208F00F0889E771
:10F870001F4A2049204840F25F631AF0C4FE85F316
:10F880001188BFF36F8F0323184602DFA2E7184ADF
:10F890001A49194840F2FF531AF0B5FE85F3118852
:10F8A000BFF36F8F0323184602DF4CE70E48214653
:10F8B00000F0C6FD00F0C6FF237E04EB8303D86989
:10F8C00000F08AFE00F0CEFE0028AAD0084A0949BE
:10F8D00009484FF4C3631AF096FE89F31188BFF309
:10F8E0006F8F404602DF9CE791F40200A9F002000E
:10F8F000B4A0050008A105006C8F050000A105005B
:10F90000F8B50546FFF7EEF8F5F700FC04460028C9
:10F910003FD0274B274A1B781178A27926485B00F5
:10F9200001F0010103F002030B4322F00302134331
:10F93000224A01881278A18001202070A3712272CE
:10F9400019B195F92730002B04DB2846BDE8F840B3
:10F95000FFF7D6B895F82C30C3F30213022B16D05C
:10F96000042B0CBF4FF4BC77282701F0A1F8064602
:10F9700001F0A4F8361AE660EA6BC4E90427002314
:10F98000EB636B642846BDE8F840FFF7B9B8182769
:10F99000EBE70B4A0B490C484FF478731AF033FE2F
:10F9A00084F31188BFF36F8F0323184602DFB0E79B
:10F9B0003D7100203E710020AA6F00203C710020A4
:10F9C00070A10500B49805006C8F050008B500F023
:10F9D00089FE02780346012161F301021A700020BA
:10F9E00008BD00BF00207047704700BF30B4074A11
:10F9F000074D084C0848094900231380084A2B800A
:10FA0000237003700B70137030BC7047AA6F002016
:10FA1000AC6F00203E7100203F7100203D7100203E
:10FA20003C71002091F82C305B070AD481420AD146
:10FA3000064B1B88002B14BF6FF08B006FF00F007C
:10FA40007047002070476FF08B007047AC6F00204C
:10FA500038B50D46002842D00446FFF749FA002881
:10FA600051DBE2682389518B938301330B4492F974
:10FA700027105383002913DBF5F748FB0446F8B140
:10FA8000A37923F00303002243F002030121217034
:10FA9000A280A37122722846BDE83840FEF752BF0B
:10FAA0002089136B916B00FB03330B44516B8B422A
:10FAB00028BF0B469363F5F729FB04460028DFD1E6
:10FAC000184A1949194840F207131AF09CFD84F3AB
:10FAD0001188BFF36F8F0323184602DFD0E791F937
:10FAE0002730002B07DB2946114800F0A9FCBDE8B0
:10FAF000384000F08DBD0F4B1B88002BF3D10E4B0F
:10FB000001221A70EFE7074A0C490848EE231AF061
:10FB10007AFD002383F31188BFF36F8F0323184608
:10FB200002DF9EE770A10500B49805006C8F050008
:10FB300001F90200AC6F00203D7100205CA00500BF
:10FB4000F8B506460120F5F78BF9044670B300219D
:10FB5000617796F86750B6F85A7005F007052846A1
:10FB600000F0C8FC96F87E301B0704F11C044FEA35
:10FB7000850210D5391D42F00102C9B2082000F0FB
:10FB8000FBFC2246294606F17F0000F0B1FFBDE8EC
:10FB9000F84000F01BBDF9B2082042F0010200F06D
:10FBA000EBFC2046BDE8F84000F010BD074A0849CC
:10FBB000084840F213331AF026FD84F31188BFF38E
:10FBC0006F8F0323184602DFC1E700BF70A1050055
:10FBD00000A105006C8F050038B50446FEF770FFE4
:10FBE0002B4AA08913880133138000F0A1FE94F8FA
:10FBF000662094F86700C2F3C00300F0070002F02B
:10FC00000702002100F0BEFD2046FFF799FF00F03B
:10FC100033FD60BB00F066FF258A034694F8670059
:10FC20000D35012100F007001D4400F0E5FC94F8BB
:10FC3000673003F00703022B054416D0042B0CBFDA
:10FC40004FF4BC73282394F86600C0F3C00100F0A1
:10FC500007001D4400F0CCFC281A00F0FBFE2146F2
:10FC60000C48BDE8384000F0EBBB1823EBE70A4A2C
:10FC70000A490B4840F2AF231AF0C5FC002383F376
:10FC80001188BFF36F8F0323184602DFC2E700BF5E
:10FC9000AC6F0020B9FD020070A10500BCA10500F9
:10FCA0006C8F0500F8B50F4690F86610B0F85860F4
:10FCB00001F007040546C1F3C001204600F01AFC1C
:10FCC00095F87E30A200DB0642F00102F1B20DD5BC
:10FCD0000431C9B2082000F04FFC394605F1A000FC
:10FCE00000F04CFFBDE8F84000F076BC082000F0C2
:10FCF00043FC3846BDE8F84000F06EBCF0B5054660
:10FD000083B001AA806E0F46E96EF2F7FBFB95F80F
:10FD10007E305A07064638D448B3019C95F87D30AA
:10FD200095F87C2004341C4412B9627885F87C2054
:10FD300033B12378012262F30103237095F87D30FB
:10FD400095F87C20D31A63702846F8F785FB637812
:10FD500083422AD960700121237803F00F03002227
:10FD600043EA01132370A2703C6003B0F0BD43F07E
:10FD7000040385F87E3000F0B5FC044623786FF369
:10FD8000041323703C6003B0F0BD43F0040385F816
:10FD90007E3000F0A7FC0446002EEFD0037843F03D
:10FDA000100303703C6003B0F0BD3268EB6E9A4202
:10FDB000D1D10021D0E700BF2DE9F04182B0044647
:10FDC00000F064FCC0B250B9FEF782FEBD48214687
:10FDD00000F036FB02B0BDE8F04100F019BC00F0C5
:10FDE00077FCC5B200F046FDFEF772FEB64A1388F6
:10FDF000012003441380F5F733F80646002800F08D
:10FE0000E380002D4ED1B14B1F78002F40F0AA8027
:10FE1000012201A920461A70FFF770FF0027DDF8C4
:10FE200004803D46E08900F083FD94F8670000F00F
:10FE3000070000F05FFCA648214600F001FB00F03F
:10FE400043FE94F87E2098F8003062F3C30388F8EC
:10FE5000003094F87E3098F80020C3F3400363F339
:10FE6000820288F8002041462046FFF71BFF00F081
:10FE700003FC002840F0988000F01AFE002867D0AC
:10FE8000002D6BD0A08A4FF6FF73984200F0D1800E
:10FE90002946F8F747FA002F77D102B0BDE8F041C4
:10FEA000F5F71AB894F87E30327F03F00101C2F3FF
:10FEB0008000884200F09A8094F9272081F00101A7
:10FEC00061F30003002A84F87E3005DA94F82C30C0
:10FED00043F0080384F82C3094F87E305D0700F17D
:10FEE000BC80D4E91A0101AAF2F70CFB05460028F0
:10FEF00000F0B98094F87D20019B1344597971B1C9
:10FF000094F87E30D8060AD5D4F8B0300133C4F85E
:10FF1000B030D4F8B43043F10003C4F8B43094F8EE
:10FF20007C300A44D2B29A42C0F0A28000F0B7807E
:10FF3000684A6949694840F26D431AF064FB00233E
:10FF400083F31188BFF36F8F0323184602DF8AE023
:10FF500000F0A2FD00F0A6FD002D93D1AFB902B0D4
:10FF6000BDE8F081013FFFB201A920461F70FFF7F5
:10FF7000C5FE002F7FF452AFDDF8048051482146C2
:10FF800000F05EFA00F05EFC5BE7F4F783FF03230A
:10FF90003371A38A3068F3803146F4F78DFF02B0E5
:10FFA000BDE8F041F4F798BF4A4A4D494B4840F24A
:10FFB000E9131AF028FB002383F31188BFF36F8F36
:10FFC0000323184602DF57E7424A464943484FF4A5
:10FFD000AA731AF018FB86F31188BFF36F8F0323FF
:10FFE000184602DF002D3FF40EAF5BE70025C2F399
:10FFF000C002C3F340039A423DD00027334A3A4B34
:020000023000CC
:10000000002111702046012201A91A70FFF776FE27
:10001000337FDA061ED4DDF8048098F80030DB0662
:100020003FF500AF98F80130002B7FF4FBAEA5E759
:100030000027284A2D49294840F209231AF0E3FAFB
:10004000002383F31188BFF36F8F0323184602DF69
:10005000A08A1DE7DDF80480E4E66FF3820384F8EC
:100060007E3000F03FFB94F87E30327F0025BEE703
:1000700084F87D20F7E70320F4F7F2FE0028BCD0D7
:1000800094F87E3083F0020384F87E30737F002B77
:10009000B3D094F87E3019072AD40127AEE70022A6
:1000A000A4F87C20E06E04F16801F2F733FA019BBA
:1000B0001B682B60019B1D60019D94F87E30327F90
:1000C00095E700BF01F90200AA6F00203F710020F0
:1000D000D9FB020070A10500449005006C8F05005B
:1000E000BCA1050000A105003E710020D8A10500BB
:1000F00000F074FD0746002868D000F097FD002846
:1001000054D1D4F88F30D4F89320134304D1337FE3
:1001100003F00303032B32D0344B3548022221462F
:100120001A7000F08DF900F073FA00F09BFA78B9BC
:1001300000F0BEFCE0B1002D3FF411AFA08A4FF6F5
:10014000FF7398423FF474AF2946F8F7EBF8A4E642
:10015000284A2949294840F265131AF054FA002325
:1001600083F31188BFF36F8F0323184602DFDFE7A5
:1001700000F092FC00F096FC002DDFD1EFE600F0DD
:10018000B5FA4378272B0146C6D80333DAB206F115
:100190001C00DCF7E5FAD4F88F30D4F89320013B4B
:1001A000C4F88F3042F1FF33C4F89330D4F88F3065
:1001B0000E4A0133C4F88F30D4F8933004F18F0124
:1001C00043F100034B600123137066E7094A0C49B1
:1001D0000A484FF491631AF016FA87F31188BFF3B7
:1001E0006F8F0323184602DF87E700BF3C710020B2
:1001F00001F9020070A1050008A105006C8F05003F
:10020000D0A1050010B582B00446FEF759FE0028C3
:100210001BDB154A1549164800940023F4F7B2FF7A
:1002200008B1773001D102B010BD124A124913480B
:1002300055231AF0E8F9002383F31188BFF36F8F79
:100240000323184602DF02B010BD0A4A0C490B48CE
:100250004C231AF0D8F9002383F31188BFF36F8F72
:100260000323184602DFD4E7C1F2000051FA02006E
:1002700025FA0200F0A10500949105006C8F05009D
:100280005CA005004FF080530246D3F8A410013162
:1002900007D04FF08051D1F8A00010F0010009D133
:1002A0007047D3F8A8304FF6FF719BB28B42F0D164
:1002B00000207047D1F8A4301360D1F8A830137132
:1002C000C3F3072363F03F035371D1F89030013338
:1002D0001CD0D1F89430013318D0D1F898300133C4
:1002E00014D0D1F89C30013310D0D1F89030C2F83E
:1002F0000630D1F89430C2F80A30D1F89830C2F8FC
:100300000E30D1F89C30C2F8123008E00023C2F859
:100310000630C2F80A30C2F80E30C2F8123001209E
:10032000704700BF00234FF080520360436083603A
:10033000C360D2F88030013318D0D2F88430013352
:1003400014D0D2F88830013310D0D2F88C30013379
:100350000CD0D2F880300B60D2F884304B60D2F8E9
:1003600088308B60D2F88C30CB60704700230B60F4
:100370004B608B60CB607047054B4FF4803200219F
:10038000C3F80815C3F84423C3F80423704700BF1B
:1003900000B00040054B1878421C1A7018B9044B85
:1003A00001221A6070470120704700BF4071002091
:1003B00000B0004038B50E4D2C784CB1601EC0B274
:1003C000287018B90B4B01225A6038BD012038BD86
:1003D000094A0A490A4871231AF015F984F3118869
:1003E000BFF36F8F0323184602DF2C78E6E700BFC8
:1003F0004071002000B0004050A205009CA2050002
:100400006C8F0500014BD3F80405704700B0004025
:10041000024B00F5A87043F82010704700B0004070
:10042000044BD3F8103123B1034A044B10681B6806
:1004300018477047001000401C570020205700202C
:1004400038B5044601200D46E6F7E4FC084B094A9E
:100450001C600949094B156010200222C1F80403F1
:10046000C3F88021BDE838400120E6F7C5BC00BFD5
:10047000205700201C5700200010004000E100E041
:100480004FF080434FF0FF320021C3F8002EC3F835
:10049000042EC3F8081EC3F80C2EC3F8101EC3F8B0
:1004A000142EC3F8182EC3F81C2EC3F8202EC3F840
:1004B000242EC3F8282EC3F82C2EC3F8302EC3F8F0
:1004C000342E704710B50120E6F7A4FC064B074810
:1004D00000244FF490514FF41052C0F81845C3F85F
:1004E0000018C3F8042810BD00F0014000100040BF
:1004F000704700BF054B02280CBF0421032140F2C6
:100500000122C3F81015C3F85026704700100040B0
:10051000014BC3F80C05704700100040014BC3F8B5
:100520000805704700100040084B00F07F00C3F83A
:100530005405D3F8182522F00072C3F81825D3F813
:10054000182542F00072C3F81825704700100040CB
:10055000084A00210123C2F82C15C2F83035C378AF
:10056000C2F824358178038843EA01431B02C2F8AC
:100570001C35704700100040C2F38203A3F1020350
:1005800002F00302B3FA83F3013A5B091B06022A65
:1005900098BF43F4801300F00F000A4A184340F458
:1005A0008070C2F81405D2F81805074B0340C2F852
:1005B0001835D2F81835194341F44031C2F81815EE
:1005C000704700BF001000400000F8FE014BC3F868
:1005D0000405704700100040014BC3F80405704744
:1005E0000010004002280CBF28202920704700BFBF
:1005F000012070472920704702280CBF05200A20DF
:10060000704700BF014B01221A6070470010004084
:10061000074A084910B401234FF410640020C2F8BF
:1006200008455360D360C1F800020B6110BC7047ED
:1006300000F0014000100040094B0022C3F80021E7
:10064000D3F80011C3F80421D3F80411C3F80C2126
:10065000D3F80C11C3F81021D3F81031704700BF44
:1006600000100040034BD3F80001003818BF0120F0
:10067000704700BF00100040034BD3F8040100385E
:1006800018BF0120704700BF00100040034BD3F893
:100690000C01003818BF0120704700BF0010004057
:1006A00001207047034BD3F85005B0FA80F04009A1
:1006B000704700BF00100040044B40F20312C3F823
:1006C0003425C3F83805C3F83C15704700100040C6
:1006D000034BD3F80004003818BF0120704700BF57
:1006E00000100040004870471C560020004870472A
:1006F00018550020F0B41D4B1D4D1E4E1E4C1F4FB3
:100700000322C3F800222A78C6F8687502F10C03A8
:10071000DBB2D000DB00910003F1804300F18040A8
:1007200003F5F83300F5F83001F18041C6F86C05A7
:1007300001F5104104EB82041148C3F81045C3F8D9
:100740001405D1F840352D2B8ABFD1F8403501234F
:100750002D3BC1F840350132064B4FF4106102F0D9
:100760000102C3F804152A70F0BC70470010004065
:100770004171002000F00140409100400C11004008
:10078000041000402DE9F041284E294C294FDFF894
:10079000A8E0DFF8A8800323C6F800322178CEF85D
:1007A000688501F10C03DBB2DB00CD0003F180436F
:1007B00003F5F83305F1804507EB810705F5F835BA
:1007C000CEF86C554FEA810CC3F8107549F63465C4
:1007D000C3F814654AF2B813022A18BF1D460CF17B
:1007E000804C42F2B84241F28833022818BF1346C7
:1007F0000CF5104C124A2B44A2FB0323DCF84025D5
:10080000B2EB931F85BF9809DCF8403501231B1A12
:10081000CCF840350131084B4FF4106201F0010172
:10082000C3F804252170BDE8F08100BF001000402E
:10083000417100204091004000F001400C11004047
:10084000D34D62100449054B03204FF41062C1F8E8
:100850000002C3F8082570470010004000F0014076
:10086000034B0022C3F81C21D3F81C31704700BF92
:1008700000100040034BD3F81C01003818BF0120C2
:10088000704700BF0010004010B44FF0000C4FEA5A
:100890008C0303F1804303F580531468C3F80046CA
:1008A0000CF1010C9488C3F82046BCF1080F02F14A
:1008B0000602ECD1034B40EA0120C3F8400610BC0D
:1008C000704700BF00100040034AD2F8403623F0C2
:1008D000FF03C2F84036704700100040034B00226F
:1008E000C3F81421D3F81431704700BF0010004042
:1008F000034BD3F81401003818BF0120704700BF24
:1009000000100040014BD3F8100470470010004065
:100910000449054B054A4FF48020C1F84803C3F849
:100920000825704700B0004000F00140C001700E83
:10093000034B044A1B7803F5A87342F82300704761
:100940004171002000900040F0B4A2F574232F4DB7
:10095000A3F51073AB42044606D902F1E87202F522
:10096000D432013902F5A572294B2A482A4D2B4E63
:100970000127DF600027C3F80475A0FB02020427EB
:10098000C3F81075900C0227C3F80875244AC3F801
:100990004005C5F848154FF48021C5F8441340219F
:1009A000C2F84065C2F84435C2F804154CB34FF4A0
:1009B0008013C2F804351B4A012100240423D160AE
:1009C000C2F80445C2F81035154BC2F8084511604D
:1009D0001549C3F850150C32C3F8542502F5AF324F
:1009E000124CC3F8584502F5FC7201F50041C3F8FA
:1009F0005C2538310832C3F86015C3F86425F0BCB3
:100A000070474FF40013C2F80435D4E7BFBDF07F40
:100A10000080004083DE1B4300B0004048B100402E
:100A200000F00140009000400C1100404091004057
:100A3000014BD3F84805704700B000400349044A11
:100A400001234B600B6153601361704700800040CD
:100A5000009000400449054BC1F844054FF08862FE
:100A6000C3F80425704700BF0080004000F001403B
:100A7000054B06480649074AC3F84805C3F84C1514
:100A8000C3F80425704700BF00F00140001100408A
:100A90004080004080000004014BD3F844057047BB
:100AA00000800040014B1860704700BF14550020C3
:100AB000014B1868704700BF14550020014BD3F854
:100AC0004005704700800040024B4FF00062C3F8C1
:100AD0000425704700F00140014BD3F848057047EA
:100AE00000800040014BD3F848057047008000406B
:100AF0001C4B30B40024C3F8004502294FF0020417
:100B0000C3F80045044626D003F580334FF000714A
:100B1000154DC3F80415134B1448C3F804550021B0
:100B2000C3F80845124CC3F80C05C3F81025C3F8E8
:100B30001445C3F80012C3F80011D3F80021C3F81C
:100B40000411D3F80421C3F808110122D3F80811C5
:100B50001A6030BC7047074B074D4FF00071C3F867
:100B60000415D8E700F000400100000118550020EE
:100B70000854002000F001400100010110B4134BA3
:100B8000002204460220C3F80025C3F800051048DF
:100B9000C3F80405C3F808450E48C3F80C150E4CFD
:100BA000C3F810050121C3F81445C3F80012C3F8B7
:100BB0000021D3F80041C3F80421D3F80441C3F85D
:100BC0000821D3F80821196010BC704700F00040DC
:100BD00000000101185500200854002038B5114CC0
:100BE0000223C4F80433D4F8043163B92025EFF3A9
:100BF000118085F31288BFF36F8F1BF0DAFAD4F8F7
:100C00000431002BF3D0074B074A02204FF4004178
:100C1000C3F80803C2F88011D3F80801B0FA80F0D5
:100C2000400938BD00F0004000E100E0034BD3F87C
:100C30000004003818BF0120704700BF00F00040DA
:100C4000F0B4194A194BD2F80455194E0024013D4D
:100C50000327C3F80075C3F80405C3F80815C3F8E3
:100C60001055C3F81465C3F80041D3F80011C3F858
:100C70000441D3F80411C3F808414021D3F80831E6
:100C8000C2F86015D2F800320A4943F04003C2F8B6
:100C90000032C2F828414FF40003D2F82821C1F8ED
:100CA0000435F0BC704700BF0010004000F0004069
:100CB0000454002000F00140014BD3F800047047B9
:100CC00000F0004010B4084A084C09490023C2F85B
:100CD00028314FF40000D2F82821C4F80035C1F8BB
:100CE000080510BC704700BF0010004000F0004035
:100CF00000F0014038B5164BD3F828312BB3154C12
:100D00000123C4F80433D4F8003163B92025EFF38C
:100D1000118085F31288BFF36F8F1BF04AFAD4F865
:100D20000031002BF3D00B4B0B4A01204FF4004154
:100D3000C3F80803C2F88011D3F804212AB1D3F80C
:100D40000801B0FA80F0400938BD002038BD00BF6E
:100D50000010004000F0004000E100E001390129EE
:100D600005D80B200AB1E6F747B8E6F753B808B53F
:100D7000074A084908482D2319F045FC002383F34E
:100D80001188BFF36F8F0323184602DF08BD00BF31
:100D9000A8A20500449005006C8F050029B1013917
:100DA000012905D80B20E6F749B81820E6F746B820
:100DB00008B5084A08490948412319F024FC0023D2
:100DC00083F31188BFF36F8F0322104602DF1846AA
:100DD00008BD00BFA8A20500449005006C8F050067
:100DE00088420FD0012807D002280DD1A1F10100BF
:100DF000B0FA80F040097047A1F10200B0FA80F02B
:100E0000400970470120704700207047012908B54C
:100E100011D002290FD0A1B10D4A0E490E487B23F3
:100E200019F0F1FB002383F31188BFF36F8F0323C5
:100E3000184602DF08BD094B4FF40062C3F80021D9
:100E400008BD064B4FF08072C3F8002108BD00BFFB
:100E5000A8A20500449005006C8F050000E100E0A9
:100E600008B526F061F908BD032810B5044604D87A
:100E7000124B1C5D9CB1204610BD114A114912480D
:100E8000292319F0C0FB002383F31188BFF36F8F70
:100E90000323184602DF094B1C5D002CEBD1084AE6
:100EA0000A4909482C2319F0AEFB84F31188BFF3DB
:100EB0006F8F0323184602DF204610BD78A305007C
:100EC000F8A2050048A305006C8F050068A3050083
:100ED000013810B51C46042863D8DFE800F014225E
:100EE0001B29030004292CD0304A31493148B8234A
:100EF00019F089FB002383F31188BFF36F8F03235D
:100F0000184602DF10BD04292BD0284A2849294859
:100F10004C23EDE704291CD0244A254925487A238F
:100F2000E6E7032925D0214A214922486323DFE748
:100F300003292ED0042924D01C4A1D491D48A02372
:100F4000D6E71D4B9C60BDE8104002210320F1F75D
:100F500045BB1A4B9C60BDE8104002210120F1F70F
:100F60003DBB174B9C60BDE8104002210020F1F70B
:100F700035BB144B01219C60BDE810400846F1F7D9
:100F80002DBB114B02219C60BDE810400846F1F7D3
:100F900025BB0E4B9C60BDE8104001210220F1F7FB
:100FA0001DBB024A02490348BE23A1E7F8A205007F
:100FB000449005006C8F0500380E0020680E00205C
:100FC000880E0020780E0020480E0020580E0020C9
:100FD00001460020FFF71CBA124B30B40121044631
:100FE00000205960C3F80445C3F80001C3F80401A8
:100FF000196005E0D3F8042132B9D3F804251AB1F9
:10100000D3F80021002AF5D05960D3F80421002A32
:10101000E7D1D3F80455002DE3D0C3F8042530BC44
:10102000704700BF00E0004070B5174C0126D4F8AF
:10103000045566600E20E5F7EDFED4F8040140B1DA
:101040000021C4F80411D5E90E323046BDE87040E5
:101050001847D4F8006146B1C4F80001D5E90E3252
:1010600005F12001BDE870401847084A08490948C1
:10107000E42319F0C8FA86F31188BFF36F8F0323B6
:10108000184602DF70BD00BF00E000407CA30500F1
:10109000449005006C8F050070B58CB00E46154667
:1010A0000146102268461C46F1F7FAF910220DEBB2
:1010B00002003146F1F7F4F96846FFF78DFF25B1DC
:1010C000102208A92846F1F7EBF92CB108AD0FCD95
:1010D00020606160A260E3600CB070BD020600F0A9
:1010E0007F0312D5082B05D1010700F00F0306D5A9
:1010F0000E48704710F0780F12D100F00F034C200B
:1011000000EB43100A4B18447047082B05D1020727
:1011100000F00F0306D50748704710F0780FF6D09F
:1011200000207047044800EB43107047A05800208F
:1011300054570020C0590020C058002001490248DF
:1011400025F065BF7C57002030270020014601486C
:1011500025F0A5BEE814002002480022002312F06A
:1011600099B900BFE814002013B5124801F054F8F3
:10117000114B98421AD1114806F070FC0024104817
:1011800006F0B2FC0F49104800944FF0FF334FF4C3
:10119000806212F0CBFB0D490B4812F0A3FC0C4807
:1011A0000C4925F018FF204602B010BD6FF0040076
:1011B000FAE700BF591403000000AD0B6C120600E3
:1011C000C8A3050000A20020302700203B10060025
:1011D0007C570020C915030010B50E49BFF35B8F83
:1011E000002351E8002F012A03D141E800300028F4
:1011F000F7D1BFF35B8F0CD151F8044C1439204662
:1012000019F077FB783004D12046BDE8104019F082
:101210004CBB10BD7457002038B5002464F07F002B
:10122000C0B2FFF75BFF01341DF06DFE082CF5D155
:101230000E4D0024E0B2FFF751FF036903B90561C9
:1012400001341DF060FE082C05F14005F2D108487C
:101250001DF059FE074BD3F87C2212B9064AC3F899
:101260007C2206481DF04FFE002038BDE45D0020C2
:10127000A058002054570020E4590020C0590020F5
:1012800010B5054CFFF768FF20B14168204625F0F6
:10129000DDFCF7E710BD00BF8813002010B586B055
:1012A0001C480022002305A911F03AFF70B31A4C24
:1012B00023685A0709D0194B02930023CDE9003364
:1012C0000122214618461DF031FEFFF7D9FF1148D3
:1012D0000022002305A911F023FF70B123685B07EA
:1012E00009D00F4B02930023CDE900330A490122B4
:1012F00018461DF01BFE00200AE0059804234060FC
:101300000374FFF723FFFFF719FFF4E70598406028
:1013100006B010BD881300204813002046100600B8
:101320006410060002281FB512D8114B1C5CFFF791
:10133000B5FFD8B1002202740472FFF707FF0D4B0E
:1013400093F8243093B104B0BDE81040FFF7F6BE27
:1013500009490B685B0709D0084B029300230390EF
:10136000CDE90033012218461DF0E0FD04B010BDA8
:101370006912060054570020481300208010060010
:10138000F0B58778064687B03846FFF7A7FE3A06DD
:10139000F478054625D594B1032C0ED02B490B6863
:1013A0005B070AD02A4B02930023CDE90347CDE91E
:1013B0000033012218461DF0B9FD07B0F0BDFFF75C
:1013C0006DFF03460028F8D00122AC770274032297
:1013D00002739D60FFF7BAFE07B0BDE8F040FFF76B
:1013E000ADBE54B1012CD9D1FFF758FF03460028F8
:1013F000E3D06C7704740473EBE7FFF74FFF00282A
:10140000DBD0B278134B12F0800F02F0080111D03C
:1014100041B1D3F8A836EB600123037402230373B0
:101420008560D7E702F00F02142101FB0233D3F8E5
:101430000836F0E711B1D3F8A837ECE702F00F0255
:10144000142101FB0233D3F80837E4E748130020E6
:101450009B100600007002402DE9F04106468EB058
:101460001422002109A813F0A1FF3378013B052BBA
:1014700021D8DFE803F09D0314148D1603238DF8A3
:101480002C300024FFF70AFF0346A0B1047400F1DA
:101490000802DDE90B0182E8030018462EE0042370
:1014A000EDE7B7783846FFF719FE837A05462BB18A
:1014B000013B022B66D90EB0BDE8F0813A06F47804
:1014C00023D584B1032CF6D03A490A685207F2D0EA
:1014D000394A0093CDE90132CDE90347012218468C
:1014E0001DF024FDE7E7FFF7D9FE03460028E2D010
:1014F0000122AC770274032202739D60FFF726FE7F
:101500000EB0BDE8F041FFF719BE54B1012CDBD19C
:10151000FFF7C4FE03460028CDD06C770474047333
:10152000EBE7FFF7BBFE07460028C4D04FF00108E9
:10153000022380F8108003738560B07805F10C01F8
:101540001DF03CFD68B11B490B685E0709D01B4BC1
:101550000390CDE9014300942346424620461DF006
:10156000E5FC174AE968B2F88C328B4206D95B1A5F
:10157000A2F88C3201F09EF93846BFE70023A2F8AA
:101580008C32F9E730460EB0BDE8F041FFF7F8BE07
:1015900007A801F06DF99DF81D30052B04D19DF8C9
:1015A0001C3013F0600F86D0064B0B93012469E7C3
:1015B000022467E7481300209B100600C7100600AE
:1015C00054570020C05800202DE9F0439F4CDFF80D
:1015D000809289B08046FFF7BFFD074610B909B079
:1015E000BDE8F08394F825203B7C3AB9002B00F04D
:1015F000AA807968964825F029FBECE7042B00F2D5
:101600009481DFE813F0A000050037014D0175015A
:1016100018F8043C73B98F490A6852070AD0BA68AF
:10162000527A03928C4A0093CDE901321846012286
:101630001DF07CFC3B7BBD68032B37D8DFE803F053
:10164000023D6B706E69854B002232607260D3F888
:1016500080143170D3F884147170D3F88814D3F8DF
:101660008C0441EA00217180D3F89014D3F89404DB
:1016700041EA0021B180D3F89814D3F89C3441EAB0
:101680000323F3800823EB6030687168744B03C355
:1016900011462B68687A984796F90030002B08DBD2
:1016A000F38833B1A4F88C3201F004F97968484624
:1016B000A1E70023A4F88C32F8E76B7F002BF5D06C
:1016C0002B7F002BF2D0002666486E774FF0FF325A
:1016D0004FF0FF332E771DF038FC6B6905936B6874
:1016E000CDE9063605A9687A00F0ECFD5E4B98421C
:1016F0000DD058490B685B0709D05C4B0390CDE9CE
:10170000016300963346012230461DF00FFC554818
:101710001DF01DFCCAE72B680121687A9847C5E7D0
:10172000AB7A6BB9EB7F5BB94E484FF0FF324FF0AD
:10173000FF331DF00AFC01F0C3F84A481DF007FC16
:101740002B680221E9E73B7A042BAFD8DFE803F0EE
:1017500059032367730000F01FFD05460028A5D13B
:1017600000F05AFCBFF35B8F4149012351E8002F81
:10177000002A03D141E800300028F7D1BFF35B8F86
:1017800094D141F8085C41F8105CE0696361143958
:1017900019F034F88AE7002565F07F00C0B2FFF742
:1017A0009DFC037A13B1407A01F0EEF90135082D62
:1017B000F2D194F854311BB194F8550101F0E4F9D9
:1017C0000025E8B2FFF78AFC037A13B1407A01F0F2
:1017D000DBF90135082DF4D194F874321BB194F87B
:1017E000750201F0D1F9002000F0BAFC012384F861
:1017F00025302368002B3FF459AF00210220984781
:1018000054E7002584F8255001F024F9FFF7E4FCA3
:101810002368002B3FF44AAF29460420EFE7002A53
:101820003FF444AF00F0C2FC2368002B3FF43EAF0E
:1018300000210520E3E72368002B3FF437AF002A9F
:101840003FF434AF00210620D9E700BF54570020F1
:101850008813002048130020E710060000700240A3
:10186000585700208C5700200000AD0B0D110600CA
:101870007457002008F110054FF0FF334FF0FF328E
:1018800028461DF062FBFFF7C7FC28461DF05FFBF2
:1018900058F8283C002B3FF409AF00210120AEE7A7
:1018A00094F874329BB1012584F8895284F88852E7
:1018B000FFF7F4FC034690B924490A68560706D09E
:1018C000234A0090CDE901022A461DF02FFB58F86B
:1018D000283C002B3FF4EAAE00210A208FE71D4A86
:1018E000057405738260FFF731FCFFF727FCEEE714
:1018F00016490B68580708D0174B02930023CDE90F
:101900000033012218461DF011FB1EF022FD01F0EC
:10191000A1F800F077FBFFF7B3FCFFF77DFC1EF0AA
:1019200011FD0E4800F078FCC0E608490A6852072D
:101930003FF4BCAE03930A4B02930023CDE900337E
:10194000012218461DF0F2FAB0E600BF481300204D
:1019500033110600C0590020471106005914030036
:101960005E11060038B5164D95F824402CBB05F1E4
:10197000380025F0C3F9204601F05CFA2246012127
:10198000E8612720E5F768FA1EF0DCFCFFF744FC6D
:10199000044610B9012385F824300A4B1B680BB1AB
:1019A000FFF7CCFB4FF08043D3F83834DB0702D588
:1019B0000020FFF7B7FC204638BD0024FBE700BF3E
:1019C00054570020E8140020074B93F824203AB124
:1019D00093F82530002B14BF00206FF012007047E1
:1019E0006FF01200704700BF545700201FB50278F7
:1019F000037902F00F018BB951B31C490A685207F1
:101A000007D01B4A0292CDE90033012218461DF08F
:101A10008DFA4FF0FF3005B05DF804FB082907D9B7
:101A200012490B685B07F4D0124B02930023EAE7DC
:101A3000012B0DD112F0080316D10C490A6812F0DF
:101A4000060FE6D00C4A0292CDE900330222DDE710
:101A500012F00800DFD005490B6813F0060FD8D04C
:101A6000064B02930023EFE70020D4E74813002041
:101A70007611060095110600B4110600CA11060081
:101A800030B5174B93F8243085B004462BB3057856
:101A90002846FFF723FBC0B1457223798372638820
:101AA00043602078618810F0080312D14A1E0A4270
:101AB0000FD00C490A68520707D00B4A0093CDE9B2
:101AC0000132184601221DF031FA6FF0150005B001
:101AD00030BD1DF06EFA0020F9E76FF01200F6E756
:101AE0005457002048130020E711060030B51A4B68
:101AF00093F8242085B0054652B393F825303BB3C4
:101B0000FFF7ECFA0446B0B1827A012A0FD007D968
:101B1000023A012A07D96369A3610020E0600CE062
:101B200000F0D4FEF7E7284600F076FEF3E70B4915
:101B30000B685B0703D16FF0150005B030BD084B93
:101B400002930023CDE9003318461DF0EFF9F2E7C8
:101B50006FF01200F1E700BF545700204813002037
:101B60000F12060038B50E4B93F82420054682B1BB
:101B700093F825306BB1FFF7B1FA68B115F008049E
:101B80000AD1284600F06AFE284601F035F82046C2
:101B900038BD6FF01200FBE76FF01500F8E700BFEB
:101BA0005457002038B50C4B93F8242005460C46BA
:101BB00062B193F825304BB1FFF790FA48B144B1C8
:101BC000284600F031FE2070002038BD6FF0120072
:101BD000FBE76FF01500F8E75457002070B5134E7F
:101BE00096F824300446C3B1FFF778FA0546B8B139
:101BF000230705D4204600F031FE204600F0FCFF0C
:101C00002B7A83B901232B7296F825300BB900206B
:101C100070BD204600F0B8FFF9E76FF01200F7E75B
:101C20006FF01500F4E76FF07700F1E754570020EC
:101C30002DE9F043DFF814811E4698F8243089B06E
:101C4000074689461546002B7DD098F82530002B95
:101C500079D0010612D5FFF741FA044670B1037A34
:101C600093B93B490A68520708D03A4A0397CDE92D
:101C700001320093012218461DF058F96FF0150447
:101C8000204609B0BDE8F0834FF0FF334FF0FF323C
:101C900008F138001DF059F9A37F33B108F138007D
:101CA0001DF055F96FF00A04EAE7A37AF5B16BB3BA
:101CB0000123A3774FF0000805A93846CDE9059523
:101CC000CDF81C8000F0FEFA234B984237D084F800
:101CD0001E800EB1C6F800801D490B685B0723D13A
:101CE0006FF004041D481DF032F9C9E7E27F02B12C
:101CF000E577002BDCD100F0EFFDB842D8D000F042
:101D0000DFFD16481DF023F90024B9E7B8F80A30C2
:101D1000AB42F0D96268B5FBF2F302FB1353002B20
:101D2000E9D10123E377E6E70D4B0293002303900B
:101D3000CDE90033012218461DF0F8F8D0E706B1CE
:101D400035600024CEE76FF0120499E75457002065
:101D500048130020311206000000AD0B8C57002004
:101D6000501206002DE9FF411D462A4B174693F8F5
:101D7000242080460E46002A48D093F82530002BB8
:101D800044D010F0800F16D101B9A7B94046FFF733
:101D9000A5F9044678B1037A93B91F490A68520736
:101DA00009D01E4ACDF80C80CDE901320093012202
:101DB00018461DF0BBF86FF0150004B0BDE8F081C7
:101DC0004FF0FF3316484FF0FF321DF0BEF8E368C6
:101DD000BB42984628BFB8463EB937B905B12B601B
:101DE0000F481DF0B4F80020E7E7A16942463046ED
:101DF000DAF7B6FCA3694344A361E368A3EB0803E5
:101E0000E360002DECD0C5F80080E9E76FF0120028
:101E1000D3E700BF545700204813002031120600BA
:101E20008C5700207FB5264D95F824300646002BB0
:101E300042D095F82530002B3ED0010612D4FFF792
:101E40004DF9044670B1037A83B91E490A685207F6
:101E500008D01D4A0396CDE90132009301221846AD
:101E60001DF064F86FF0150004B070BD4FF0FF3343
:101E70004FF0FF3205F138001DF067F8E368B3B9A1
:101E8000012663692677A361637F83B1FFF706FAB2
:101E900030B905F138001DF05AF86FF00B00E3E798
:101EA000067484600673FFF751F9FFF747F9074896
:101EB0001DF04DF80020D7E76FF01200D4E700BF07
:101EC0005457002048130020311206008C57002080
:101ED00010B5084B93F824300C462BB1FFF7FEF8F1
:101EE00028B10460002010BD6FF01200FBE76FF016
:101EF0001500F8E754570020014B1860704700BFE9
:101F00005457002008B5074B93F8243023B1FFF74E
:101F1000E5F820B1406808BD6FF01200FBE76FF0F4
:101F20001500F8E7545700204FF08053D3F83021C4
:101F3000082A06D1D3F83431052B04D8034AD05CE3
:101F40007047002070470120704700BF76120600DE
:101F5000064B10F0800FA3F1D80208BF134600F023
:101F60000F00182202FB0030704700BFFC60002009
:101F7000EFF31180202383F31288BFF36F8F0A4B96
:101F8000D3F8001C032261B949F27531C3F8001C73
:101F9000C3F8142DC3F8001C80F31188BFF36F8FB2
:101FA0007047C3F8142DF7E700E00640EFF3118007
:101FB000202383F31288BFF36F8F0A4BD3F8001CE2
:101FC00061B949F27532C3F8002CC3F8141DC3F887
:101FD000002C80F31188BFF36F8F70470022C3F885
:101FE000142DF6E700E006404FF08053D3F830316F
:101FF000082B02BF024B0022C3F81C2C704700BF05
:1020000000700240024A00231360024A13707047B6
:10201000DC6100204671002008B54A4B4FF4006295
:10202000C3F80024FFF780FF08B1FFF7A1FF4FF0CE
:102030008053D3F83031082B18D1EFF311802023CF
:1020400083F31288BFF36F8F3F4BD3F8001CC0227D
:1020500000296ED149F27531C3F8001CC3F8142C65
:10206000C3F8001C80F31188BFF36F8F354B01223A
:10207000C3F80025D3F800241205FBD54FF4006205
:10208000C3F800244FF08053D3F83031082B17D118
:10209000EFF31180202383F31288BFF36F8F2A4B55
:1020A000D3F8001C002947D149F27532C3F8002C3F
:1020B000C3F8141CC3F8002C80F31188BFF36F8F92
:1020C000FFF732FF30B1FFF771FFFFF72DFF08B1C7
:1020D000FFF74EFF4FF08053D3F83031082B194BE8
:1020E0000AD140F2E372C3F800284022C3F8042862
:1020F000BFF36F8FBFF34F8F8022C3F81C250122DF
:10210000C3F83025114B40F2FF121A60104B00212A
:102110001960104B1970FFF767FF0F4B19700F4BC9
:1021200002221A70FFF700FF50B1BDE80840FFF728
:102130003DBFC3F8142C95E70022C3F8142CBBE76D
:1021400008BD00BF0070024000E00640D8610020DA
:10215000D4610020427100204471002046710020AB
:10216000094B002210B51A70084A094B094C002887
:1021700008BF1346C4F800332720E4F73DFE0123CF
:10218000C4F8043510BD00BF45710020FDFFDF011C
:10219000FDFFFF0100700240034B1878012894BF37
:1021A00000200120704700BF4671002010B54FF09D
:1021B000FF324FF0FF33154811F0D8F9EFF31181DA
:1021C000202383F31288BFF36F8F114B1B7803F02A
:1021D000FF0483B10F4BD3F8002412F400720AD12C
:1021E0000120C3F82C05D3F82C05D3F80004800592
:1021F00002D5C3F82C25002481F31188BFF36F8F1B
:10220000024811F079F9204610BD00BFA01400204B
:102210004571002000700240F8B51C4B1C7894BB3F
:102220001B4A106001221A7040F2FF17264664F024
:102230007F0514F0080FEDB214BF3946402128463F
:102240001CF0B7FE2846FFF783FE0134092C867583
:1022500006730661EBD1002440F2FF17254614F007
:10226000080FE6B214BF3946402130461CF0A1FEEB
:102270003046FFF76DFE0134092C85750573056145
:10228000EDD10448F8BD0448FCE700BF46710020CA
:10229000DC6100200000AD0B0500AD0B084B10F019
:1022A000800F00F00F0114BFD3F81025D3F81425C8
:1022B00001238B40134214BF01200020704700BF50
:1022C000007002402DE9F8430246EFF31187202306
:1022D00083F31288BFF36F8F030703D1184B1B786A
:1022E000834229D1174B184E1C68356810461CF0E4
:1022F00058FEE443A4B24FF001092C4309FA00F858
:1023000014EA08041AD11046FFF722FE80F80C9058
:10231000034607C91C6183E807009C750B4B0C48FA
:1023200045EA080580223560C3F8042187F3118847
:10233000BFF36F8FBDE8F8830648F7E70648F5E777
:1023400044710020D8610020D461002000E100E049
:102350000000AD0B0A00AD0B0B00AD0B10F0080F29
:10236000074B06D0D3F8C00410F4803F18BF0020FC
:10237000704700F00F0000F5947053F8200070478C
:10238000007002402DE9F74FAB4BAC4ED3F854210F
:10239000DAB10022C3F85421D3F80413890214D50A
:1023A0008DF80420D3F82025ADF80620D3F8C034EA
:1023B000002B336814BF4FF001224FF48072134397
:1023C00033609F4B01A81B6898479B4BD3F8604133
:1023D00034B10022C3F86021D3F86C44C3F86C44D4
:1023E000D3F828214AB10022C3F82821954B187848
:1023F0001CF0D7FD012383401C43DFF84C82934F30
:1024000098F8005098F9009015F0080143D1B9F1FF
:10241000000F05F00F032EDA8D4A52F8230020B387
:1024200042F823101422534303F1804303F51C3375
:10243000D3F80836874A117803F001034B40137034
:10244000FFF7D2FD844811F057F82846FFF780FDCA
:10245000837D032B37D128461CF0A3FD012303FA0B
:1024600000F03B6823EA00033B60DFF8D4A10125BC
:102470004FF006095DE0794A52F823000028F4D0B5
:1024800042F823101422534303F1804303F51C3315
:10249000D3F80837CEE7B9F1000F674B09DBD3F863
:1024A0005021002AE1D00022C3F85021D3F8A837E8
:1024B000C0E7D3F82C21002AD7D00022C3F82C2162
:1024C000D3F8A836B6E7037BDBB928461CF069FDD4
:1024D000012303FA00F03B68B9F1000F23EA00037F
:1024E0003B6001DA882DC0D106238DF8043000232B
:1024F0008DF80730524B8DF806501B6801A898479D
:10250000B3E7002DB1D14C4B0122DA64ADE794FA68
:10251000A4F03268B0FA80F005FA00F31A430F28ED
:10252000326024EA03043A6840F39C80134200F0CE
:10253000A980002CEBD1404BD3F800215AB1C3F84D
:102540000041474B1C703F4B1C70012301933C4BD7
:1025500001A81B689847384BD3F85821002A2ED081
:102560000022C3F85821D3F80044C3F80044E3051F
:1025700008D53B4B01221A7002230193304B01A86E
:102580001B689847A50508D5354B00221A70032310
:1025900001932B4B01A81B68984760050FD5304B62
:1025A0001A7862B100221A70234B0122C3F8082561
:1025B0009A6504230193224B01A81B6898471E4B80
:1025C000D3F85C3103B3244B9B681BB998F80030F7
:1025D000590619D0184B0022C3F85C21D3F8803477
:1025E000184A23F07F0313703B6823F001133B600C
:1025F000336823F4803343F00103336005230193F0
:102600000F4B01A81B6898473A6833681A4200F0DC
:10261000EB8011480022002310F0A8FF002840F0B2
:10262000E380054BD3F82C35002B7BD00A4803B050
:10263000BDE8F04F10F060BF00700240D86100208C
:10264000DC6100204471002043710020D46100202F
:102650000871024042710020A01400203071024035
:102660004571002013407FF464AF60F07F018DF866
:1026700004908DF806108DF80730DAF8003001A8C4
:10268000984756E7A0F110018DF804908DF80610D8
:102690008DF80750F1E749F080052846FFF758FC10
:1026A0004368B0F814A001689A4528BF9A4601F023
:1026B0006043B3F1005F044604D054485246DAF751
:1026C0004FF852492268636852442260A268A3EB23
:1026D0000A03D20768B2636053D5BAF1000F52D132
:1026E000002323734FE011464FF0000A604545D1A7
:1026F000003B18BF0123002A42D0504540D9012396
:1027000003FA09F32BEA03033B6006238DF8043038
:102710003F4B8DF8065002221B68A2758DF80720EA
:1027200001A89847D7F800B033681BEA03093FF4C3
:102730007DAF19F0012314BF93FAA3F999FAA9F90F
:10274000B9FA89F9B9F10F0FA5D9A9F11005EDB2C0
:102750002846FFF7FDFB04462846FFF7FFFD6368A8
:10276000B4F814C022689842BDD81B1A00EB020EC0
:1027700011466360C4F800E08246B7E70023BAE779
:1027800068B2002BACD04FF08053D3F83031082B17
:1027900002BF204B8222C3F81C2C336888F80050FB
:1027A000012202FA09F923EA09033360236915F0CB
:1027B000080F53442361174B19D1002805F00F056A
:1027C0004FF0140000FB0530A9BF0A3503EB850369
:1027D000C0F80017C0F804A7AFBF43F82520C0F821
:1027E0000016C0F804A65A6003B0BDE8F08F0028B8
:1027F000B5BFC3F8A016C3F8A017C3F8A4A6C3F8C2
:10280000A4A7B4BF5A629A64EEE700BFE45F002059
:10281000DC61002000700240024B40F48070C3F87D
:102820001805704700700240030713D400F00F032F
:1028300010F0800F084A0BBF03F5887303F584730B
:1028400002EB830252F8230008BF5068003818BF1B
:10285000012070470020704700700240034BC3F80E
:102860000C0540F48070C3F80C05704700700240FE
:102870000023036043600E4BD3F880240270D3F82A
:1028800084244270D3F88824D3F88C1442EA0122BD
:102890004280D3F89024D3F8941442EA0122828033
:1028A000D3F89824D3F89C3442EA0323C3807047BA
:1028B00000700240014B0122DA6470470070024050
:1028C000014B01221A65704700700240014B012242
:1028D0005A65704700700240014B1878704700BF7E
:1028E0004471002010B50246EFF31184202383F3D6
:1028F0001288BFF36F8F1CF054FB0B49012303FABE
:1029000000F00B6823EA00030B6012F0080101BF1E
:1029100002F00F02054B02F5947243F8221084F383
:102920001188BFF36F8F10BDD86100200070024086
:10293000F7B50146EFF31185202383F31288BFF327
:102940006F8FFFF705FB064608461CF02AFB0122A5
:1029500011F0800F02FA00F22D4818D1036832EA14
:1029600003040AD00846FFF7BDFF0323B37585F3C0
:102970001188BFF36F8F03B0F0BD2649347323EA8B
:10298000020303600B6823EA02030B60EDE70B0709
:1029900015D48029204B2FD001F00F0404F2DA3433
:1029A0006400C3F80048D3F80448D3F80478E4B2CC
:1029B00044F002043C43C3F80448D3F80438154FEC
:1029C00004683B6864EA030C1CEA020FCFD013438F
:1029D0003B60002333730323B3758DF807300F4B2F
:1029E0008DF8061024EA0204062204601B688DF8A4
:1029F000042001A89847BAE740F2B474C3F800482D
:102A0000D3F80448D3F80478E4B244F00404D1E7DE
:102A1000D4610020D861002000700240DC610020F9
:102A200038B50446094D4FF0FF324FF0FF332846CA
:102A300010F09CFD2046FFF77BFF284610F05CFD60
:102A4000034B8022C3F8042138BD00BFA01400202E
:102A500000E100E0F8B54FF0FF324FF0FF332B48B4
:102A600010F084FD2A4B8022C3F884212720E4F74C
:102A7000E5F998B1274E284B34681B68240C2404D0
:102A80001C43012764BB254D40F2FF133360272010
:102A9000C5F80445E4F7BEF9C5F80043204A1378A9
:102AA0008BB11E4B0021C3F808110121C3F8002689
:102AB000C3F804165960D3F808110029FBD000218F
:102AC000C3F808111170154B0022C3F80025FFF759
:102AD0008BFA0E4810F010FD124B01221A70F8BD4F
:102AE00094FAA4F5B5FA85F50F2D2846C6BFA5F1D1
:102AF0001000C0B240F08000030701D4FFF718FFB8
:102B000007FA05F524EA0504BCE700BFA01400207D
:102B100000E100E0D8610020D46100200070024094
:102B2000427100204671002010B504464FF0FF327C
:102B30004FF0FF33114810F019FD2046FFF7F8FE63
:102B400004F00F02012393400D4A14F0800F14BFCC
:102B5000D2F81015D2F814156FEA030315BF0B4015
:102B60000B40C2F81035C2F81435044810F0C4FC0C
:102B7000044B8022C3F8042110BD00BFA014002024
:102B80000070024000E100E070B50446FFF786FBEC
:102B900068B904F00F02012514F0800F144B05FAF8
:102BA00002F205D0D3F810150A43C3F8102570BD02
:102BB000D3F814150A43C3F81425631E062BF6D860
:102BC000EFF31186202383F31288BFF36F8F204623
:102BD000FFF788FE20461CF0E4F9064A136885409A
:102BE00023EA0503136086F31188BFF36F8FDEE7D6
:102BF00000700240D4610020030610B5044605D4DD
:102C0000FFF712FE10B12046FFF76CFE014BC3F830
:102C1000184510BD00700240084B70B5C31A0D4630
:102C200007499B1004465943064840221CF0E5F929
:102C30002B4601462046BDE870401847F46100204D
:102C4000B76DDBB6D077050073B50C4C0C4A40234A
:102C5000041B00930D460B460A49A4106143064627
:102C600009481CF0F5F9011E05DA30462B4602B082
:102C7000BDE87040184702B070BD00BFF46100208D
:102C8000B9F00400B76DDBB6D077050010B5EFF3EF
:102C90001184202383F31288BFF36F8F074A1368D0
:102CA00023F00201DB07116002D401201DF0AEFA0F
:102CB00084F31188BFF36F8F10BD00BF4462002002
:102CC000002270B5012104461046E4F7C5F80F480C
:102CD00004F0EAF90E4B984215D104F0F5F9266993
:102CE0000C49304617F077FD00280BDB01253564D1
:102CF0002469084904F11C0017F06DFD002801DB70
:102D0000E564002070BD6FF00400FBE7192E03009E
:102D10000000AD0BCCA305007FB500220123CDE957
:102D2000022304ABCDE90433094ACDF800D06B4649
:102D3000CDF804D01CF0B9F9002805DB4FF480422F
:102D40000023684610F012FC07B05DF804FB00BFDA
:102D5000D7F0040030B4104B0C2202FB00330146C4
:102D60000020D3E90E529863EFF31180202484F3FE
:102D70001288BFF36F8F1C6C04F0C00444F002048F
:102D80001C6480F31188BFF36F8F1DB12B4603487D
:102D900030BC184730BC7047F4610020D077050084
:102DA00010B4EFF31182202383F31288BFF36F8FE7
:102DB0001748016841F002040460C80707D482F391
:102DC0001188BFF36F8F012010BC04F095B94FF04C
:102DD0008041D1F80C04D1F80C14C907EFD5EFF3FA
:102DE000118083F31288BFF36F8F0A490B6C03F0D5
:102DF000C00343F002030B6480F31188BFF36F8FAD
:102E000082F31188BFF36F8F002010BCFFF7A2BFC1
:102E100044620020F461002010B1012804D0704702
:102E2000034B1B6C5B0701D1FFF794BF704700BFDA
:102E3000F4610020024AC3B21C2003FB002070474B
:102E4000F4610020094BBFF35B8F53E8002F42F081
:102E5000010143E800100028F7D1BFF35B8F93070F
:102E600002D4012004F048B9704700BF446200203A
:102E700010B5EFF31184202383F31288BFF36F8F13
:102E8000074A136823F001019B07116002D4012057
:102E90001DF0BCF984F31188BFF36F8F10BD00BF24
:102EA000446200202DE9F0413849BFF35B8F0746AB
:102EB000012251E8003F41E800200028F9D1BFF38A
:102EC0005B8F33B9324933484B60CB608A6017F06F
:102ED00095FC7B1E012B2BD8012F07D14FF080438F
:102EE000D3F81C3403F00303012B21D024F01CF988
:102EF0000546F8B9284B1B78E3B14FF08043022216
:102F0000C3F808230646DFF894804FF08044D4F8D5
:102F10001824D4F81834D20315D503F00303012B79
:102F200001D0012F0FD155B386F31188BFF36F8FF6
:102F3000BDE8F081EFF31186202383F31288BFF3FD
:102F40006F8F0125DFE7ADB1304619F032F9D4F8C3
:102F50001835002BDBD1D4F80421002AD7D0C4F8CF
:102F60000431D4F804310123C4F81835C8F880318D
:102F7000A360CCE70021212024F09CF9E7E74FF083
:102F800080430222C3F80423D2E700BFF06100208F
:102F9000E0610020106200206E71002000E100E07E
:102FA00008B5074823F091FD38B10648E4F780F9E9
:102FB0000448DEF7C3F9002008BD6FF01200FBE7FC
:102FC00018780500C92F03000A2838B5074D0446B4
:102FD00004D1AB680D215B6828469847AB6803486D
:102FE0005B68E1B29847204638BD00BF18780500FD
:102FF000EFF31182202383F31288BFF36F8F0A4B04
:10300000D3F8001161B10021D3F80805C3F800110D
:10301000D3F80031C0B282F31188BFF36F8F7047CD
:103020006FF00A00F7E700BF00D00040F0B503469C
:1030300010469C7893F803C0EFF31182202585F3A6
:103040001288BFF36F8F1F7893F801E0E41B04EA46
:103050000C04A04288BFA0B23E180CEA06063D460A
:103060001E7082F31188BFF36F8F0A188A4216D13F
:1030700077450CD1EFF31182202181F31288BFF341
:103080006F8F1978597082F31188BFF36F8F1B7996
:10309000241AA34222BF064B01221A60F0BD5E191A
:1030A0000135767901F8016B05EA0C05DEE700BF12
:1030B00000D00040DB432DE9F04713F001050E4638
:1030C000144604D02248FFF7B1FFBDE8F0879AB359
:1030D000EFF31188202383F31288BFF36F8F0D2045
:1030E000E3F7ACFE07460D20E3F794FE88F3118862
:1030F000BFF36F8FDFF85CA0DFF85C80CAF8005187
:10310000DAF800314FF400590123CAF8003025469F
:10311000C8F88091DAF8003183B1FFF769FF031E28
:10312000C8F88091F6DB013DADB27355002DF1D1A9
:1031300017B10D20E3F760FE2046C6E7EFF31180DC
:10314000202383F31288BFF36F8F19F032F8E1E781
:103150007862002000D0004000E100E02DE9F0415D
:10316000124F0D46144607F1450814B92046BDE834
:10317000F0814FF0FF334FF0FF32384610F0F6F990
:10318000224629464046FFF751FF0646384610F0D2
:10319000B3F93EB94FF0FF324FF0FF33044810F05F
:1031A000E5F9E6E7A41BA4B23544DEE74862002057
:1031B0006062002038B5194C01221146204623F0E8
:1031C00087FE0122002104F1180023F081FE40F265
:1031D0000743A4F848304FF0706323630C2384F84E
:1031E000343000250E4B84F84550A4F84650D3F8EF
:1031F000042542F00102C3F804250121C3F800515F
:10320000D3F80021C3F804132A4619600D20E3F710
:1032100023FE0D20E3F7F0FD284638BD486200206C
:1032200000D0004010B5FFF7E3FE002820DB174B6D
:1032300093F8322093F8314093F83310141B31EA9D
:103240000404C0B20DD193F8472093F8464093F898
:103250004810141B31EA04040BD10D4B01225A60B3
:103260000EE09C180132114084F8350083F83210CA
:1032700010BD9C180132114084F84A0083F84710B1
:103280000448BDE8104010F037B900BF4862002084
:1032900000D000406062002000F1744000F5A600FC
:1032A0000A289ABF024B33F910006FF00F007047E5
:1032B000A2CB0500024B0B6001231360704700BFD7
:1032C0008CA405000048704714A405000268154B43
:1032D000FF2A08BF4FF0FF32C3F824254268FF2AB7
:1032E00008BF4FF0FF32C3F828258268FF2A08BFC5
:1032F0004FF0FF32C3F83025C268FF2A08BF4FF0F5
:10330000FF32C3F834250269FF2A08BF4FF0FF32AD
:10331000C3F838254269FF2A08BF4FF0FF32C3F8CF
:103320003C2570470090024030B50D46416889B099
:1033300009B3D1E900138468FCB1D4E90024ECB1ED
:10334000E3B19C4213D10133092B1AD918490A68F9
:1033500012F0060F0BD0049303780393154B0293DE
:103360000023CDE90033022218461BF02BFF6FF03B
:10337000150009B030BD0B46DDE72246013323447A
:10338000E2E700788DF8193040F201138DF818004B
:10339000ADF81A3006A800238DF81C308DF81D50AA
:1033A00004F058FE09B0BDE83040FFF775BF00BF1C
:1033B00024130020E6120600054B994206D14FF077
:1033C000FF324FF0FF33183010F0D0B8704700BF15
:1033D0000000AD0B2DE9F04743685D6B9AB00746DE
:1033E00014AA002128461BF0F1FF041E6FDB149B7A
:1033F0002A681979186800F09DFE041E67DB002218
:1034000001212920E3F728FDD7F804803A69814992
:10341000404604F0FFFDFFF73FFF041E52DB7E4DE8
:103420000FCD14AC0FC495E803000DF12C09002555
:1034300084E803000B95AB23C9E901558DF82C30C6
:10344000764BD3F82425D2B20E92D3F82825D2B2E7
:103450000F92D3F83025D2B21092D3F83425D2B2DD
:103460001192D3F83825D2B21292D3F83C3514A871
:10347000DBB21393FFF72AFF012004F041FE0EAEEA
:1034800001463046FFF722FF654B994223D129467A
:103490004846FFF749FF041E14DB082023F010FB09
:1034A0004FF0030A9F23294614A8CDE91455CDF8FF
:1034B0003890CDF83CA08DF850301696FFF734FFC9
:1034C000041E0BDA04F03AFE08B104F025FE204693
:1034D0001AB0BDE8F0876FF00404F3E7524649469E
:1034E00008F1300011F0B2FE08B34E490B685E07D8
:1034F0001AD098F83230089398F83130079398F83A
:10350000303006939DF82E3005939DF82D300493AE
:103510009DF82C300393444B0095CDE901530122D3
:103520002B4628461BF04EFE6FF01204CAE77A685D
:10353000537F023B012B19D9157F023D022D8CBF11
:103540000025012502201BF061FE041E10DA35491A
:103550000B685D07B6D0354B02930023CDE90033ED
:103560000394012218461BF02DFEABE70125E9E785
:10357000E3B2C4F34004A54201D10024A2E783F0E2
:10358000020300270120ADF828708DF829301BF0C8
:103590003DFE041E22DA23490B68580792D0244BC3
:1035A0000394CDE9017300973B46012238461BF096
:1035B00009FE1C490B685B0784D01E4A1E4B002D78
:1035C00018BF1346CDE903341C4B02930023CDE909
:1035D0000033012218461BF0F5FD73E70AAB0E938A
:1035E0000121022314A88DF8284014970F931697F1
:1035F0008DF850101596FFF797FE041E07D1012095
:103600001BF004FE041ED4DBE207F8D4B5E7BFF6D6
:1036100059AFCEE7B9F10400B07F05000090024039
:103620000000AD0B24130020091306003B13060015
:103630004B130600AB04060022E3050064130600EA
:103640002DE9F0470E4688B0416807461D46904672
:10365000E2B1DBB1042B01D99A0717D116F00304AC
:1036600014D1002E03DBCA6A7319934214D93D4961
:103670000B685B070AD03C4B02930023CDE903653E
:10368000CDE90033012218461BF09CFD6FF01504B4
:10369000204608B0BDE8F08738461BF0F0FD204614
:1036A0001BF09FFD044630B101201BF09AFD384607
:1036B0001BF0CAFDECE7032D1CD83246042107A8F5
:1036C0001CF058FE044601463869FFF775FE274B8B
:1036D0009C4234D12A46414607A8D9F741F83246E0
:1036E000042107A81CF043FE044601463869FFF791
:1036F00063FE24E008F06043B3F1005F02D118F0EC
:10370000030F2BD0DFF864A0042DA94628BF4FF08B
:1037100004094A46414607A8D9F722F832464946E5
:1037200007A81CF024FE044601463869FFF744FE52
:10373000544504D1B5EB0905C8444E44E4D12046B4
:10374000FFF7AAFD044601201BF04BFD0546384655
:103750001BF07AFD002C08BF2C4699E7324629461B
:103760004046BFE724130020751306000000AD0B90
:103770002DE9F04F82468BB00E461C469046C2B1F2
:10378000002B00F096800029426803DBD26ACB1838
:10379000934213D948490B685B070AD0474B029301
:1037A0000023CDE90364CDE90033012218461BF064
:1037B00009FD6FF015000BB0BDE8F08F754205F004
:1037C00003051BF05CFDA54228BF2546D8F1000388
:1037D00003F0030308F0030758BF5F427F4207F07E
:1037E0000307A74228BF2746631BE41B24F00304FA
:1037F00023F00309A145C8BFA14603F0030BC8BFCE
:10380000A3EB040BB9F1000F19D008EB07037219F1
:103810004946184607931CF0ADFD04460146DAF808
:103820001000FFF7C9FD264A944239D1BD4206D0A7
:10383000079B4A46194608EB050011F037FDADB16C
:10384000C5F10407F21B042108A81CF093FD0446EF
:103850000146DAF81000FFF7AFFD194B9C421FD16B
:1038600008AB2A46D9194046D8F77AFFBBF1000FBA
:1038700015D072194A44082108A81CF07BFD0446A3
:103880000146DAF81000FFF797FD0D4B9C4207D177
:1038900009EB05005A4608A94044D8F761FF084CD7
:1038A00050461BF0D1FC20460BB0BDE8F04FFFF7AF
:1038B000F3BC18467FE700BF24130020BF130600A7
:1038C0000000AD0B2DE9F0470B460E46D0F804C0C2
:1038D00086B00746C1F30B0115462AB96FF01504EF
:1038E000204606B0BDE8F087C2F30B0252EA01049D
:1038F000F4D1002B04DBDCF82C105A198A420FD9C2
:103900004D490A685407E9D0CDE903354B4B029382
:103910000023CDE90033012218461BF053FCDDE7FC
:103920001BF0ADFC2046D7F804901BF05AFC04466F
:1039300000287DD1DFF808A1D9F82C30AB4222D184
:103940001CF01BFDA846044638692146FFF734FDEC
:1039500054453BD14644A5EB080500214FF4A47023
:1039600023F0A8FC01201BF051FC041E4EDB14F0D8
:103970000104F2D1002DDFD101201BF032FC002C1C
:1039800008BF044654E0B5F5803F09D3B3B253B93C
:103990003146012004F0DCFB4FF480380446D3E7C5
:1039A000B5F5805F09D3C6F30B0030B9314604F09A
:1039B000CFFB4FF480580446C6E71F490B685807F1
:1039C00018D1204938691F4CFFF7F6FC1A490B68DB
:1039D0005B070AD01C4B02930023CDE90365CDE9B8
:1039E0000033012218461BF0EDFB2046FFF754FC84
:1039F0000446C1E7154B02930023CDE90365CDE9E9
:103A00000033012218461BF0DDFBDAE70A490B6898
:103A10005A070AD00E4B02930023CDE90365CDE986
:103A20000033012218461BF0CDFB01201BF0D9FB0F
:103A300038461BF009FC53E7241300200814060045
:103A40000000AD0B0400AD0B8D14060052140600EF
:103A500070140600024B0B6001231360704700BF17
:103A60009C62002000487047A0A4050070B50D4678
:103A700086B0194628461C4616461BF01DFC034618
:103A800080B90C490A68520708D00B4A0090CDE96A
:103A90000102CDE9035401221BF01FFC6FF0150059
:103AA00006B070BD24B1224629463046D8F758FEEC
:103AB0000020F5E7C8120020C614060010B5012248
:103AC00011460748074C23F003FAFAF78BFB1CF06A
:103AD00029FC20601CF022FC6060002010BD00BFAB
:103AE000A46200209C6200204FF08042D2F81015A2
:103AF000D2F8103501F01E0123F01F030B4343F0F1
:103B00000103C2F81035024B00221A70704700BF43
:103B1000477100204FF08053D3F83031082B20D16B
:103B20004FF08042D2F81015CB071AD5D2F81035D5
:103B300001F01E0123F01F030B43C2F81035D2F829
:103B400008315BB1D2F8103523F01F030B4343F06B
:103B50000103C2F810356FF08B007047024B012251
:103B60001A700020704700BF47710020F8B5044666
:103B70001CF0D4FB237B05460BB1FAF749FB134F2E
:103B80000026FFF7C7FFE8B9606803F039FFA368B4
:103B90005B1BA36063682B4463603B780BB1FFF74A
:103BA000A3FF237B01363BB9A368002BE9D1A068B2
:103BB000003818BF0120F8BD3046DBF7A1FA002815
:103BC000F2D0F4E76FF08B00F5E700BF47710020FB
:103BD000F0B58DB00E4615461CF0A0FB29460746F1
:103BE00030461BF069FB0346A0B3B6FBF7F307FBB7
:103BF000136323B9B5FBF7F407FB14549CB12749B1
:103C00000B6858070AD0264B02930023CDE90365C1
:103C1000CDE90033012218461BF05FFB6FF015045D
:103C200020460DB0F0BDAF42FAD84FF0FF334FF051
:103C3000FF321C480FF09AFCFAF7E6FA08AB01468F
:103C4000A0B91022184611F0B1FBCDE90965FFF7C4
:103C50008DFF1EE011490A685207DFD0124A00901A
:103C6000CDE90102CDE903650122D5E71022214605
:103C7000184611F09BFB01228DF82C200B4ACDE950
:103C800006200B48CDE90965FAF7B6FA06A8DBF776
:103C9000BBF9044603480FF02FFCC1E7C81200200F
:103CA000E3140600A4620020C61406006D3B030066
:103CB000645E010070B5037B04460BB1FAF7A8FA05
:103CC000194E0125A368032B06D8184AD2F80034F0
:103CD000DB07FBD5002070BDFFF71CFF08BB236886
:103CE0006068196803F0ACFE33780BB1FFF7FCFE97
:103CF000636804336360236804332360A368043B70
:103D0000A360237B0135002BDCD02846DBF7F8F9D4
:103D10000028D7D0054AD2F80034D907FBD50120B6
:103D2000D9E76FF08B00D6E74771002000E0014033
:103D300070B50D468CB0194628461C4616461BF039
:103D4000BBFA034688B926490A68560708D0254AAF
:103D50000090CDE90354CDE9010201221BF0BDFA28
:103D60006FF0150420460CB070BD45EA04039A07B5
:103D70000DD01B490B685B07F2D01B4B029300234D
:103D8000CDE90354CDE9003301221846E6E7002CC3
:103D9000E8D04FF0FF334FF0FF3214480FF0E6FB4E
:103DA000FAF732FA0346CDE9086508A80A948BB100
:103DB00001238DF82C300E4BCDE9063041F64C50E6
:103DC000FAF71AFA06A8DBF71FF9044607480FF0BE
:103DD00093FBC7E78DF82C30FFF76CFFF5E700BFCA
:103DE000C8120020C614060002150600A4620020B6
:103DF000B53C0300F0B54068057B01F01F0444EAC0
:103E00004514056987B0002D64D0B2F5001F00F19C
:103E1000100506D1214628461CF078FA002007B08C
:103E2000F0BD01AE0027B2F5800F0197776039D160
:103E3000B3F1007F14BF052304238DF80430002361
:103E4000CDE904630393836823FA01F111F00101C2
:103E50001AD1B2F1A07F17D104F01F03620903F554
:103E6000E0732AD0012A3BD11F4A52F82330DB07E6
:103E70000AD40DF1030632462146284603F01AFC07
:103E80001A4B98421CD0029603AA2146284603F0FA
:103E9000D3FA174B984220D101222146284603F03D
:103EA0006DFCBBE7B3F1C06F05D0B3F1007F14BF69
:103EB00001230223C1E70323BFE74FF0A042D4E769
:103EC0003146284603F054FC094B9842DBD06FF092
:103ED0000B00A4E76FF08500A1E76FF015009EE7E7
:103EE00051F82330FFDE00BF000300500400AD0B8B
:103EF0000000AD0B38B545682B69B3B110352846C5
:103F000003F026FC044680B90146284603F0ECFB8A
:103F1000084B98420BD108492246284603F0C4FBBF
:103F2000224605210620E2F797FF002038BD6FF0FA
:103F30000400FBE70000AD0B3D3F0300420970B5F4
:103F4000034602D0012A17D070BD0D4E3269516868
:103F50000029F9D003F01F0301250C689D400029BA
:103F6000F2D08A682A4002D04B68304698472CB17C
:103F7000236821461C46F2E7024EE7E72346F8E7AE
:103F800000780500E87705002DE9F043466840F227
:103F90000635D006337B87B002EA050554BFC2F36D
:103FA0004010032001F01F07B5F5837F144647EA50
:103FB00043178DF8030045D00FD8062D18D007D829
:103FC000B5B1022D40D06FF0150007B0BDE8F08309
:103FD000B5F5807FF7D101250AE040F20222954233
:103FE00034D0B5F5407F33D0B5F5007FEBD1022555
:103FF0000123220303FA01F12CD57368C3F80815D5
:10400000326982BB07F01F037F0929D0012F77D1C6
:104010003E4A02EB830284F48033D2F80017C3F3E4
:104020000043C4F3404444EA430421F4E16144EA18
:10403000800421F0070144EA05230B43C2F800374E
:104040000020C2E70725D3E70425D1E70525CFE700
:104050000325CDE7630344BF7368C3F80C15CFE7AE
:104060004FF0A042D5E710360DF102023946304636
:1040700003F020FB14F4403F80460CD13946304613
:104080001CF042F9224B9845DAD19DF802103046D7
:1040900003F068FBD4E701AB4FF0000903AA3946EF
:1040A0003046CDE90439CDE90199CDF80C9003F003
:1040B000C3F9174B984286D114F4003315D09DF8FC
:1040C00003308DF80E3084F48034C4F300444B4642
:1040D00003AA394630468DF80C508DF80D4003F098
:1040E00065FA0B4B9842CDD06DE7CDE9043303AAB6
:1040F0000DF1030339463046039303F09DF9F0E7D1
:1041000003F5E07352F82330FFDE00BF00030050D8
:104110000000AD0B036803F01F025B09026004D0CE
:10412000012B034818BF002070474FF0A040704794
:10413000000300502DE9F04FDFF89491DFF894A1CF
:1041400085B01546834600EB810140F2FF185945C2
:1041500003D1002005B0BDE8F08FDBF800305E042D
:10416000C3F3C322C3F3080400F1AC801B0E19F89B
:104170000270444508BF4FF0FF34222B00F2A580A7
:10418000DFE803F012191F22252B22A3A3A3A33BD0
:1041900068A3A3A3A3A3A3A3A3A36B818487A3A3BF
:1041A000A38A9194979A9D00C5F80C45601C5ED136
:1041B0000BF1040BCBE7C5F81445621CF8D00026C0
:1041C0005FE0C5F80845F1E7C5F81045F5E7631C61
:1041D000C5F80845ECD0002604E0661CC5F80C457F
:1041E000E6D0012603A80394FFF794FF039B012266
:1041F00002FA03F3C0F80C3508E0C5F80845002FB3
:10420000DBD1631CD4D0002632460627DBF8003011
:10421000019303F40040002818BF002203A8009275
:1042200018BF01260394FFF775FF039C019B009ABA
:1042300000EB8400C3F3412CD0F800473B0243EA73
:104240008C03134304EA0A04234343EA4603C0F8F9
:104250000037ADE7C5F80C45D1E7C5F86045601CEF
:10426000DBF80030A4D0C3F30043002BB9D003A87F
:104270000394FFF74FFF039B012606FA03F3C0F8F0
:1042800008353246C2E7C5F86445E8E7C5F8684531
:10429000E5E7C5F86C45E2E7C5F82445621C87D020
:1042A00000220126B2E7C5F828457FE7C5F830456A
:1042B000F4E7C5F83445F1E7C5F83845EEE7C5F849
:1042C0003C4573E76FF0150044E76FF0850041E768
:1042D0007D150600F0F8FCFF7FB50BAB059303934B
:1042E000054B02930023CDE9003301221846DEF787
:1042F00089F807B05DF804FB851506002DE9F0414B
:10430000044647680D4622F00FFF4FF0200888B999
:10431000264B1B7873B1642660681BF00EF9F0B968
:1043200001201BF065FF013EF6D10021212022F083
:10433000C1FFF0E7EFF31186314688F31288BFF32F
:104340006F8F60681BF0F9F8A8B986F31188BFF386
:104350006F8FEFE786F31188BFF36F8FE5E7EFF319
:104360001186314688F31288BFF36F8F60681BF0A7
:10437000E4F80028EED0BB691D706368BA691B6859
:104380000020C3F844250122C3F84825C3F82001C2
:10439000D3F82041C3F85801D3F858019A6081F34B
:1043A0001188BFF36F8FBDE8F08100BF6E710020F0
:1043B000F0B500220546012187B00220E2F74CFD4E
:1043C0000220E2F719FD6A6811681369C1F8243503
:1043D000137D507D927D03431343C1F86C356E68A5
:1043E000D6E9004313F0010358D02F6907F10C0000
:1043F0001BF00AFF364B984210D036490B685B071A
:1044000008D0354B02930023CDE900330122184632
:10441000FFF762FF6FF0040007B0F0BD387B04F1D6
:104420000C0204F590711BF0E5FE387B012707FABA
:1044300000F002F0D1FD0823C4F80035B369C4F8D8
:1044400044350023C4F84835A760D4F85831002B10
:10445000FBD00021C4F800156B68DC6805AA204673
:104460001AF0B4FF002805DB059B2268197918684B
:10447000FFF760FE6A6813680821C3F80015117A17
:1044800051B9D269C3F834250122C3F83825C3F8DD
:104490001011D3F810111A600020BDE70822C4F8EB
:1044A0000025B269C4F84425C4F848350123A36047
:1044B000D4F82031002BFBD00023C4F82031D4F8ED
:1044C00020310123E3604FF48073C4F80433BCE768
:1044D0000000AD0B441300208515060070B50123C4
:1044E00083400E4ABFF35B8FDC4352E8001F01EAB2
:1044F000040542E80056002EF7D1BFF35B8F4FF45E
:10450000803282400648C0F80823BFF35F8FBFF3B4
:104510006F8F0B4214BF0120002070BDD8620020B5
:104520000010014070B40E49D1E90034D01AC3180C
:1045300044F1000422F07F46C1E90034A6F50013DF
:10454000B3F5400F09D2074B1B681A0A1B069C19CA
:10455000054B42F10005C3E9004570BC10F038B9C5
:1045600018280020DC6200202028002011B3BFF3AF
:104570005B8F0123104A834052E800CF4CEA030CC2
:1045800042E800C10029F7D1BFF35B8F0B4A4FF41B
:1045900080338340C2F80433094BBFF35B8F1B6841
:1045A000BFF35B8FC340DB0742BF064B4FF40032C3
:1045B000C3F80021704700BFD862002000100140FE
:1045C000D462002000E100E00D4B1868010A0006EB
:1045D000BFF35F8F0B4BD3F80435181841F100017E
:1045E000B3F5801F0AD2084BD3E90023904271EB48
:1045F000030303D210F1807041F10001704700BF46
:10460000DC62002000100140202800202DE9F04F3E
:1046100085B016461F469DF840A00446FFF75EFF92
:104620000190FFF7D1FFB04271EB070354D23E4B2C
:10463000301A67EB0101984271F100014FD23B4BF8
:1046400003EB0413D3E902239F4208BF96425ED0D6
:1046500037494FF4803804F1500508FA04F8AD00EA
:10466000C1F848832046ADB21BF004F826F07F4B1A
:1046700005F1804504F5A87305F58835DC464FF053
:1046800003090293029A2CF07F4341F82230C1F8CB
:104690004483D1F80435274A6FF00200C01A604401
:1046A00020F07F40904232D9286868B1D1F80435B3
:1046B0000393A3EB0B0020F07F40B0F5000F26D949
:1046C00020461AF0D7FF039BBAF1000F07D109EB80
:1046D000030C09F10109D5E7BAF1000F09D06FF019
:1046E000150520460199FFF741FF284605B0BDE8B2
:1046F000F08F0123104ABFF35B8FA34052E8000FF5
:10470000184342E800010029F8D1BFF35B8F074945
:104710000E98230101EB0412C8500F9B5360C2E9AD
:1047200002670025DDE700BF0100800008280020A7
:1047300000100140FDFF7F00D46200207FB51C4CBB
:104740001C4BC4F80833C4F848331B4B00254FF00A
:10475000FF304FF0FF31C4F80855C3E902014FF4B0
:104760008033C4F80433154B02264FF40032012184
:10477000C4F804631120C3F880212A46E2F76CFBD9
:104780001120E2F739FB0E4A0123A3602360136076
:104790000C4B0D4A0093CDE9015500232846FFF745
:1047A00035FF3046FEF77EFB284604B070BD00BFE3
:1047B0000010014003000F000828002000E100E085
:1047C000D862002025450300FFFF7F002DE9F74355
:1047D0002F4CD4F8043399070BD5D4F8043143B1E6
:1047E0002C4A0023C4F80431D4F80431136801338F
:1047F0001360D4F80433DA0329D5BFF35B8F264B5B
:1048000053E8002F22F0010143E800100028F7D1FF
:10481000BFF35B8FD30702D4D4F84031BBB100257E
:10482000C4F84051D4F84031FFF7CEFEEFF31182C7
:10483000202383F31288BFF36F8F184BD3E90267ED
:10484000B042B94106D282F31188BFF36F8F03B033
:10485000BDE8F0834FF0FF384FF0FF39C3E902891C
:10486000D3E900101D604FF48033C4F84833C4F816
:104870004051D4F8403182F31188BFF36F8F002983
:10488000E5D0009032463B4628468847DFE700BF28
:1048900000100140DC620020D462002008280020C3
:1048A00030B5431C124C85B005D08442A8BF0446E5
:1048B000012CB8BF0124FFF787FE0E4B0C4DD3E946
:1048C0000013401AB0F5000F10D22218AA4228BFD8
:1048D0002A4652184FF0000007490091CDE9010027
:1048E00043F10003FFF792FE05B030BD2A46F0E722
:1048F000FFFF7F00182800202545030008B5FFF7BB
:1049000063FE024B1B68C01A08BD00BF18280020B8
:1049100010B5084C012363601120E2F77BFA064BC7
:10492000C4F80833C4F84833044B4FF40032C3F8DA
:10493000802110BD0010014003000F0000E100E0E5
:1049400010B54FF0010CCCB00824CDE9024C044C5A
:10495000019404AC009421F00EFC4CB010BD00BFDB
:104960009BF6040010B54FF0010CCCB00824CDE943
:10497000024C044C019404AC009421F0FCFB4CB0BC
:1049800010BD00BF77F8040037B50A4D0024284653
:1049900022F068FB05234FF4006228460649009484
:1049A0000EF0C4FF0549064822F015FB204603B06F
:1049B00030BD00BF2828002040A60020C5490300C4
:1049C000E062002073B50B4D0B4E002200230DF169
:1049D000070128460EF032FC50B102B070BDD4E998
:1049E00000319DF8070098470834B442F7D3ECE74C
:1049F000024CFAE770140020544706004C470600AA
:104A000007B58DF80700002200230DF107010548C6
:104A10000EF0B4FB0449054822F0F9FA03B05DF842
:104A200004FB00BF70140020E06200202828002052
:104A300010B50446044800F0A1FA00F095F82046AD
:104A4000BDE8104000F0CABB2828002008B51BF0C4
:104A50009BF9BFF35B8F084B53E8001F21F0010166
:104A600043E80012002AF7D1BFF35B8F0120BDE8B5
:104A70000840FFF7C5BF00BFF46200202DE9F041F8
:104A8000204C04F10C08BFF35B8F2368BFF35B8FEE
:104A9000DA0714D4BFF35B8F2368BFF35B8F9B07E8
:104AA0000BD5BFF35B8F54E8003F43F0040344E8A9
:104AB0000032002AF7D1BFF35B8FBDE8F081BFF36E
:104AC0005B8F2568BFF35B8F15F00405E2D140468C
:104AD0001BF049F80028DDD040461BF03AF81BF0E7
:104AE00063F906460028CED0074F396821B107F197
:104AF00028001BF024F83D60044831461BF01FF8E5
:104B0000C1E700BFF4620020F062002018630020BB
:104B100010B5054C014620461BF011F804F10800C1
:104B2000BDE810400EF0FCBE0063002038B50D4D0E
:104B3000BFF35B8F55E8003F43F0020245E80024D5
:104B4000002CF7D1BFF35B8F9B0708D400F0BEF9B0
:104B5000044605F114000EF0E3FE204638BD6FF068
:104B60007704FAE7F462002010B5074C20461AF0EB
:104B7000E2FF04F118001AF0DEFF04F10800034917
:104B8000BDE8104022F027BA006300207D4A0300F0
:104B900038B51D4CBFF35B8F54E8003F43F0010272
:104BA00044E800210029F7D1BFF35B8FDB070ED467
:104BB00000F076FB68B1BFF35B8F54E8003F23F051
:104BC000010344E80032002AF7D1BFF35B8F0020D5
:104BD00038BD1BF0E0F805460028ECD11AF051FF73
:104BE00044F8040C0028E6D02846FFF709FF04F13A
:104BF0000C001AF0B8FF08B90448E9E704F1140002
:104C00000EF08EFEF8E700BFF4620020F062002094
:104C10002DE9F74FDFF8B480BFF35B8FD8F8003091
:104C2000BFF35B8F1546DA0704460E464CD50023CA
:104C3000D5F800902B6000F1300700F1280A4FF002
:104C4000000B2B684B4505D2236BD3B950461AF0A5
:104C500080FF90BBBFF35B8FD8F80030BFF35B8F52
:104C60005B072DD504F130001AF090FF40BB04F132
:104C700028001AF078FF044610BBFFF7E7FE204635
:104C80001FE038461AF082FF0028DFD02968384636
:104C9000A9EB010231441AF081FF2B6803442B6019
:104CA00038461AF073FF0028CBD10190206B00F03A
:104CB00025F8019BC4E90C33C1E7C4E90C0BE5E717
:104CC000012003B0BDE8F08F0220FAE7F462002073
:104CD00008B508300FF0EEFF68B1BFF35B8F064BED
:104CE00053E8001F013143E80012002AF8D1BFF356
:104CF0005B8F0023436008BD2863002010B5044685
:104D00000FF0E0FF5CB1BFF35B8F054B53E8001F72
:104D1000013943E80012002AF8D1BFF35B8F10BDC0
:104D2000286300202DE9F047DFF87480C0B0044606
:104D30000E461F46AAB11AF01FFF814620461AF000
:104D400014FF0546014620461AF03EFF2A4601465A
:104D50006846D7F705FD00230DF80530114D454590
:104D60000FD320461AF012FF1FFA80F94946204659
:104D70001AF02AFF0B4C8246444509D340B0BDE8E7
:104D8000F08755F8083B4A46694630469847E6E7BB
:104D900065683B464A4651463046A8470834EBE72B
:104DA0004C470600444706002DE9F047DFF87890AD
:104DB000C0B0044620461AF0E9FE10B940B0BDE884
:104DC000F08720461AF0D8FE064620461AF0D4FE98
:104DD000074620461AF0C9FE0546014620461AF04D
:104DE000F3FE3146824620461AF0EEFE2A46804601
:104DF00051466846D7F7B4FC00230DF805300B4D3B
:104E00004D450AD3094D4D45D4D26F680123324632
:104E100041460020B8470835F5E755F8083B3A46C3
:104E2000694600209847EBE74C47060044470600D8
:104E30002DE9FF47894616461F46804600283ED08A
:104E4000002A3CD0002B3AD01E48DDE90C230EF09E
:104E500059FA044658B91C4D2B6863B91AF015FF6E
:104E6000286048BB6FF00B0416480EF0C3FA2046CA
:104E700004B0BDE8F08782462868CDF80080694616
:104E8000CDE90276ADF804901AF017FF0446002829
:104E9000EAD0BAF1000FE7D128681AF00BFF2868B2
:104EA000FFF736FE1AF0F1FE28600028DAD06946D6
:104EB0001AF003FF0446D7E74FF0010ADCE76FF072
:104EC0001504D4E7341400202C63002038B50246C2
:104ED0000B460B480EF016FA044678B9094D2868BF
:104EE00048B11AF0C7FE30B128681AF0E3FE28680E
:104EF000FFF70EFE2C6002480EF07CFA204638BD0B
:104F0000341400202C63002038B504460C481AF0F5
:104F100020FE1AF047FF014688B10A4D28461AF0D4
:104F20000EFEA86805F10C0122F071F804481AF091
:104F30001AFE20B12046BDE838400EF0F1BC38BD65
:104F40004C6300203063002070B50B4D06462846A8
:104F50001AF0FFFD044670B11AF0E2FE2046FFF79A
:104F6000CDFE28461AF0FFFD28B1A8683146BDE8FD
:104F7000704022F04CB870BD3063002038B50B4C47
:104F8000054620461AF0D7FD04F10800084C0949EF
:104F900022F021F820461AF0CEFDA56004F10C00A5
:104FA0000549BDE8384022F016B800BF4C63002028
:104FB00030630020094F0300494F03001FB50C4B1D
:104FC000002240F213201A70FFF782FE094A0346BE
:104FD000106050B908490A68520706D0074A009085
:104FE000CDE9010201221AF0C0FE05B05DF804FB14
:104FF0006A71002064630020B4120020DA150600F4
:105000002DE9F047664CDFF89C8198B007460E46C4
:1050100076B123687BB964490A6812F0060F07D09D
:10502000624A0093CDE90132022218461AF09DFE31
:1050300018B0BDE8F08718461AF063FD40F212235D
:1050400098420AD958490B685D07F1D0584B029332
:105050000023CDE900330122E7E720681AF051FD73
:1050600040F21325281AB04235D820681AF049FDBD
:105070002D1A394620682A461AF02CFD236898F824
:105080000010089300232F44761B099361BB08A8E6
:1050900007911AF099FD054608A81AF077FD07ABAD
:1050A00001460AAA2846FFF74BFC05460028BFD157
:1050B0000CA800F0A3F880B13B490B685C07B7D09F
:1050C0003C4B0390CDE9015300952B460122284625
:1050D0001AF04BFEACE73546CBE701230799206871
:1050E00088F800301AF00FFD08A81AF04FFD0228CA
:1050F0008ED908A81AF040FD40F2112398420546C7
:105100000FD929490A68500792D0CDE903532A4B99
:1051100002930023CDE90033012218461AF025FE40
:1051200086E708A81AF032FDA842FFF471AF40F2FA
:105130001320D4F80090FFF7CBFD03462060C0B1E8
:1051400008A81AF023FD854221D2002108A81AF0F0
:105150003BFD00EB050A08A81AF018FD451B514657
:1051600020682A461AF0B6FC294648461AF0DAFCAE
:105170000DE00D490A68520709D0104A0090CDE9A8
:10518000010201221AF0F1FD2368002BD8D10C484E
:1051900049461AF0D4FC0B480EF0C2FB38E700BFBA
:1051A000646300206A710020B4120020F715060025
:1051B0000E1606002D16060040160600DA1506002B
:1051C0004C6300205463002010B5034C2068FFF7A7
:1051D00095FD0023236010BD6463002010B5836833
:1051E000044633B100F090F810B9034BA2681A607E
:1051F00010BD6FF01500FBE76863002070B590F8F4
:105200002830012B86B004463ED118220021684682
:1052100010F0CCF8227CB2FA82F35B098DF80030F2
:10522000637C003B18BF01238DF801306368FAB935
:10523000102B2CD1236802AD03F1100618685968B1
:105240002A4603C20833B3421546F7D11148A57C5C
:10525000114B12491B68227D022D08BF014668468A
:1052600000F026FD10B9208C00F0F2FD06B070BDF4
:10527000082B0CD122681068516802AB03C3D4E933
:105280000223CDE90423E1E76FF08500EEE76FF03C
:105290001500EBE7000250056863002000051005CB
:1052A000024B0348196800F0B7BB00BF68630020D9
:1052B0000005100530B585B005460C461AF076FDA0
:1052C000D8B1084620F0C8FDD5E9001220460DF0FF
:1052D00083FB80B10A490B685B070AD0094B029334
:1052E000404200230390CDE90033012218461AF012
:1052F00067FD6FF0040005B030BD6FF01500FAE7F0
:10530000A81200206A1606001FB504461AF04EFDCA
:10531000C8B103AB019320230093D4E900120B4BD7
:105320000B481FF0D4FE034650B9039A202A07D138
:1053300094E80300074A82E80300184604B010BD51
:105340006FF00403F9E76FF01503F6E78C650020B2
:10535000090000028465002070B5F0B002461AF022
:1053600025FD002800F0A5800AA91046FFF7A2FF3E
:10537000044690B150490B68580708D04F4B029330
:105380000023CDE90033012218461AF019FD0AA8BE
:1053900020F067FD204670B070BD494E347807ADEF
:1053A0005CB9484B93E8030085E80300464928466A
:1053B000FFF780FF10BB0123337000262E60434BA4
:1053C00041490095CDE9016632460AA80CF0F4FE89
:1053D000044618B338490B685B070CD02B6804935C
:1053E0003B4B00964442CDE90163039433460122CE
:1053F00030461AF0E5FC4FF0FF34C8E72E490B6841
:105400005A0708D0334B0094CDE9014323460122CB
:1054100018461AF0D5FC6FF00404B8E7139B142B60
:105420000DD925490A685507B1D003932A4B00903E
:10543000CDE90103012203461AF0C2FCA7E73DAB08
:1054400093E8070085E80700284620F04EFA023866
:10545000022801D8686848B917490B685A07DAD09A
:105460001E4B02930023CDE90033D0E71C4D61238E
:10547000009305F164022B4621461EF087FB40B9DC
:10548000139E1499324605F16800D7F769F9EE6763
:105490007DE709490B685B07BDD0124B0094404281
:1054A000CDE9014303902346012220461AF088FCEF
:1054B000B1E76FF015046DE7A81200208C16060006
:1054C0006B710020C87F05006C630020C5160600C4
:1054D000D6160600A7160600FD16060032170600AF
:1054E000046500204F170600054A08B510461AF05B
:1054F0005DFC0832002814BF1046002008BD00BF24
:105500008465002008B502496822D7F729F908BD4B
:105510000465002010B5064CE26F8A4205D804F1FC
:105520006801D7F71DF9E06F10BD6FF01500FBE7BC
:1055300004650020074908B5024608461AF036FC03
:1055400020B103C982E80300002008BD6FF001000C
:10555000FBE700BF846500207FB500254570044649
:1055600010F8086B012E15D1102120F05DF818B34A
:1055700012490B685A0709D0114B0390CDE901532A
:1055800000952B46012228461AF02CFC6FF00400EF
:1055900004B070BD082120F047F830B107490B680E
:1055A0005B07F3D0074B0390E8E7D4E904320133FB
:1055B00042F10002C4E904320020E9E72C13002084
:1055C00090190600B21906002DE9F04FADF51F7DC8
:1055D000DDE9A8B580460F46914600214FF40072E0
:1055E0001EA89A460FF0E2FE1822002107A80FF02D
:1055F000DDFEDBF86440002305938CB959490B6844
:105600005B0708D0584B0094CDE9014301222346A3
:1056100020461AF0E7FB20460DF51F7DBDE8F08F10
:1056200052491EA80BF022F8064660B14D490A689F
:1056300012F0070F4FF000033AD04D4A0390029248
:10564000CDE9003330E0DBF86430009352465B462E
:1056500040F201111EA80BF045F8044650B1414933
:105660000B685F0724D0434B0390CDE9016300969C
:10567000334619E010230DF1340A0690009306AA70
:1056800008F1080319215046DCF7A4FA0646A0B138
:1056900034490B685D070BD06FF004030393364B5E
:1056A0000094CDE901432346012218461AF09AFBE3
:1056B0001EA80AF06FFC059CADE7069B98F8001049
:1056C0000AF8030098F801302C4C002B14BF532229
:1056D0004422A7420CBF43234123002914BF522177
:1056E0005321CDE9011900932549534614A80FF021
:1056F00011FF14AA034640F203211EA81FF00FFF5A
:1057000030B118490B685C07D2D01E4B0390ACE750
:10571000A7420CBF4FF48072802242F2040318BFEC
:105720004FF41053E90448BF45F48065ADF81E20DE
:10573000AA0448BF45F4006508900C9005AA1EA96C
:1057400007A8ADF81C300A9709950AF083FF0028D6
:10575000AED004490B685B07AAD00B4B02930390B1
:1057600000236DE72C130020D81906000901020957
:10577000EB1906000E1A06003B1A0600000510057C
:10578000271A0600581A06006E1A06002DE9F04F77
:10579000054691B040F213200F46FFF799FA0446F0
:1057A00080B946490B685E0707D0454B0090CDE9AC
:1057B0000103012203461AF015FB0024204611B014
:1057C000BDE8F08FAB8C5BBAADF834302B8D002682
:1057D0005BBA0BA8CDE90B76ADF83630CDF8396061
:1057E0008DF838600F961AF0C7F907460BA81AF023
:1057F000CDF9B842804611D030490B685D0709D019
:10580000304B0397CDE901630096334601223046C1
:105810001AF0E8FA2046FFF771FACEE700F1100A15
:105820001FFA8AF120461AF027FA514620461AF04C
:105830005EF92B6A0893EB690993AB6A003B18BFCA
:105840000123074641460BA84FEA031B1AF0BCF997
:1058500005F12C090AAACDE905A2CDE901B00C2376
:10586000CDE90387DDE90801CDF800900DAA1FF00E
:10587000B4FD034630B111490A685007CAD00393FA
:10588000114BBFE70A9A52450BD00C490A685207E0
:10589000C0D00E4A0090CDE9010201221AF0A2FA0E
:1058A000B8E7474407F1100357F8042B49F8042BD5
:1058B0009F42F9D1AB6A0133AB627FE72C13002022
:1058C000881A0600AA1A0600C71A0600DC1A060083
:1058D0002DE9F04F044693B040F203200F46FFF746
:1058E000F7F9054640B3A38C5BBAADF83C30238D85
:1058F00000265BBA4FF001080DA8CDE90D76CDF872
:105900004160ADF83E308DF8408011961AF034F9C0
:105910001028074615D83C490B685C0709D03B4B5B
:1059200002930023CDE900330397012218461AF0B1
:1059300059FA2846FFF7E2F90025284613B0BDE8DA
:10594000F08F0DA81AF022F9B842E4D1A0F11007A7
:105950000B90B9B228461AF08FF9A26A236A09930C
:10596000003A18BF0122E3690A9339460DA84FEAAD
:10597000021A1AF029F93946834628461AF0B7F870
:105980000B9B04900CA904F12C09CDE90571CDE91C
:1059900002B3CDE9009A0C23DDE909010FAA1FF03B
:1059A0006AFD034650B118490A685007C1D00393F5
:1059B000174B0096CDE901633346B6E70C9ABA421D
:1059C0000BD011490A685207B3D0124A0090CDE9B2
:1059D000010242461AF006FAABE7102249460DA82A
:1059E0001AF0DCF8A36A0133A3621834BFF35B8FAB
:1059F00054E8003F43F0010344E80032002AF7D1A5
:105A0000BFF35B8F99E700BF2C130020EE1A06004E
:105A10000C1B0600DC1A06002DE9F0432D4C9FB04C
:105A2000064600274FF0010820468946A76184F802
:105A30000080FFF791FD054688B127490B6858079C
:105A400009D0264B0395CDE9017300973B464246AA
:105A500038461AF0FDF928461FB0BDE8F08304AFC0
:105A60003846FFF74FFD4FF48073CDE900730922EC
:105A70004B4631462046FFF7A7FD0346206268B932
:105A800015490A68520706D0154A0090CDE901026F
:105A900042461AF0DDF96FF00105DCE7E661A58406
:105AA0001834BFF35B8F54E8003F43F0010344E830
:105AB0000032002AF7D1BFF35B8FBFF35B8F54E84E
:105AC000003F43F0020344E80032002AF7D1BFF35D
:105AD0005B8FC0E70029002030130020301B060038
:105AE000571B06000248818C013189B21AF0A2B915
:105AF000002900207FB5234ABFF35B8F1168BFF3F5
:105B00005B8FC1F34003890704460FD41E490A681E
:105B1000520707D01D4A0093CDE9013218460122F1
:105B20001AF096F96FF07F0004B070BD12F8183CBF
:105B3000A2F11806103AEBB901230374D6E9040167
:105B4000C4E90201226008236360F369104A9342AA
:105B500014BF02230123A374002509236574636124
:105B6000FFF7C2FC58B10623A061E361B38C236246
:105B70002846D9E70023037402601023E4E76FF09E
:105B80000F00D1E71829002030130020751B0600F4
:105B90000005100530B504461348BFF35B8F02685B
:105BA000BFF35B8FC2F34003920785B013D40F4954
:105BB0000A6812F0060F07D00D4A0093CDE90132B2
:105BC000184602221AF044F92046FFF797F80025FC
:105BD000284605B030BD21461838FFF7D7FD0546E9
:105BE0002046FFF78BF8F3E7182900203013002038
:105BF000751B060001481AF005B900BF00290020F6
:105C00002DE9D8410F461349BFF35B8F044608685E
:105C1000BFF35B8F10F00100164614D0228831F8D4
:105C2000183C9A42A1F1180811D11022103904F140
:105C300008000FF00BFB50B9092F04D1D8F81C0055
:105C4000831B5842584100F00100BDE8D881002074
:105C5000F9E700BF1829002010B588B0124B0021C9
:105C60000191BFF35B8F1B68BFF35B8F0446D807BE
:105C700002D4002008B010BD182202A80FF096FB35
:105C8000E20448BF44F48064A304084B48BF44F4D2
:105C90000064186A049401AA02A91FF015F90028EB
:105CA000E7D10198E6E700BF18290020002900206D
:105CB0002DE9F043594EBFF35B8F1F463368BFF3A6
:105CC0005B8F8846D907A3B0044615464CD536F8F5
:105CD000182C03889A4228D100F108011022A6F15D
:105CE00010000FF0B3FA0346F8B9726890451CD063
:105CF0004B490A68520713D04A4A0090CDE9010285
:105D000001221AF0B4F846490B685E0708D0464BEA
:105D100002930023CDE90033012218461AF0A7F8B8
:105D20006FF04C0023B0BDE8F0836278012A1BD1EC
:105D30002378002B48D13D49D4E904C0D1E9009E25
:105D4000E1457EEB00013FD335490C686707E7D09A
:105D5000CDE904C036480093CDE90130CDE9069E77
:105D600018461AF084F8CEE763786BBB227832B11C
:105D70002B490A685507D3D02E4A0292CAE74246F9
:105D800029462046FFF73CFF034648B924490A68E4
:105D90005407C5D0284A0090CDE901020122BDE791
:105DA0004FF42060FFF758FF0346E8B91C490A6822
:105DB000520706D0214A0090CDE9010201221AF0D3
:105DC00056F86FF00400ADE70DF120094846FFF7E3
:105DD00099FB4FF42063CDE900932A463B464146A8
:105DE0002046FFF7F1FBDFE7154DC5E907800027E7
:105DF000AF61AF840FCC0FC594E8030085E80300C2
:105E0000BFF35B8F56E8003F43F0020346E80032E1
:105E1000002AF7D1BFF35B8F384683E7682900205B
:105E200028130020931B0600C71B060040290020F2
:105E3000AB1B0600D81B0600001C06001F1C06003A
:105E400050290020014819F0DDBF00BF5029002073
:105E50007FB5134BBFF35B8F1B68BFF35B8F590795
:105E600017D5104B1B89834213D30F490A68520779
:105E70000AD0CDE903030D4B02930023CDE9003393
:105E80000122184619F0F3FF6FF04C0007B05DF8DF
:105E900004FB0146064807B05DF804EB19F0CABFE1
:105EA000682900204029002028130020351C060006
:105EB0005029002070B5194C064601462046FFF7D0
:105EC00007FD05463046FEF719FF25B3BFF35B8F8C
:105ED00004F1180353E8002F42F0010243E80021C7
:105EE0000029F7D1BFF35B8FBFF35B8F53E8001F2F
:105EF00041F0040143E80012002AF7D1BFF35B8FA1
:105F0000074BA28C1A812288B2F5807F03D1D4E995
:105F10000401C3E90001284670BD00BF50290020DC
:105F20004029002037B50D460221044620F093FD9C
:105F300020B9002000F0010003B030BD174B0093E2
:105F4000694605232046019320F05FFD30B12B68A0
:105F5000FF2B07D9236A0BB10C22DA60204620F010
:105F600083FDE6E72946204620F01EFD0028F5D0F7
:105F70000B4B009369460F232046019320F045FD0B
:105F80000028EBD0291D204620F03CFD0028E5D05C
:105F90000221204620F065FDCCE700BF761C0600FC
:105FA0007C1C060010B54FF0010CA0B00324CDE915
:105FB000024C044C019405AC009420F0DCF820B0B5
:105FC00010BD00BF255F03007FB50BAB05930393A6
:105FD000054B02930023CDE9003301221846DCF77C
:105FE00011FA07B05DF804FB8C1C06002DE9F041A6
:105FF0008CB01F46BDF848301546002B3BD1CC680D
:10600000D4F8448007AEB8F1000F16D11421304601
:10601000FFF780FA00282FDB06901D480346402139
:1060200043F8401F04AACDE90486FFF7BBFF18BB65
:10603000216C20461AF02BF860640797606C32469A
:1060400029461AF042F8032819D1606C1AF093F827
:1060500010490B685B0709D00F4B02930023039094
:10606000CDE9003301221846FFF7AEFF606C1AF04D
:1060700084F80023636400200CB0BDE8F08101289F
:1060800004D1606C1AF079F8002363640798F3E791
:10609000AC650020E01200208C1C0600044A054B71
:1060A00005489B1A1422B3FBF2F34360E9F7B4BF2F
:1060B0006817002044180020040F002073B51E4606
:1060C000BDF8183015461BBBCC68236833B9FEF702
:1060D0005FFD01460F4819F0E9FF20600196206836
:1060E00001AA294619F0F1FF032808D120681AF007
:1060F00044F8002323606FF00D0002B070BD01284A
:1061000004D120681AF039F8002323600198F4E7DD
:106110000020F2E7E1FE0400F7B51E46BDF820308E
:1061200015464BBBCC6823684BB9271D3846FFF793
:1061300001FAF0B91148394619F0B8FF206001960C
:10614000206801AA294619F0C0FF032808D1206859
:106150001AF013F8002323606FF00D0003B0F0BDB8
:10616000012804D120681AF008F800232360019860
:10617000F4E76FF00500F1E70020EFE70DFF040002
:10618000F7B51E46BDF8203015467BBBCC682768A6
:106190007FB9142104F10C00FFF7BCF9002822DBC1
:1061A00084F8200084F821701148214619F07EFF00
:1061B00020600196206801AA294619F086FF03286D
:1061C00008D1206819F0D9FF002323606FF00D007B
:1061D00003B0F0BD012804D1206819F0CEFF0023E0
:1061E00023600198F4E76FF00500F1E70020EFE786
:1061F0003DFF04002DE9FF470E4622490B6803F0DE
:106200000703022B074609D91F4B02930023CDE950
:10621000003303960322184619F0F9FE1B4DDFF8F0
:1062200070A0554502D304B0BDE8F087D5F80080D2
:106230004046D6F765F8431E044618F80390B9F1B6
:106240002A0F08BF1C463146224640460FF06AFA24
:106250000146A0B90F4B1D60EB681F606B68002BF7
:10626000E1D0B9F12A0F05D1325D002A06EB040115
:1062700008BF0021384604B0BDE8F0471847103584
:10628000CFE700BFD8120020F01C0600EC46060045
:106290001C47060028660020F0B5194F3C6885B001
:1062A0001D461CB1E3681B6883420BD0154C164B8E
:1062B00004E0E6683668864204D010349C42F8D385
:1062C00005B0F0BDA6682B46B047002DF8D00F49A9
:1062D0000B6803F00703022B0AD9236803930C4BC6
:1062E00002930023CDE900330322184619F08FFEF4
:1062F000E3684FF0FF321A6000233B60E0E700BF25
:1063000028660020EC4606001C470600D812002034
:10631000141D060030B511490B6803F00703022B6A
:1063200085B008D90E4B02930023CDE90033032238
:10633000184619F06CFE0B4C0B4DAC4208D34FF0D5
:10634000FF314FF0FF30FEF7F1FB002005B030BD0C
:1063500054F8043B002BF0D09847EEE7D812002009
:106360002A1D06001C4706002447060030B5B3B0BE
:1063700013460022029229AA01920C4D012200929A
:106380000EA80A46042120F040FA0FCD04AC0FC439
:106390000FCD0FC495E80300022284E8030004A98E
:1063A0000EA800F039FC33B030BD00BFD07F05002F
:1063B00010B5B0B0012305AC0093032115A840230C
:1063C000224620F073FB022115A820F044FB78B987
:1063D0001C4B1B685B0709D01B4B02930023CDE9C4
:1063E000003318490122184619F021FE30B010BDC3
:1063F0001649072215A820F014FB0028E8D0144BFA
:10640000D3E90023002B18DB15A820F0DDFA0028C3
:10641000DED0022115A820F024FB0028D8D04FF0B0
:10642000FF324FF0FF33CDE90023159B09481B1BBA
:1064300022463C21FEF7FCFCD8E7002115A820F0FD
:106440002AFBE4E7DC120020511D0600C1D605003E
:10645000F0020020701D060030B5002195B0044602
:1064600020F0BAF80546002840F09580204620F03C
:1064700049F8034600284BD149490A6812F0060F33
:1064800000F08580474A0093CDE9013202227CE08A
:106490001C2200210DA80C950EF088FF059A049986
:1064A0000CAB1F2A28BF1F221846D6F759F92368BC
:1064B00008901B785B09032B1AD00DD8022B3AD118
:1064C0000021204620F015F9034608BB34490A682C
:1064D00052075CD0344A54E0072BF1D10AA9204678
:1064E00020F0D8F8002830D003238DF824300CE0B9
:1064F00006A9204620F000F80028E1D004238DF8FA
:106500002430069B0A93079B0B9308A800F064F8BD
:10651000237D13B323681B78FF2B21D1204620F065
:106520001CF80346002839D11D490A6812F0060FED
:106530002DD01E4AA7E701230AA920468DF8243052
:106540001FF0A1FF0028E0D1BAE70AA9204620F0F9
:1065500046F80028B4D00223C7E7A368002BDDD09B
:106560001022002108A80EF021FF04A920461FF0E8
:10657000C3FF034600288BD109490A68540706D097
:106580000B4A0093CDE90132012219F050FD6FF062
:106590004C0015B030BD6FF00100FAE70020F8E7BD
:1065A000DC1200207A1D0600B01D0600D01D06007A
:1065B0009C1D06007FB50BAB05930393054B02931F
:1065C0000023CDE9003301221846DBF71BFF07B09B
:1065D0005DF804FB021E06007FB5234C234E0546E2
:1065E000B44203D36FF0010004B070BD2968206885
:1065F000D5F7FAFE002831D122792B7993422FD199
:10660000013B032B1DD8DFE803F002080E15A36839
:10661000A86804B0BDE870401847A368287A04B0A1
:10662000BDE870401847D5E90201A36804B0BDE891
:1066300070401847D5E90201A36804B0BDE8704076
:1066400018470B490B685B0708D00A4B02930023DD
:10665000CDE9003301221846FFF7ACFF0C34BFE749
:106660006FF01500C0E700BF38470600444706003A
:10667000DC120020021E0600F8B50E460746402137
:1066800030460EF067FF0E4C0546A0B1204631465D
:1066900040F8087BAF1B3A4627440FF085F80026E8
:1066A0002022691C04F129003E720FF07DF884F865
:1066B00049606660F8BD4FF0FF332360FAE700BF22
:1066C000340F002037B50A4C1546226801320CD031
:1066D000CDE9005304F108000B46626804F129017A
:1066E00000F040FA63682B44636003B030BD00BF24
:1066F000340F00202DE9F0470020CEB0CDE908008E
:10670000504FDFF84481DFF844910A900DF11F05E6
:10671000287000950AAB09AA08A9461C00F05EFA89
:10672000002846D001240DF1C00A032115A80094C9
:106730007523524620F0BAF9214615A820F08BF9AE
:10674000002836D02246394615A820F06AF980B3D1
:10675000297815A820F042F958B32246414615A8D9
:1067600020F05FF928B3002115A820F037F900B315
:106770000322494615A820F054F9D0B108994FF0EA
:10678000FF3215A820F056F998B13149224615A8D4
:1067900020F047F968B109994FF0FF3215A820F0B1
:1067A00049F930B12B783BB9012115A820F059F9EE
:1067B00090B94EB0BDE8F0872649012215A820F017
:1067C00030F90028F5D00A994FF0FF3215A820F0D3
:1067D00031F90028E8D1ECE71F4B18680B909B8833
:1067E000ADF83030202200210DF132000EF0DEFD38
:1067F0000BA8D5F785FD0BAB0899202218440EF0A5
:10680000D3FF4FF0FF324FF0FF33CDE90023159B4C
:106810005246A3EB0A033C210BA8FEF709FB78B113
:106820000E490B685B070BD0089B03930C4B02933C
:1068300000230490CDE900330122184619F014FC1E
:10684000304666E711DB050026E30500181E06004A
:10685000A7010600CBF30500B28005001C13002041
:106860001C1E060010B586B00C4604A91FF044FE9D
:10687000E8B1059A63689A4210D90E490B685B0724
:1068800008D00D4B02930023CDE9003301221846B6
:1068900019F0EAFB6FF00B0006B010BD04992068F8
:1068A000D5F75EFF2268059B0020D054F4E76FF017
:1068B0004C00F1E71C130020431E06002DE9F04FA9
:1068C000F9B013460022029201246FAA01924BA84C
:1068D0000A46009405211FF098FF4BA81FF012FEF6
:1068E000034610BB4C490A68550706D04B4A009036
:1068F000CDE90102224619F0B7FB79B0BDE8F08F6F
:10690000059B032B40F083804BA81FF0F8FDC0B11E
:10691000434E31AD4BA819F099FB0446F0B100F09D
:10692000DFF84BA819F092FB58B14BA819F08EFB79
:1069300004460028E1D105A94BA81FF0BBFD0028A3
:10694000DED1354B1B685907D7D0344B0293002357
:10695000CDE90033304901221846CCE74FF020083A
:106960006822214628460EF021FD0DEB080A0DF1A4
:10697000E5020CABCAE90028214648224FF0400B43
:106980001DA80A930695CDF81C80CDF82CB00EF00A
:106990000DFD06AB219302232393224B2A934AAB8E
:1069A0000DF1280904222B93012703231DA94BA8CD
:1069B000CDE92F69CDE9256A1E97209628922D935F
:1069C00000F02AF9814650B113490B685A0794D058
:1069D000124B0094CDE9014323463A46BCE74346B7
:1069E0000DF5837259460CA813F053FE20280AD0E7
:1069F00009490B685B0780D00B4BCDF80090CDE9BF
:106A000001934B46E9E7284600F03CF882E721462F
:106A10004BA81FF06EFE87E71C1300205D1E0600CA
:106A200065680300DD0105007C1E0600F8B50A4C10
:106A30000A4F05460E46BC4202D36FF0010007E044
:106A400020682946D5F7D0FC18B9E36883F844607C
:106A5000F8BD1034EFE700BF2447060034470600B6
:106A60007FB50BAB05930393054B02930023CDE950
:106A7000003302221846DBF7C5FC07B05DF804FBC3
:106A8000AF1E06002DE9F041134C144F054600F1EE
:106A90002108BC4202D30020BDE8F08121682846CD
:106AA000D5F7A2FC0646A8B920224146E0680EF0C0
:106AB0007BFEE368DE77E36805F14202203305F1EF
:106AC000620152F8040B43F8040B8A42F9D1E368DF
:106AD0006A6E1A641034DCE7244706003447060067
:106AE0002DE9F0411B4A1C4CA41A240914236343CA
:106AF000073323F0070300AFADEB030D6E463346BB
:106B00000021A14202F1100203F1140307D1134D39
:106B1000DFF84C80454517D3BD46BDE8F08152F8FB
:106B2000045C52F8100C43F8140C52F80C0C43F8A7
:106B3000100C05F1200043F80C5C43F8080C286C9D
:106B400043F8040C0131DCE755F8043B214630469C
:106B50009847DFE72447060034470600344706001D
:106B6000384706002DE9F04585B0184C9DF834A053
:106B7000174F054616469846BC4201D3002022E036
:106B800020682946D5F730FC034658B9E26892F8E8
:106B90004420012A08D10C9AD4F808C05346314643
:106BA0004046E0471034E7E70A490A6812F0060F4A
:106BB00007D0094A0395CDE9010200900222FFF7B0
:106BC0004FFF6FF0150005B0BDE8F08524470600C3
:106BD0003447060020130020AF1E060030B50C4CD1
:106BE0000C4D2D1BB0EB151F0FDA050104EB001047
:106BF00064590C6041681160C2681A60C36893F8F8
:106C00004420039B01201A7030BD0020FCE700BF28
:106C100024470600344706002DE9F04F89B00446AA
:106C20000F4690461FF06EFC034690B14FF01409DA
:106C300009FB08790026464574D2237D002B4DD0F0
:106C400023681B78FF2B4CD1002E65D16FF0010516
:106C50006DE03D490A6812F0060F5DD03B4A009393
:106C6000CDE90132022219F0A0FA55E006A920462A
:106C70001FF020FC034638B933490A6812F0060FAA
:106C80004AD0334A40E00125DDE906BA8DF81450B8
:106C90003D464D4506D3002120461FF02AFD002821
:106CA000C9D139E02B781BB1012B0CD01435F0E79A
:106CB0006B685B45FAD1D5E9033120469847054614
:106CC00060BB0136B7E7AB689A45EFD168685246BA
:106CD00059460EF0BBFA0028E8D1ECE7A368002B78
:106CE000B2D023681D786D09C0D0032D14D106A938
:106CF00020461FF001FC03460028C4D112490A684F
:106D000012F0060F08D0134A0392134A0093CDE9FC
:106D10000132022219F049FA6FF04C05284609B0F9
:106D2000BDE8F08F002E14BF00256FF0010520464E
:106D30001FF015FC03460028F0D103490A6812F041
:106D4000060FE9D0054A8AE74C130020EA1E060028
:106D50002C1F06000B1F0600101F0600301F060028
:106D60004FF08053D3F83021082A06D1D3F83431BC
:106D7000052B02D8024AD05C70470020704700BF44
:106D8000601F0600024AD2F80034002BFBD0704787
:106D900000E0014010B54FF08053D3F83021082AAD
:106DA0004ED14FF080420021C2F80C11C2F81011F0
:106DB000C2F8381502F54042D3F80414C2F8201581
:106DC000D3F80814C2F82415D3F80C14C2F8281507
:106DD000D3F81014C2F82C15D3F81414C2F83015D7
:106DE000D3F81814C2F83415D3F81C14C2F840159F
:106DF000D3F82014C2F84415D3F82414C2F8481567
:106E0000D3F82814C2F84C15D3F82C14C2F8501536
:106E1000D3F83014C2F85415D3F83414C2F86015FE
:106E2000D3F83814C2F86415D3F83C14C2F86815C6
:106E3000D3F84014C2F86C15D3F84434C2F8703556
:106E4000FFF78EFF18B13A4B3A4AC3F88C26FFF78A
:106E500087FF18B1384BFB22C3F81825FFF780FFD6
:106E600070B14FF080414FF08053D1F8E42ED3F849
:106E7000583222F00F0203F00F031343C1F8E43E2F
:106E8000FFF76EFF20B12D4B4FF40072C3F8402680
:106E90004FF08053D3F83031082B1AD14FF0804394
:106EA000D3F80024D20744BF6FF00102C3F80024D6
:106EB0004FF08053D3F83431052B02D8204AD35CED
:106EC0003BB14FF01023D3F808224FF08043C3F8B2
:106ED00058254FF01023D3F80022002A03DBD3F803
:106EE0000432002B22DA174901234FF01020C1F899
:106EF00004351224FFF746FFC0F80042FFF742FFB7
:106F0000C0F80442FFF73EFF0023C1F80435FFF745
:106F100039FFBFF34F8F0C490C4BCA6802F4E06293
:106F20001343CB60BFF34F8F00BFFDE710BD00BF21
:106F3000005000404881030000F0004000900240F3
:106F40005A1F060000E0014000ED00E00400FA05D1
:106F500030B50468CCB1BFF35B8FB4FA84F3C3F1EE
:106F60001F03DBB201229A4024EA020250E8005FCC
:106F7000A54204D140E8002CBCF1000FF6D1BFF3CC
:106F80005B8FE6D102480B7030BD0248FCE700BFC2
:106F90000000AD0B0200AD0B10B50368CB40DB0762
:106FA00014D401238B400268BFF35B8F43EA0201D4
:106FB00050E8004F944204D140E8001CBCF1000F9F
:106FC000F6D1BFF35B8FEED1014810BD0148FCE75D
:106FD0000000AD0B0400AD0B014BC3F80405704776
:106FE00000F00140F7B50546F8B101281BD1042295
:106FF0004FF4807301464FF0804003440244C0F8D0
:1070000008130026012111601E608D421B688DF857
:10701000071008BF0DF1070642F210744FF08047C9
:1070200045B1012D28D003B0F0BD0C224FF482737E
:107030000221E0E7D7F8183403F480333EB9002B7F
:10704000F1D0012019F0D4F8013CF3D1EBE7D7F8E7
:10705000182402F003023260002BE4D09DF80700F0
:10706000012803D119F0C4F8013CD9D1012DDAD19E
:107070000C4B00225A71D6E7D7F80C3403F4803356
:107080003EB9002BF4D0012019F0B2F8013CF3D145
:10709000EEE7D7F80C2402F001023270002BDDD1AC
:1070A000E6E700BF2C660020044B1A7922B90122C2
:1070B00018609A8002487047024870472C6600208A
:1070C0000000AD0B0C00AD0B08B5094B1B682BB1D4
:1070D0000020DFF7B3FE08B9DFF78EFE4FF08043E4
:1070E0000022C3F81825034B01221A7008BD00BF07
:1070F0002C6600206C71002010B510B1012843D01F
:1071000010BD4FF08043D3F81814D3F81824C803E7
:1071100021D502F00303012B04D013B10020FFF7A7
:1071200061FF00234FF080420220C2F81835082288
:107130004FF4827303F180430021196002F1804211
:107140001C6801241460154A12680AB34FF080438A
:10715000C3F80403D4E7D3F81424D107E1D5D3F856
:107160001C249207DAD40D4A12681AB10222C3F81D
:107170000423C5E7D3F80421002AFBD00022C3F87A
:107180000421D3F80431BBE700224FF48073D1E728
:107190001A68002AFCD019601B68B1E72C66002031
:1071A00010B54FF08043D3F800216AB10022C3F834
:1071B0000021D3F800210122C3F80823114B58798C
:1071C00010B95A711B6898474FF08043D3F80421D7
:1071D00072B10022C3F80421D3F80421D3F8182493
:1071E000D3F81824920704D10122C3F818259A6015
:1071F00010BD0222C3F80823024BBDE810401B68F3
:10720000012018472C660020036803F01F025B0969
:10721000026004D0012B034818BF002070474FF0D4
:10722000A040704700030050034A430900F01F00CC
:10723000D35C1844C0B27047661F060070B505469F
:10724000FFF7F2FF0C4C08300E4634F81030DA0528
:1072500008D5C3F3432304EBC302284654F8333064
:1072600052689847A3682BB1E26831462846BDE8CA
:107270007040184770BD00BF800F002008B5FFF7B1
:10728000D3FF034B083033F81000400B08BD00BF9C
:10729000800F002008B5FFF7C7FF034B083033F815
:1072A0001000C0F3400008BD800F002008B5FFF7B4
:1072B000BBFF034B083033F81000C0F3401008BD8B
:1072C000800F0020034611F0010010B5CCB20DD1A3
:1072D000A207C4F3400012D5094AD2F8200558602D
:1072E000C2F82005003818BF012008E04FF0A04187
:1072F000D1F820251A60C1F82025002AE8D010BD59
:107300000003005010B5FFF78FFF124A083032F823
:107310001030D9051CD5C3F3432123F4F85322F8C8
:10732000103002F10E04002034F8023F13F4807F85
:1073300003D0C3F3432399420AD001303028F3D15C
:10734000002342F831300448BDE81040FFF724BE66
:1073500010BD00BF800F0020F80F0020F0B50546DB
:1073600000200446012607468C420BD1114BD3F86E
:107370007C2132B10022C3F87C21D3F87C3140F06B
:107380000040F0BDE3B29B0003F580729B0806FA53
:1073900003F31D420BD002F1804202F5C042D2F845
:1073A00000C0BCF1000F02D017601268184301340E
:1073B000DAE700BF00600040F7B506460846FFF771
:1073C00033FF194F00F108050C4637F81530DB077D
:1073D00027D5304618F074FF2046FFF767FF40B10D
:1073E0002046FFF74BFF316800F5A270002341F8FB
:1073F00020302046FFF786FF002301A827F815302C
:107400000194FFF701FF019B00EB8300074BD0F8CD
:107410000027134043F00203C0F80037044803B0CC
:10742000F0BD0448FBE700BF800F0020F0F8FCFF30
:107430000000AD0B0400AD0B2DE9FF411646804660
:107440000846FFF7F1FE0D463168044609B32846A9
:10745000FFF720FF18B12846FFF728FF10BB0023D5
:10746000CDE900338DF80E308DF80F300DF10F029D
:107470000B4628460DF10E0118F0CAFE474A04F1EA
:10748000080132F8113023F0020343F0010322F81F
:107490001130736863B328461F785968FFF7FAFE06
:1074A00010B1D1B13E4826E03C4A04F1080032F860
:1074B000103023F02003DB04DB0C22F8103061B124
:1074C000032FEFD87168496891F800C0D8F8001010
:1074D000A7B90CF5A27C41F82C70304A04F10801E0
:1074E00032F8113023F01C0343EA870322F81130ED
:1074F000B3684BBB2B4804B0BDE8F08101EB8C01B5
:1075000043EA4C33D1F810E52EF0030EC1F810E534
:10751000D8F8001001EB8C0E43F02003DEF81015B4
:1075200022F8103021F44F3121F44071CEF81015BB
:107530002902DEF8108501F47C5141EA074141EA55
:107540000801CEF81015C8E7D3E900672846FFF711
:10755000D9FE002ECED0114DD5E90023964203D19D
:107560009F4201D1002209E00F480DF10F01FFF702
:10757000EFFC0C4B9842BED19DF80F2045F83260CD
:1075800005EBC20308345F6035F8143043EA422348
:1075900043F4807325F81430ACE700BF800F00205F
:1075A0000400AD0B0000AD0BF80F00202DE9F043F7
:1075B0000C4685B08046204611461E46FFF734FE35
:1075C000054629B32046FFF765FE18B92046FFF7A8
:1075D0006DFE18BB314F05F1080937F8193013F06B
:1075E0001C0F02D04B78012B18D001238DF80F30DF
:1075F0000023CDE900134A1C8B1C20460DF10F011E
:1076000018F006FE37F8193043F0030327F8193055
:10761000002E41D02046FFF73DFE18B9204805B0A6
:10762000BDE8F08396F800C0D8F800301B4F0CF589
:10763000A272002143F8221005F1080237F8121057
:1076400021F02001C904C90C27F8121075781DB368
:10765000D8F80000B67800EB8C002D04D0F8103577
:1076600023F4991323F4F853C0F81035230203F4DC
:107670007C5305F440353605D0F810E52B4306F46D
:10768000801641EA4C31334341F0200143EA0E03B6
:1076900027F81210C0F810350248C0E7800F00200C
:1076A0000400AD0B0000AD0B014BC3E902127047A3
:1076B000800F002010B508461446FFF7F7FD50B1C3
:1076C0000846FFF7B1FD054B083033F81030044889
:1076D0005B0B237010BD0348FCE700BF800F002048
:1076E0000000AD0B0400AD0B70B5164D95F8804051
:1076F00006462CBB2146602205F110000DF056FE17
:1077000030682E6F21468E420ED10023C0F87C31A6
:10771000D0F87C3140F30730DFF76EFB01230A48D5
:1077200085F88030AB6770BDCBB29B0003F58072EB
:107730007C2B08BF845001F1010108BF8358E2E7A8
:107740000248F0E7800F00200000AD0B0C00AD0BED
:10775000034B93F88000003818BF0120704700BF2A
:10776000800F00200148FFF717BC00BFF40F002076
:107770000148FFF7EDBB00BFF40F002073B50368AD
:107780001646D3F80423002AA8BF4FF0004205464E
:10779000A8BFC3F8042308460C46FFF787FD00B3D3
:1077A0000846FFF777FD0146D8B92046FFF766FD8A
:1077B00004B2A40004F58072034628688150296849
:1077C00082582144D1F8102542F00102C1F8102559
:1077D0002EB12968012202FA03F3C1F8043302B082
:1077E00070BD2046FFF720FD0F4B083033F81030F6
:1077F000C3F38203042B12D0052B12D001A80194ED
:10780000FFF702FD019AD0F81035D34003F00103D1
:10781000991C204602B0BDE8704018F042BD03211B
:10782000F7E70221F5E700BF800F00202DE9F04FB8
:10783000694BDFF8A881D3F80403D8F87010C0B200
:1078400089B040F00040FFF789FD051E2FDAC246DF
:1078500000235AF87C1F06A8CDE90633FFF732FD56
:107860005F4B01930DF118094FF0000B019A12F8CC
:10787000013B0192DA0803F007031AF8022022FA0A
:1078800003F3DA071CD409F10409BBF1000F14D08B
:10789000D8F870104FF00040FFF760FDD8F87C106A
:1078A00006A8FFF70FFD0028DAD125F000450124D6
:1078B000002D79D109B0BDE8F08F4FF0010BD5E76D
:1078C000484B5B440293D9F800100029DBD0029B9F
:1078D00091FAA1F11C78B1FA81F141EA44142046F1
:1078E000FFF7A2FC0830059438F81070C808BB08F0
:1078F00019F80020039301F00701012303FA01F1B5
:1079000022EA010209F8002005A8FFF77DFC059A8C
:10791000039B02F5E072C7F3820650F822205B0752
:107920003746C2F3014224D520463946D6B2FFF786
:1079300085FC05A80594FFF767FC059B03F5E0733C
:1079400050F82330C3F301439E4207D10021204663
:1079500018F0A7FC3146204618F0A3FC05A80594B2
:10796000FFF752FC059B012202FA03F3C0F8203511
:10797000A9E7022A0CD10321204618F092FC06F058
:107980000503012BEAD139462046FFF757FCE5E70E
:1079900002212046039218F084FC032EF3D0039AB0
:1079A000032ADBD1022EEDE795FAA5F3B3FA83F3B0
:1079B00004FA03F29B0003F1804303F5C04325EA78
:1079C0000205D3F81005D3F81015C0F30520C1F354
:1079D0000141FFF733FC6BE700600040800F00209F
:1079E000761F0600761F0600044AD2F80034DB0733
:1079F000FBD50160BFF35F8F704700BF00E001401F
:107A00004FF080531A69B0FBF2F302FB130373B912
:107A1000084B0222C3F80425C3F80805D3F8002454
:107A2000D207FBD500220448C3F804257047034859
:107A3000704700BF00E001400000AD0B0A00AD0B35
:107A400010B5054C0123C4F80435FFF7CDFF002322
:107A5000C4F8043510BD00BF00E0014010B5184C5B
:107A6000237853BB0278C2F34003920712D54FF03C
:107A70008053D3F83021082A0BD1D3F83431052BA9
:107A800007D8104AD35C23B14FF080430122C3F8DA
:107A9000382601234FF08042C2F88035037803F086
:107AA0000103C2F878350020DFF7C8F908B9DFF71D
:107AB000A3F901230448237010BD0448FCE700BF6C
:107AC0006D710020781F06000000AD0B0C00AD0B9F
:107AD0004FF080434FF46072C3F80823014B00223B
:107AE0001A6070473466002008B5FFF7F1FF03689D
:107AF0000BB1014A136008BD3466002010B54FF089
:107B00008043D3F80443620707D54FF4847018F01C
:107B10000DFC10B11E4B1B689847A30608D54FF407
:107B20008A7018F003FC18B11A4B00201B689847A4
:107B3000600608D54FF48C7018F0F8FB18B1154B9F
:107B400001201B689847210608D54FF48E7018F065
:107B5000EDFB18B1104B00201B689847E20508D5D3
:107B60004FF4907018F0E2FB18B10B4B01201B682A
:107B70009847A3050AD54FF4927018F0D7FB28B1A7
:107B8000054BBDE810401B680220184710BD00BF20
:107B90003C6600203866002034660020014601481B
:107BA000FFF7D6B90410002070B5104D6C6B9CB176
:107BB0004FF47A735C430A23B4FBF3F40C4ED6F80B
:107BC000003163B995F839304BB90A2018F010FB31
:107BD000013CF4D1074870BD4CF25034EEE795F803
:107BE0003930002BF6D10448F5E700BF406600208D
:107BF000009002400700AD0B0000AD0B094B10B523
:107C000000220124C3F80045C3F800211C6038B1EC
:107C1000FFF7CAFF044B984203D1044B83F8384066
:107C2000014810BD009002400000AD0B40660020EE
:107C300070B500F06044B4F1005F5DD184075BD1A2
:107C40002F4C94F83050012D05D09D4256D194F818
:107C50003850002D52D02B4D022B0BBFC5F81025EC
:107C6000C5F80425C5F81405C5F808050CBFC5F806
:107C70001815C5F80C154FF0000684F83960266811
:107C80000CBF08250425BEB994F838306BB11D4BE4
:107C900005F1804505F524350022C3F800210123B4
:107CA0002B60BDE87040FFF77FBF0120FFF7A6FF04
:107CB000154B9842EBD170BDA66826B1E0606161BA
:107CC000E2611248F7E7A2610E4A84F830300123DE
:107CD000A0602161C2F80061C2F8043394F8382032
:107CE00002F0FF0012B9FFF789FFEAE705F18045CE
:107CF00005F524352B60E4E70548DCE70548DAE7BD
:107D000040660020009002400700AD0B0000AD0B64
:107D10000A00AD0B0B00AD0B084B9A685A621A694A
:107D20009A629A69DA62DA689A6032B15A691A61BB
:107D3000DA699A610022DA60704770474066002075
:107D400000F01F0340090FD0012810D10B4A02EBAD
:107D500083020B4BD2F80007034043EA012343F0B0
:107D60000203C2F8003770474FF0A042EFE700224D
:107D700003F5E07352F82330FFDE00BF000300502C
:107D8000F0F8FCFF10B50E4B0238D3F83C26D3F8C0
:107D90003836072813D8DFE800F0110F0D0B0A085A
:107DA0000604100EC871100C8871100A48710A710F
:107DB0001A0ECA701A0C8A701A0A4A700B7010BD1B
:107DC00000900240023807281FD8DFE800F029277A
:107DD000251123211F04CB791B068A7943EA02432C
:107DE0004A7943EA02230A7913430E4AC2F83C3621
:107DF000CB781B068A7843EA02434A7843EA022397
:107E00000A781343074AC2F8383670470023E4E77C
:107E10000023E5E70023E6E70023EBE70023ECE798
:107E20000023EDE7009002400268154BFF2A08BFCF
:107E30004FF0FF32C3F824254268FF2A08BF4FF0F5
:107E4000FF32C3F828258268FF2A08BF4FF0FF32AF
:107E5000C3F83025C268FF2A08BF4FF0FF32C3F8CD
:107E600034250269FF2A08BF4FF0FF32C3F83825D6
:107E70004269FF2A08BF4FF0FF32C3F83C25704724
:107E8000009002400A4B002283F83820094B012160
:107E90004FF08050C3F808131961D0F8300108285A
:107EA00008BF5965C3F80025C3F80021704700BF1B
:107EB000406600200090024030B5194D0FCD8DB0C6
:107EC00006AC0FC495E8030084E803001549D1F817
:107ED0002435DBB20093D1F82835DBB20193D1F819
:107EE0003035DBB20293D1F83435DBB20393D1F8ED
:107EF0003835DBB20493D1F83C3506A8DBB20593E4
:107F0000FFF792FF0023C1F8003101230B60D1F885
:107F10000031002BFBD06846FFF786FF0DB030BD67
:107F2000F87F05000090024070B590F829300446B3
:107F300013B190F82A204ABB6068FF2860D0A2687D
:107F4000FF2A5DD0E268FF2A5AD02269FF2A57D063
:107F5000B3B90321FFF7F4FEA068FFF7F1FEE06874
:107F6000FFF7EEFE2069FFF7EBFE6069FF2801D006
:107F7000FFF7E6FEA069FF2802D00321FFF7E0FE2D
:107F800094F82A3013B9201DFFF74EFF1D4E636A87
:107F900073631D4D94F8293086F83A300123C5F8F3
:107FA0000833FFF789FF2368C5F84035A37F617F59
:107FB000227F9B0143EAC1031343E27F43EAC213DA
:107FC000C5F84435D5F8002694F8203022F07F42D9
:107FD00022F0FF02134394F8212043EA026394F84D
:107FE000222043EA426394F8232043EA0273C5F84F
:107FF0000036336813B12920DEF7FEFE034870BD5A
:108000000348FCE740660020009002400000AD0BF2
:108010000400AD0B38B50C4C94F8305095B9C4E958
:10802000001248B90023C4E902330122074884F84A
:10803000302084F8383038BDFFF776FF034B984284
:10804000F9D1EFE70248F6E7406600200000AD0BEB
:108050000C00AD0B2DE9F843DFF89090074699F836
:1080600030000128884614463DD199F83830204E1A
:108070006BB3204D0123C5F80833FFF71DFFB8F19E
:10808000000F2BD14FF0000889F83980C5F8008126
:10809000BB787A781B0343EA02233A781343FA78D1
:1080A00043EA42333A7943EA82337A7943EAC23384
:1080B000C5F83436FFF778FDB0420CD0C5F8008122
:1080C0001CB178782146FFF75DFE0B4804E0FFF70E
:1080D00095FDB042CDD10648BDE8F8837878414699
:1080E000FFF770FECEE70548F6E700BF40660020C8
:1080F0000700AD0B009002400000AD0B0B00AD0B74
:10810000034B93F838300BB9FFF778BD014870473F
:10811000406600200C00AD0B08B5054B93F83030DD
:10812000012B03D1FFF7AEFE024808BD0248FCE771
:10813000406600200000AD0B0B00AD0B034B93F825
:108140003000003818BF0120704700BF4066002093
:1081500038B511F0030539D11E4B1A68D2B193F826
:108160003040012C34D11C4AC2F81C150421C2F83D
:10817000200583F8395083F83010C2F80051C2F856
:10818000044393F8383003F0FF00EBB9FFF736FDF6
:10819000124818E0104CC4F81C15C4F8200583F8E8
:1081A000392093F8383043B10023C4F8003101235B
:1081B000E360BDE83840FFF7F7BC0120FFF71EFD84
:1081C000074B9842F0D138BDD460E1E70548FAE7A3
:1081D0000548F8E740660020009002400000AD0B23
:1081E0000700AD0B0A00AD0B0B00AD0B10B5224B19
:1081F000D3F8002192B1214C0022C3F8002194F859
:10820000381094F8302071B90121032A84F838100D
:1082100005D0042A05D0022A00D1996010BD59600A
:10822000FCE7D960FAE7032A19D0042A19D0022AF8
:1082300004D1012384F82030FFF76EFDA36813B941
:10824000012384F8303094F8393003F0FF0013B97B
:10825000D4E900319847002384F82030DEE7022378
:10826000E8E7032284F82020D3F81C256262D3F8C3
:10827000203584F82830E1E7009002404066002075
:1082800030B5184A0368184C11F0805F18BF1446C7
:1082900083EA010525420DD043F30904013409D0D6
:1082A00001EA0204114A1A4042F09F4242F4E002FD
:1082B000944203D100230360012030BD0A0D02F473
:1082C000E064B4F5806F05D1C3F38924C1F389213B
:1082D0008C4201D20020F0E752B203EB822303600C
:1082E000F8E700BF00FCFF7F00FC0F7000FC0F00F0
:1082F0002DE9F04F9A46D1E9038387B006463C301A
:1083000091460F46059318F07BF8C9F3892B044674
:1083100080B1BBF1000F79D0F36BCAF38922C3F3AC
:108320008923934204D16FF0010007B0BDE8F08FBC
:108330006CD2374C059D284618F03EF8031D434586
:10834000F1D80423A8EB0008039305ABCDE9018322
:108350003B680093324604230021304618F091F820
:108360000028E2D1059B1BBA6B4023F00043059324
:10837000BBF1000F1ED02A0D02F4E063B3F5806F4D
:1083800018D1AAEB0403C3F38920C5F389218842DD
:1083900010D323F07F4323F4700323F47F7323F07F
:1083A000030343F0804343F48013AB42BBD052B28B
:1083B00004EB8224AAEB0401694011EA0901B9D156
:1083C00045F309030133AED0129BC5F30909994562
:1083D00028BF9946119B0293109BCDF80C90043353
:1083E000434401933B68009332464B46304618F0B5
:1083F00048F8002899D1129BA3EB0902119B014672
:1084000003EB09000CF0D2FF60198EE7002491E71E
:1084100000FCFFFF30B587B003AD094B0095144653
:10842000084A18F0E7F8002804DA831C00D100207D
:1084300007B030BD2946204617F0C8FFF7E700BF58
:108440000C00F07F0000F07F70B5084E3146044606
:108450000DF046F93146054620180DF0EBF90444BD
:10846000605DB0FA80F0400970BD00BF82D30500A6
:10847000F0B503F1080C1C4640F2FF339A4285B078
:1084800005460E4608D11B4960460DF0CBF8022385
:108490002370002005B0F0BD036FCDF800C001339C
:1084A00043EA82239702144A18F0A4F80028F1DB6B
:1084B000000D02AB2070009347F000530F4A43F0C9
:1084C00008033146284618F095F80028E2DB40F210
:1084D0000223B3EB105F4FEA105202D1039B63609B
:1084E000D7E740F201239A42D3D1C0F3090060607C
:1084F000CFE700BF82D3050000FC0F7800FC0F70AF
:108500002DE9F04F0024ABB0CDE90A440493BDF847
:10851000DCB0BDF8E030BDF9E4A0069089460593D3
:10852000A046049817F048FFD9F80C3087189F42EE
:1085300064D20423039309ABCDE90173069AD9F8F9
:108540000030009300210423104617F09AFF002802
:1085500040F01881099B049A1BBA5A4042F000432C
:1085600009930493D9F800300A933B1D0B930AAE8C
:108570000999369B81EA08021A40844B1A403BD184
:10858000369BC3F38923002B00F0A1803C25654373
:1085900005F1A8036B44049843F8700C349843F831
:1085A0006C0C359843F8680C369823F85CBC43E9AA
:1085B0001908059823F85A0C3A9843F8540C3B983C
:1085C00023F858AC43E91401DDE90A0143F8486C8B
:1085D00043E91E97443B83E8030005F1A8030DEB34
:1085E0000305A5F14C033B93694B36920134904649
:1085F0003A939246059293463A4692E7359B002B72
:1086000040F3BE80349B1B680993349B5E6808333B
:108610003493359B013B35931746A9E7B2F5817F2B
:108620001CD10025099BC3F309029542E4D2B1682D
:108630007268C3F38923534441EA8321337803F5F5
:10864000407341EA0351DDE93A3098470028C0F20F
:10865000998006F10C06CFD10135E3E703EB8A21BF
:108660003246DDE93A3098470028C0F28B80C3D00B
:10867000002C00F087802AAA013C3C2303FB042342
:1086800053E9110153F8702C049253F86C2C349276
:1086900053F8682C359253F8642C369233F85A2CE0
:1086A000059253F8542C3A9253F8502C3B9253F8BD
:1086B0004C2C09920AAA53E91E9782E8030053F84A
:1086C000608C33F85CBC33F958AC53F8486C369A7C
:1086D000099BC2F3892232B1C3F389225A458BD355
:1086E00005998A4288D2C3F30A52002A84D040F204
:1086F00001118A4292D1264A07933A9B93423FF452
:108700007BAF3C222AAB02FB04350021A5F17800A7
:108710000CF04CFE049B45F8703C349B45F86C3CD7
:10872000359B45F8683C369B25F85CBC45E9193813
:10873000059B25F85A3C3A9B45F8543C3B9B45F831
:10874000503C079B25F858ACC3F3090BC3F38923AE
:108750000BF10102A3EB0B03534405920D4A0FFAF0
:1087600083FA0023CDE9353234934FF0FF3345E9E6
:108770001E970134B1464FF00058049300273BE7A1
:10878000002075E72BB0BDE8F08F00BF0000F07F40
:108790008182030000FC0F602DE9F04F85B0984600
:1087A000836E0F9C119EDB691546A2199A420746FB
:1087B0008B464ED86FF0010A002E48D008F1FF39E1
:1087C0002B68E868023318D1D5E901130B449C42A9
:1087D00013D28C4211D3A3EB0409B14528BFB14693
:1087E000611A01444A461098D3F7BAFF109B4B44D4
:1087F00010934C44A6EB0906DEE7C5F800A0BB6E5B
:108800005B69B4FBF3F203FB1242A21A6A60D7F869
:1088100068C0DCF814E009EB0E032344B3FBFEF15F
:108820000EFB11315B1ADCF828108B4228BF0B4677
:10883000AB605946CDE9010300920E9B064A3846CB
:10884000FFF756FD0028BBDA05B0BDE8F08F3046D3
:10885000FAE76FF05300F7E700FCF7FF2DE9F04F60
:108860009BB014460E93C36E126806460D4633B194
:10887000934240F2C18061688B4240F2BD8000218A
:108880004FF0040812ABCDE901130092CDF80C8033
:10889000434632463046CDE9121117F0F2FD074645
:1088A00010B110F1540F5BD1CDF80C8013AB4FF029
:1088B00000080293CDF804806368009332460423D5
:1088C0004146304617F0DDFD139B074600284BD08C
:1088D00010F1540F44D1414654F821302B6081F0FF
:1088E00001030D9354F823306B601AAB03EB810145
:1088F0004FF0FF3751F8203CAB600023EB600223C0
:108900000A93AD4A92E8030014AB83E80300042203
:1089100005F108014FF0FF3002F0D0F90023CDE956
:108920000B331090B84609934FF0FF3A9B465046E0
:1089300017F042FD0422B36E0392834411AACDE9DD
:1089400001B22A680092DB6932460021304617F0F6
:1089500098FD044690B114F1540F00F02B81274686
:1089600038461BB0BDE8F08F129A9B1A002BD4BF7B
:1089700000210121B0E701230A93C2E710980422E5
:1089800011A902F09BF9119B10901BBA8AEA030906
:10899000B9F1000FCDF8449031DA4FEA1A5A0AF4CF
:1089A000F06AAAF5A068D8F1000444EB0804EB686B
:1089B000002B40F00D810D9C1AA901EB8401D5E933
:1089C000000251F8201CA9600A990129C5E900207C
:1089D000D1D17A490C6864070ED0CDE9052040F268
:1089E0006D520492764A0392764A0093CDE90132A1
:1089F00018460A9A17F0BBFE6FF05307B0E74846D7
:108A000017F0DAFCB36EDA6900EB0B039342CED8B1
:108A10004FEA195101F4F061B1F5A06F2B680BF129
:108A2000040A33D10421039118A9CDE901A10093CF
:108A3000214613463046324617F023FD04460028EF
:108A400089D1189A109B9A4240F0B480119BF06A29
:108A50001B0D042210A989EAC37902F02FF9F062F4
:108A6000119817F0A9FC099BAB82149BAB61584489
:108A7000159BEB61C5E903090B9BEB754FF0FF33C9
:108A8000109343464746CA46984650E710A9043813
:108A9000CDE900A002913046314617F0EBFD0446C7
:108AA00000287FF458AF119B2868190D11F4E06C71
:108AB0001DD1099AC3F389239A4201D8013309933E
:108AC0001199249B0E982A684B4003400F930BD1B9
:108AD000CDE9182ADDE9263018AA9847041EFFF6CA
:108AE0003AAF119B53D198464346B846CAE7BCF506
:108AF000806F1DD1099A48B242FA81F18AB2099277
:108B0000314A08EA020242F09F4242F4E0029342F4
:108B100002D148F00048D3E7B8F1FF3FD0D0C3F30B
:108B20008923C8F389229342CAD808EB8028C7E773
:108B3000BCF5C06F13D101F0010308220B93B36E93
:108B4000039214AACDE901A200902146DB693246C6
:108B5000304617F096FC04460028B1D0FBE6C1F37E
:108B60000A0240F2FF539A42AAD10822B36E03923E
:108B700016AACDE901A20090DB69324621463046B3
:108B800017F07FFC543015D001230C9398E70F4A5F
:108B900083EA08010A4052B1022CA5D1C8F3892208
:108BA000C3F389218A429FD343F000489CE74FF0EA
:108BB000FF3899E70024FAE610800500E41200204F
:108BC0007E1F0600A41F060000FC0F0000FCFF7FB4
:108BD0000022AA752CB3B16E8869B3FBF0F200FBDA
:108BE0001232F2B90C9AE2B14FF0FF32189218AA81
:108BF0000292169ACDE900323046CA692B68314696
:108C000017F038FD20B110F1540F01D00746A7E648
:108C1000DDE91732A3EB020CDCF1000343EB0C039C
:108C2000AB75294606F13C0017F0EAFB70B3F36B15
:108C3000C7F38922C3F389239A4214D1259A47F0B6
:108C400000433AB1A98AC3F389228A4228BF0A465F
:108C500025990A80AA8AC3F389239A4294BF0027E0
:108C60006FF001077CE67E1C0CD1259B3BB1AB8AE3
:108C700040F2FF32934228BF1346259A13804FF0EB
:108C8000FF33E7E79A4288BFA7F58067259A3B46FE
:108C90003AB1A98AC7F389228A4228BF0A46259990
:108CA0000A80002FBFF65CAED4E700BF2DE9F04F7D
:108CB0008DB015680693036A8B61436ACB612B788C
:108CC000049280460E46002B00F08780464C230D10
:108CD000022B059304D1284644490CF0ABFD054412
:108CE000424928460CF0FCFC0128074606D12B78A7
:108CF0002E2B0CD105F101094D46E8E7022806D1DB
:108D000002463B4928460CF0A1FA002865D005EB45
:108D10000709CA464FF0010B344950460CF08AFD52
:108D20008244324950460CF0DBFC0246C8B10128AF
:108D300005D19AF800302E2B10D19244ECE702288E
:108D40000CD107902A4950460CF080FA079A28B9AE
:108D5000BBF1010BF1D10AF10209CDE70BF1010BD7
:108D6000EBE72B78002B34D0049B1D60059B022B76
:108D700036D1C4F3892440F2FF339C4206F1180A2D
:108D80001BD10DF1240B1B4B0293069BCDF80CB0AD
:108D9000CDE9007352464FF0F04331464046CDE9ED
:108DA00009850B97FFF75AFD041E12DBA4D1F37D52
:108DB000002BE8D16FF001040BE00F4B0F4ACDF808
:108DC00000A043EA84233146404617F013FC041EFA
:108DD000D7DA20460DB0BDE8F08F6FF01504F8E744
:108DE0006FF01304F5E700BF00FC2F0082D30500ED
:108DF00023CE0500350705000800002000FC0F7099
:108E000030B5D1E9003482699A4287B002D1C56990
:108E1000A54204D0A24219D1C469A34216D1134974
:108E20000B6813F0060F0DD041F276130493104B2C
:108E30000393104B02930023CDE90033022218461E
:108E400017F095FC6FF0530007B030BDD1E9023444
:108E5000A34206D10A60C2694A605B0000228A60B0
:108E6000CB608B6801338B600020EDE7E4120020BB
:108E70007E1F0600CE1F06002DE9F04F0123144689
:108E80000022C4E906231B4BDFF86C90DFF86CA0CE
:108E9000DFF86CB006460F460FCB8FB00AAD85E801
:108EA0000F0004F11808404617F06BFA034610B1A2
:108EB0006FF001001BE0294620460593FFF7A0FF55
:108EC000002814DB3A68059B08927A68099207AA81
:108ED000CDE90292CDE900A342465B4621463046E9
:108EE0000796FFF7BBFC0028DBD0831CD9D00FB05E
:108EF000BDE8F08F188005000D0605000800002071
:108F0000FF03F07F2DE9FF41144601230022C4E94D
:108F10000623144B06460F460FCB6D4685E80F001F
:108F200004F11808404617F02CFA10B16FF0010058
:108F300011E029462046FFF763FF00280EDB394683
:108F4000404617F028FA30B142462146304617F025
:108F50001DFC0028E6D004B0BDE8F0816FF053009E
:108F6000F9E700BF188005002DE9F04F9046CE6A62
:108F70004A6BB24285B007460C465CD2B61A9E4296
:108F800028BF1E46DFF8B4B0B14601F1400AB9F17E
:108F9000000F01D1304618E0226B510304D5BB6E9F
:108FA000E16BDB6999421BD1D202636B10D404F1EF
:108FB0003C02029204F13802CDE900325146D4E974
:108FC0000A23384617F00CFC30B105B0BDE8F08F2D
:108FD0006FF00102C4E90E23236B43F48023236363
:108FE000BB6EE26BDB69216B01929D1A4D4528BF78
:108FF0004D4611F48011CDE9028515D0A2884BEAC7
:109000008222009204F1080152463846FFF7C4FB61
:109010000028DAD1636B2B446363E36B2B44E36377
:10902000A844A9EB0509B2E7A26B00923846524664
:1090300017F027FAECE70020C7E700BF0000102078
:109040002DE9F04F95B004460D46164600211C222E
:109050000CA805930CF0AAF9012313934A4B0FCBEC
:1090600008AF87E80F0040F2022912A817F089F92B
:1090700020B1A76A002F56D1384642E039460CA8E5
:10908000FFF7BEFE00287BDB12993046A847002878
:1090900037D113993046A84798BB12AA0CA920468D
:1090A00017F074FB68BBDFF8E4A0DFF8E4B080469B
:1090B000BDF844201FFA88F39A42D6D906AA0AEAD4
:1090C0008823009243EA0B03324A0CA9204617F08A
:1090D00091FA002804DA831C13D108F10108E7E7AC
:1090E000B9EB105F4FEA10530ED1079B0093CDE907
:1090F0000156069B22460021204617F0BAFB0028A5
:10910000EBD015B0BDE8F08F059A002AE5D0B3F595
:10911000007FE2D106993046A8470028F1D107998F
:109120003046A847EBE7BB79012B01D03F68A1E7A8
:109130003B6B03F48813B3F5803F13D03B6B03F410
:109140009013B3F5003FF1D1CDE901567B6B00934D
:10915000BB6B224607F14001204617F08AFB00282E
:10916000E4D0CEE7CDE90156FB6A0093BB6A224604
:1091700007F14001204617F07CFB0028DED0C0E755
:109180006FF05300BDE700BF1880050000FCFF032F
:109190000800002000FC0F7038B5C26D436D134409
:1091A000C26EB3FBF2F1002502FB1133826E436500
:1091B000C565D36A016EDB008B4294BF8365816510
:1091C0000446D26A406E29460CF0F0F805490123A6
:1091D00022462046FFF734FF18B1C4E91655E36E66
:1091E000236638BD1D04050030B5044687B00D4622
:1091F000A16DE26D8A4209D3236E002B46D1274927
:10920000086840072CD16FF01B0021E0606ED30886
:10921000C35C02F00700C340DB071BD4636D13443B
:10922000E26EB3FBF2F102FB11332B60A56DE36D2F
:10923000226E0133013AAB42E36522662CD2DA0892
:10924000616E885C03F00703D84010F00100EED196
:1092500007B030BD236E0132013BE2652366C8E7EB
:10926000606D0244E06EB2FBF0F400FB1422059244
:1092700040F2C52204920A4A03920A4A0093CDE9B9
:1092800001321846012217F072FABCE72046FFF7B8
:1092900083FF0028ACD0DBE70020D9E7E4120020F0
:1092A0007E1F0600F11F060007B500230449019345
:1092B00001AAFFF7C5FE00B9019803B05DF804FBF1
:1092C000790405002DE9F04F044687B00D4605A945
:1092D0002046FFF789FF064658B9DDF81480A06ED6
:1092E000414617F03DFB0646002853D010F1540FBD
:1092F00056D0304607B0BDE8F08F2A6BCDF80C9001
:109300000DF1130A12F4801FCDE9017AA3EB0703D4
:109310001CD0AA88244941EA8222009205F1080162
:109320005A462046FFF738FA70B9CDE902A9CDE9CF
:1093300000870123224604F11001204617F0C9FBE3
:1093400060B110F1540F2BD00646D2E7AA6B009201
:1093500059462246204617F094F8E5E70137EB6BB3
:10936000BB42CAD8A36EE1699A6AE86CD3F7F8F9F0
:1093700023692B6463696B64A369AB64A06E04F119
:10938000100117F0EFFA2B6BC5F8388043F4003367
:109390002B63AEE7074605F1400B4FF00109DEE70E
:1093A0004FF0FF33236192E7000010202DE9F04FCA
:1093B0000D46816E6B688A69C9691433571E8B42EA
:1093C00094BFFF187F184FF0000AB7FBF2F302FBBF
:1093D00013738BB00446FF1AD1466FF0030B6E680F
:1093E000BE4219D32B694FF0FF320892A9EB03025A
:1093F000CDE9003208AE02962B6809F1040221463D
:10940000204617F037F9002847D1089B534500F054
:10941000B0806FF0530040E0ABEB06033B440436F2
:1094200040F2FE32934294BFF618B618BE424FF097
:10943000FF0335D38DF81F30A26ED2E90632D21A5F
:10944000964236D8012203920DF11F02CDE9016246
:109450002A68009200212246204617F012F810B127
:1094600010F1540F19D1A36E9A6900964FF0FF3393
:10947000099309ABCDE9012321462B6808922046C8
:1094800017F0F8F810B110F1540F06D1404A08ABAC
:109490002946204617F0ACFC58B10BB0BDE8F08F60
:1094A000A7F11402964228BF1646BE428DF81F301F
:1094B000C2D29DF81F206B68E868D243ABEB03086B
:1094C000C2F3C01202F5A062B04448EA0258AB6889
:1094D00048F47F2848F4406888EA03031BBA0893DD
:1094E00008AB1946042201F0E9FB082208ABE8604A
:1094F000039202936B6801932B68099004F11001A9
:109500000093224600232046059117F0E2FA002836
:10951000C3D10599B9F1000F04D16B68D5F80CA03F
:1095200003F104099DF81F306E60DB431B0603F056
:10953000004383EA0803AB60BE424FF0FF33EB60A9
:1095400006D2A36E62699B6A13449E42FFF447AF42
:109550004FF0FF33236022460023204617F07DFAA8
:1095600000289AD1A06E0369984700283FF437AFCE
:1095700093E70422CDE9009202962B68214620460B
:1095800017F078F8002888D1089B002B85D040E799
:1095900008FCFF5F2DE9F04F97B0CDE90823836EFB
:1095A0008A685B6ABDF88480BDF888B0002B0446E9
:1095B0000D4602F1010251DD013343F00103B2FB1C
:1095C000F3F103FB1123002B48D10126AA6010A957
:1095D00028461093119616F0DEFEC8B937460026CD
:1095E00000234FF0FF32CDE91132CDE91323696832
:1095F000A06E1091C36C002B36D0083B159317F06A
:10960000AFF9002832D010F1540F40F0B6803E463A
:109610004FF0FF33236100274FF0010910A92846BE
:10962000CDE9107916F0B7FE0346002840F0A88077
:109630005A490A6812F0060F0DD06A6805924FF475
:1096400004620492564A0392564A0090CDE9010200
:10965000022217F08CF86FF01B008EE0AA60002742
:10966000BDE707464E46BBE7C369C6E70DF14009B3
:10967000042305F108024946204617F09AFB00280A
:10968000C1D10BAB0793484B0693C8F100031BB243
:10969000CDE904B3454B0293099B0193089B0093CA
:1096A00002462099CDF80C804FF0FF332046CDE9DB
:1096B0000B49FEF725FF0028A5D105F11801084642
:1096C00016F05FFE60B9EA7D0B46394902F5C062CB
:1096D00041EA02522046494617F08AFB002892D1FF
:1096E0000023CDE90D330F934EB904F13C010DA8D1
:1096F00016F06CFE04F130010DA816F067FE04F1BF
:10970000480A51460DA816F061FE0D9B23F47F73A5
:1097100023F003030DAA294620460D93FEF77AFE97
:1097200058BB0DA816F060FE40B9224A0DAB494661
:10973000204617F05DFB00287FF465AF49462046C0
:10974000FFF734FE00287FF45EAFD5E90032C5E9AB
:109750000023119BEB60ABEB0808129BA5F814806B
:109760002B61A064CAE9010036B904F13C0330342E
:1097700094E8070083E80700304617B0BDE8F08F93
:10978000291D2046FFF730FD00283FF46AAF10F195
:109790001C0FF2D1002E3FF45EAF21E7E41200204F
:1097A0007E1F0600102006009B0E050000FC0F40E7
:1097B00008FC0F000CFCFF7F2DE9F04F97B0064628
:1097C0000892209ADDF884800D461F4603EBC20004
:1097D000002140F2014440F2FF4C834240F0998066
:1097E000002940F0B980AB7D002B40F0CE804FF0D7
:1097F000FF333361B5F814904FF00008C346A9EB6E
:10980000080ABAF1010F00F25B81B8F1000F28D00D
:109810001FFA88F8CDE90189209B00953A46294630
:10982000304617F0F1FB0446002800F03B8110F1B0
:109830001C0F6AD19C490B6813F0060F11D06B689E
:1098400006932B68059340F694030493974B039378
:10985000974B02930023CDE900330222184616F0FD
:1098600086FFB36E5A6A002A43DDAB6801320133CA
:1098700042F00102B3FBF2F102FB1133002B38D1AD
:109880004FF0010A10A928461093CDF844A016F015
:1098900082FD804668BB3046FFF706FD041E69DB8B
:1098A000F36E1C1BB4EBD30F23D9CDE90189209BA8
:1098B00000953A462946304617F0A6FB0446002894
:1098C00000F0368110F11C0F1FD177490B6813F09F
:1098D000060F0ED040F6B4030493744B0393754BFC
:1098E000CDF80080CDE9018302224346404616F0C0
:1098F0003EFF0023CDE90053CDF80890209B3A4667
:1099000029463046FFF746FE0446002C80F2AF8021
:1099100030E01A684FEA125EC2F30A52A24204D142
:10992000AA8A0132AA82083357E7624504D1AA8A7B
:10993000013AAA820121F6E70EF4E062B2F5C06FA7
:10994000F1D15A681268AA615A685268EA611A68C5
:10995000C2F30052EA75E6E7AB8A002B7FF443AF0F
:10996000424629463046FFF7CDFA044630B1831C03
:109970003FF439AF204617B0BDE8F08F98F81730A4
:10998000002B3FF430AF022471E0EA682B6810939B
:109990004FF0FF31CDE913122B69B06E1192129383
:1099A000C16C01B3083915910BA907914249069181
:1099B0000021CDE90411CDE9021120990B96CDE9E2
:1099C00000710DF1400B29463046CDF830B0FEF75E
:1099D00097FD044648B114F11C0F3FF408AF14F191
:1099E000540FC7D103E7C169DCE706F13009CDE9BF
:1099F0000D000F9049460DA806F13C0816F0E6FC54
:109A000006F1480A41460DA816F0E0FC0DA85146A3
:109A100016F0DCFC0D9B23F47F7323F003030DA8E9
:109A20000D9316F0E1FC80B90DAA29463046FEF7E9
:109A3000F1FC044600289DD1204A0DAB5946304622
:109A400017F0D6F904460028C5D159463046FFF72D
:109A5000ADFC04460028BED1119BEB60129B2B612C
:109A600099E8070088E80700B464CAE90144089B44
:109A7000D6F828801B681093089B5B68119306F149
:109A800020030993B8F1000F3FF474AF08F10809FF
:109A900010A9484616F07FFC824600284AD0D8F824
:109AA0000080EFE7C146A7E6E41200207E1F060013
:109AB0003D200600612006009B0E05000CFCFF7F88
:109AC00010AB1FFA88F207934C4B069353421BB21C
:109AD000CDE904934A4B0293209B0392CDE9007396
:109AE00000224FF0FF3329463046CDF840B0FEF754
:109AF00007FD044600287FF408AFB36EDA6C02B9A4
:109B0000DA69BAF1FE0F10D89869431E03EB5203CD
:109B1000B3FBF0F100FB11315B1A283A934228BFE6
:109B20001346109A9342BFF470AE08EB5A0866E6EB
:109B3000D146DEE6AE46BEE80F00CC46ACE80F00EC
:109B40009EE80F008CE80F00089B994508D040F272
:109B5000FF4140F20140209AB8F8043092451DD1EF
:109B600008F1200AB8F80420B8F81CB05A4596D37A
:109B700098F81F10002992D00999504616F00BFC56
:109B800018B1A2EB0B02A8F8042052464946304611
:109B900016F0FCFD0028E5D00446EBE657F83A2025
:109BA000C2F30A5C8C4518D1C2F389229A4206D1CD
:109BB0004FF0FF33C8E902330AF1010ACBE7FBD2C9
:109BC000013BA8F8043098F80630022BF4D1D8F8FD
:109BD0002830013BC8F82830EEE78445ECD1C2F3C9
:109BE00089229A42E8D80133A8F8043098F8063060
:109BF000022BE1D1D8F828300133EBE74904050006
:109C000000FC0F402DE9F04F866A9DB0054688465E
:109C100091469A46002E60D1D8F80030049346460B
:109C2000D8F8043005930FCE0CAC0FC496E80F00A3
:109C30000CAF14AE84E80F00CDE900A64B464246B7
:109C400039462846FFF7B8FD041E71DB04A94046DB
:109C500016F0A1FB48B9BE46BEE80F00C446ACE80A
:109C60000F009EE80F008CE80F00022C2CD105F1AC
:109C7000480241462846FEF7CDFB0446002857D14E
:109C8000149B98F817200493159B05939D4B019006
:109C900002F5C06243EA0253089308F118030993DE
:109CA0000123009304AA08AB31462846FFF784FD40
:109CB000041E3DDBB646BEE80F00BC46ACE80F0014
:109CC0009EE80F008CE80F004FF0000A012C40F0D6
:109CD000B78005F12003039390E006F108004045AA
:109CE00001D1366896E7414616F055FB0028F8D1B9
:109CF000B379012BF5D1336BD902F2D5AB6EF26A91
:109D00009B6A9A42EDD9736BF363EB6E2B66314617
:109D10002846FFF7D7FA044650B9336B23F4801373
:109D200033633146284617F0BEF804460028D8D0E1
:109D300020461DB0BDE8F08F0BF1080104A816F015
:109D40002AFB08B9CBE902429BF80610022907D189
:109D50000BF12C0104A816F01EFB08B9CBE90B424D
:109D6000DBF800B055E00121284616F077FB844669
:109D7000002875D1314605F1300016F041FBDDE9D0
:109D80001498C0B1296BC5F838B0C1F3892221F00D
:109D9000FF4121F4FF01C4F3892321F4F8419342E8
:109DA000C5E90C1B52D9CDE90698A4F58064564B41
:109DB00043EA822202E0CDE9069800220023CDE9A1
:109DC0000934019302230892009306AA08AB314696
:109DD00028460B97FFF7F0FCB0F1000C40DBBCF11C
:109DE000010F3AD1B646BEE80F003C460FC49EE8CC
:109DF0000F0084E80F00CDE90498E246039904A817
:109E000016F0C9FADDE90C4208B9C5E90842D5F8EF
:109E100028B0BBF1000F8FD1324604A92846FFF7C6
:109E20002BF8041E9FDAA21C82D1D846324604A920
:109E30002846FFF767F80446A0B1831C7FF478AF8B
:109E4000BAF1000F0CBF0024032471E740F2FF3386
:109E50009A42CDE90698AAD1AFE74FF00108E5E7AD
:109E6000644665E72B6BC3F309036BBB314605F111
:109E7000300016F0C5FADDE9144170BB00230893E9
:109E80009DF86730CDE904411E4903F5C06341EAFE
:109E900003530022CDE90A3702230992019200936D
:109EA00004AA08AB31462846FFF786FC041EFFF6DD
:109EB0003FAFB646BEE80F00BC46ACE80F009EE8D8
:109EC0000F008CE80F0001E7C8F10001284616F0EA
:109ED000C5FA04460028C9D02AE72A6BC2F38923B1
:109EE00022F0FF4222F4FF0222F4F8422A63002209
:109EF000C5E90D2240F2FF329342BFD0024A42EA46
:109F00008323BCE708FC0F000000F04F2DE9F0436D
:109F10000446006BC0F30900A1B08846002800F099
:109F2000A780DFF8549100251C22002108A80BF01F
:109F30003DFA01238DF837300F9300270EA816F055
:109F400020FA20B1002F00F087800025ECE70EAA50
:109F500010A9204616F01AFC002840F089809DF8D0
:109F6000373043B918AA0EA92046FEF785FF00280E
:109F70000CDB002D2FD00DF1400CBCE80F0008AE1B
:109F80000FC69CE80F0086E80F00D7E7811C6FD151
:109F9000002DF0D0B8F1000FEDD004F1480210A967
:109FA0002046FEF737FA002862D19DF85720334B40
:109FB00002F5C06243EA0253049316AB059304AA68
:109FC000012308A92046FFF71DFE002850DB0328C7
:109FD00008BF4746B2E702AE034600964A4618A9B4
:109FE000204616F007FB002842DBDDE90E3202991D
:109FF000994202D103989042BDD0914202D1039A76
:10A000009342B8D008A904F1300016F0F9F990B9DC
:10A01000002304931A4B07960022CDE9052308A9D3
:10A02000022304AA2046FFF7EDFD002820DB0328C9
:10A0300008BF012782E7216B124B0B4023630023EB
:10A04000C4E90D33C1F3892240F2FF339A42DFD0D5
:10A050000D4B43EA8223DCE70DB9012564E7216B50
:10A06000494249B2204621B0BDE8F04316F0F6B9A6
:10A0700021B0BDE8F08300BF00FCFF7F08FC0F00AB
:10A0800008FC0F60FF0300800000F04F73B514461A
:10A090000E4600F1480221460546FEF7BBF970B9AD
:10A0A000E27D084B02F5C06243EA02530093183484
:10A0B00001236A4631462846019417F02BF802B076
:10A0C00070BD00BF08FC0F0010B5036B9B0590B07E
:10A0D000044622D500F1200208A916F057FB0028FB
:10A0E00044D1234B0293A36EDB690393E36E049385
:10A0F000236F0593636F0693A36F07931D4B009324
:10A1000002AB01936A46012308A9204617F002F822
:10A1100060BB236B23F400732363E36B1B0D13F409
:10A12000E06F06D10121204610B0BDE81040FFF7D6
:10A13000EDBE04F1400208A9204616F027FBA8B99D
:10A14000E36B216BA063C3F389220B4B0B40C4E983
:10A150000C300A4B43EA8223CDE9023002AA0123E4
:10A1600008A9204616F0D6FF0028DBD010B010BD9D
:10A170000100020018001020FF0300800000F04FD3
:10A180002DE9F0478AB013F0020F06460D46039200
:10A19000984637D1129B2B6505F1080700236B63A6
:10A1A000EB63EB64C5F830802B1D03AA39463046BB
:10A1B000FEF77CFD041E2EDAA31C1AD1DDF80C90EC
:10A1C0004846FEF741F9A0B10123AB71B36A2B6099
:10A1D00018F4807FB5620CD0764948460BF080FABF
:10A1E00019F80020002A5AD1336F83421ED26FF033
:10A1F00023042B6B43F400232B632946304616F0CF
:10A20000F4FF04E0FFF760FF04460028C2D02046B8
:10A210000AB0BDE8F0870123AB71B36A2B6018F474
:10A22000007FB5623ED06FF01004E2E7AB88624970
:10A23000DFF8888140EA832041EA832140F48010DE
:10A2400048EA8323CDE90412CDE90832CDE90609B5
:10A25000032304AA3946304616F05CFF10F11C0FA8
:10A260000446C4D00028C4D14446DFF854A14FF0BE
:10A2700000084FF00C092B6D9A68424533D81B68D3
:10A28000002B60D0EB64B06E05F1400116F06AFB64
:10A2900040F20123B3EB145F5FD00024B7E76FF007
:10A2A0001304A6E7240D012C7ED1AB8818F4806F2F
:10A2B0004FEA832308D043F000542B6B43F48033E0
:10A2C00044F480142B63D0E705F1280243F00053D7
:10A2D000009243F008033B4A3946304616F08AF9AB
:10A2E000041EC2DA85E72A6BD00706D42B6B2A6DD1
:10A2F00099071DD408F10108BDE75868B5F804C0F6
:10A3000009FB08F28118825C8B684968009143EA76
:10A310008C2302F5407243EA0253394652463046D6
:10A3200016F068F90028E1DA831CDFD0044660E704
:10A33000526809FB08229168B26F914237D843F402
:10A3400080332B63D6E7B36E986A0AF0B3FCE864F7
:10A35000002898D16FF00B044BE72B6B43F480136C
:10A360006FF001022B63C4F309040023AA62EC62BC
:10A370002A646B64B36E9A6AAA64002C8DD040F292
:10A38000FE339342A98828BF134643EA8123EA6C2F
:10A39000009243F000530B4A3946304616F02AF932
:10A3A000041EBFF67AAF24E76FF0140421E76FF0C4
:10A3B0001B041EE782D3050000001040000010209F
:10A3C00000FCFF7F00FC0F7030B597B0054616F01B
:10A3D000D4FA044600284DD1AB6E0146DA6A686EA5
:10A3E0000AF0E4FFD5E91A326C65DB6ADB00C5E9E7
:10A3F0001742934294BFAB65AA650EA9284616F092
:10A4000071FA0446002832D11C4B0293AB6EDB6913
:10A410000393EB6E04932B6F05936B6F0693AB6FF7
:10A420000793174BCDE90830164B0A93164B0B9345
:10A43000164B0C9302AB0D9308AA03230EA92846D2
:10A4400016F068FE044690B98DF84E0003460246A9
:10A450000EA9284616F05EFE044640B9009001237E
:10A460006A460EA92846019316F090F9044628463C
:10A4700016F0EAF8204617B030BD00BF0100020018
:10A48000000010400800F00F15F105001800102022
:10A490002DE9F04FA1B0044616F06FFA06460028E9
:10A4A00040F0818001461C2218A80AF07FFF01239A
:10A4B0001F937E4BDFF8F881DFF8F891DFF8F8A101
:10A4C0000FCB0EAF87E80F001EA815F05AFF83468A
:10A4D000B0B1236B03EBD373236304F1300207CADB
:10A4E00004F13C0383E80700E26EE36AB3FBF2F198
:10A4F00002FB113363650023C4E91633226652E080
:10A50000394618A8FEF77CFC051E48DB08230D938E
:10A510000BABCDE90293694B0093CDF804B0684BC7
:10A520001EAA18A92046CDE90B48FEF797F9051E8B
:10A5300035DB00F0AF8045F30900013000F0AA8060
:10A54000189B2362199B636212AB00935C4A5346CB
:10A5500018A9204616F04EF8051E20DB129B180C99
:10A5600002289AB201D1012A21D956490A68550711
:10A5700013D09BB2CDE9050341F2B9130493524BBA
:10A580000393524B0293022500230122CDE9075287
:10A59000CDE90033184616F0EAF86FF015052046AD
:10A5A00016F03CFE2E46304621B0BDE8F08F236BFE
:10A5B00082F0010223F4007343EA42232363159BD4
:10A5C000C3B1226F934214D93E4908684007E4D0D2
:10A5D000CDE9053241F2D71304933B4B03933C4B37
:10A5E00002930023CDE900330122184616F0BFF88C
:10A5F000D3E72367169B83B1626F93420CD931492D
:10A6000008684707C9D0CDE9053241F2E213049347
:10A610002D4B03932F4BE3E76367179BABB1A26FFF
:10A6200093420CD9274908684607B6D0CDE90532D0
:10A6300041F2ED130493244B0393274BD0E7E26FD1
:10A64000A3679A4294BFE267E367A16E149B0A6A0C
:10A6500072B193420CD01B49086845079DD0CDE9E3
:10A66000053241F2FC130493174B03931B4BB7E7DE
:10A67000E366CA69139B93420CD0124908684007ED
:10A680008BD0CDE9053241F2052304930E4B0393A1
:10A69000134BA5E704F1300218A92046FDF7BAFED6
:10A6A000054600283FF410AF79E700BF1880050089
:10A6B00015F1050035070500180010200800F00FFF
:10A6C00000FCFF7FE41200207E1F060084200600AD
:10A6D000B0200600D6200600FC200600222106003D
:10A6E00048210600F0B599B004460391FFF7ECFC51
:10A6F00000285DD1034603AA06A92046FEF7D6FA34
:10A70000002855DBC0F3892340F2FF32934251D039
:10A71000050DA26A0E92022D4FEA832704AE21D1C5
:10A7200047F00053254A009643F0080306A9204647
:10A7300015F060FF00283BDB324610A9204616F0DA
:10A7400025F8002834D1159B33F47F032ED1012145
:10A75000204615F083FE58BB0EAB8DF83E00ADF8D9
:10A760003C00A362002347F09F47059347F4E007AE
:10A770000123324606A92046049716F0CBFC0E9B17
:10A78000A362A8B9022D13D14FF0FF31204615F076
:10A7900065FE68B906AA10A92046FEF7B3FB38B9D2
:10A7A00010AA06A92046FFF771FC01E06FF0260011
:10A7B00019B0F0BD6FF01500FAE700BF00FC0F7094
:10A7C0002DE9F04FAFB0CDE906120546FFF77CFC4E
:10A7D0000346002840F022810DF1280906AA4946C7
:10A7E0002846FEF763FA061EC0F21A8140F2FF37D0
:10A7F000C6F38928B84505D16FF0150420462FB05F
:10A80000BDE8F08F0DF1160307AA12A92846FEF73E
:10A810004DFA041E41DBC4F38923BB42ECD012A9DC
:10A82000484615F0B8FDAB6A1A93330DB3EB145FCD
:10A8300007464FEA14526CD1BDF8163000286DD08F
:10A84000022A48D1794A0DF1900A42EA8323CDF8D1
:10A8500000A0774A12A9284615F0CCFE0028C0F2C5
:10A86000A18052461CA9284615F090FF002840F010
:10A870009980219B33F47F0340F092800121284688
:10A8800015F0ECFD002840F08D801AAB8DF86E00BD
:10A89000ADF86C00AB62F7B946E0A11CAED1DDF8B3
:10A8A0001CA05046FDF7D0FD0028A7D012A94846AD
:10A8B00015F071FDAB6A5F491A93074650460AF0DE
:10A8C0000FFF1AF80030C3B92B6F8342C0F0AA8083
:10A8D000BDF81630BFB12A6B574B134043EA8823AB
:10A8E00043F09F4343F4E0032B630A9B6B63A21C7A
:10A8F0000B9BAB6319D1C34609E0330D022BE3D0A8
:10A900006FF013047AE79845F5D308F1010B0023A3
:10A9100011E0022AF4D16FF014046FE7984501D1D9
:10A9200000246BE7022A8DD00027BDF81620434B88
:10A93000C34643EA8223BDF81610414A249342EAF3
:10A9400081224FF0000ACDE9262A079A02928B0253
:10A95000104638490393CDF894A0360D0AF0C0FE96
:10A96000039B029A299236051E4343EA080343F0EB
:10A970008053064343F48013CDE92A3928969FB9C2
:10A980002E4B43EA8B232C9300232D9324AA0523DB
:10A9900012A9284616F0BEFB40B11A9BAB6201E03B
:10A9A0006FF02600044629E75346ECE7B7B12A6B5F
:10A9B000130D13F4E06F11D01F4BA8631340C5E9CA
:10A9C0000C301E4B43EA8823CDE9083008AA012346
:10A9D0004946284616F09EFB0028DED11A9BAB6242
:10A9E000A31C9DD0C4F30A54022C99D14FF0FF311F
:10A9F000284615F033FD044600287FF4FFAE12AA66
:10AA00001CA92846FEF77EFA044600287FF4F6AE1D
:10AA10001CAA12A92846FFF739FBC3E70446EDE656
:10AA20003446EBE66FF02304E8E600BF08000020A0
:10AA300000FC0F7082D30500FF0300800000F04F80
:10AA4000000010402DE9F047A6B006460191FFF73F
:10AA50003BFB044688B9B36A1C9301AA0DF10203BB
:10AA60001EA93046FEF722F9831C044609D1DDF801
:10AA700004804046FDF7E8FC40B9204626B0BDE81A
:10AA8000F0870028A8BF6FF01004F6E74149404660
:10AA90000AF026FE336F8342074677D3F36E3366A0
:10AAA00004AD2946304615F01DFF04460028E4D1C8
:10AAB0000DF1780CBCE80F000CAC0FC49CE80F0043
:10AAC00084E80F000DF1480A9DF84730002B54D15F
:10AAD000DFF8C490012302AA29463046CDE9029A44
:10AAE00016F018FB04460028C7D19DF88F300BB331
:10AAF0000121304615F0B2FC04460028BDD11CAB44
:10AB00008DF87600ADF87400B36214AA01230CA985
:10AB10003046CDE9149516F0FDFA1C9BB36204464D
:10AB20000028AAD14FF0FF31304615F097FC0446BB
:10AB30000028A2D1BDF80220184B43EA82231493C7
:10AB400000231593164B43EA8223CDE918359DF86F
:10AB50008F30002B104B47EA822718BF0023CDE926
:10AB60001A3547F40017042314AA1EA93046CDE96C
:10AB7000167816F0CFFA04467FE752460CA9304605
:10AB800015F004FE044600289ED076E76FF02304FB
:10AB900073E700BF82D3050008FC0F60000010407F
:10ABA00008000020F0B587B001F1080603920C46BA
:10ABB000002303AA31460546FEF778F800282ADB71
:10ABC000030D022B29D1C0F3892040F2FF339842B4
:10ABD00004AF15D12B6A04936B6A05933A4631464C
:10ABE000284615F0D3FDB0B9A368E362E368236398
:10ABF0000223A080A062A371AB6A2360AC620AE06A
:10AC0000074B084A009743EA80233146284615F04F
:10AC1000F1FC0028E2DA07B0F0BD6FF01300FAE7AC
:10AC20000800002000FC0F702DE9F0410C4615468D
:10AC300006464FF48472002128460AF0B7FBA36A47
:10AC400063B92846022300F8083B1A490AF0EAFCD7
:10AC5000A36A0133A3620120BDE8F081012B1DD05E
:10AC600004F1200804F10807A288A38B9A420AD1B4
:10AC7000E07F0028F0D042463946304615F086FD88
:10AC80000028E9D1A080A2882B4639463046FDF73E
:10AC9000EFFB48B9A3880133A380D9E728460223F4
:10ACA00000F8083B0449D1E7831CD5D1A3880133C0
:10ACB000A380D9E79F2A060023CE050030B50C4DAE
:10ACC0000A44914200D130BD11F8013B83EA0004EF
:10ACD00004F00F0455F8244084EA101080EA13139E
:10ACE00003F00F0355F8233083EA1010E9E700BFA3
:10ACF0003CA50500C02AF0B540D0B2F5807F3FD01A
:10AD0000802A40F0BB800A230360034600245209D6
:10AD100043F8044F01EB82028A4233D103680C2BC3
:10AD200035D00E2B63D00A2B26D1564D564900F153
:10AD3000A006426955F8044B8768C2F307237C409C
:10AD4000CB5C6340140E10300C5D83EA0443D4B234
:10AD50000C5D83EA0463C2F307440C5D83EA0423B9
:10AD600050F8044C836063400468C36063405A40F9
:10AD7000036142618642DCD10020F0BD0C23C3E7B1
:10AD80000E23C1E751F8044B43F8044FC4E73D4C90
:10AD90003D4900F1C005C26954F8046B8768C2F3ED
:10ADA00007237E40CB5C7340160E18308E5D83EA1D
:10ADB0000643D6B28E5D83EA0663C2F307468E5D14
:10ADC00083EA062350F80C6C8360734050F8086CDB
:10ADD000C360734050F8046C0361734006684361BC
:10ADE00073405A408361C2618542D4D1C4E7254D86
:10ADF000254900F1E006446A55F8042B8768C4F33E
:10AE000007237A40CB5C87695340220E20308A5C4E
:10AE100083EA0243E2B28A5C83EA0263C4F3074234
:10AE20008A5C83EA022350F8142C8360534050F864
:10AE3000102CC360534050F80C2C03615340DAB21D
:10AE400043618A5C7A401F0ECF5D82EA0762C3F3DA
:10AE50000727C3F30743CF5DCB5C82EA072282EA70
:10AE6000034350F8042C836153400268C36153408C
:10AE70005C40036244628642BDD17DE76FF01F00F3
:10AE80007BE700BF7CA505006D2206002DE9F04F91
:10AE9000C9B0044602A816460D4616F094FA0023DF
:10AEA00032466360294602A8FFF724FF06460028C1
:10AEB00062D1029F039B3548DFF8D4C0276004A904
:10AEC00003EB870301EB830251F82330A36053683F
:10AED000E36093682361D368636104F1180E103A4C
:10AEE0007B1E994671469046B9F1000F2CDD01F1A9
:10AEF0001004A8F1040B01945BF8044F250E1CF814
:10AF0000055050F825A0E5B21CF8055050F8255022
:10AF100085EA3A2AC4F30725C4F307441CF8055010
:10AF20001CF8044050F8255050F824408AEA356552
:10AF300085EA344541F8045B019CA142DCD109F16A
:10AF4000FF39A8F11008CFE76FF00F014B43002F36
:10AF5000CCBF1C46002402EB0400C3F10003D8BFA1
:10AF600000230EEB030112594EF8032043684B6097
:10AF700083688B60C368CB6002A84FF48C7102F0C9
:10AF800087FD304649B0BDE8F08F00BFA4A505009D
:10AF90006D2206002DE9F04F904644680E684D681A
:10AFA00000F1080202EB840352F824208C68C9687F
:10AFB00056405A6855409A685440DA6851400268D1
:10AFC0008DB04FEA620E03F13000CF4B0496059529
:10AFD000069407910EF1FF3E002250E906ACCDF831
:10AFE00000C050F810CCCDF804C050F80CCCCDF80F
:10AFF00008C050E9087B50F808CCCDF80CC0BEF171
:10B00000000F00F1200050F8249C00F3C5801AB115
:10B01000CDE90465CDE90641DDE90440DDE90665D9
:10B02000E1B22A0E53F8211053F8222081EA32218E
:10B03000C0F3072253F8222081EA3261C6F30742A7
:10B0400053F8222081EA3241220E794053F82270CF
:10B050000891C2B253F8222082EA3722C6F30727AA
:10B0600053F8277082EA3762C5F3074753F8277011
:10B0700082EA3742070EC0F3074053F827C053F85F
:10B080002000F7B2360E53F8277053F8266087EA8F
:10B090003C27C5F3072CEDB253F82CC053F82550CC
:10B0A00087EA3C67C4F3074CC4F3072485EA3625D6
:10B0B00053F8244053F82CC0009B019E85EA346469
:10B0C00084EA30405840040E904B0B901D5DCCB28A
:10B0D00082EA0B021C5D0992744084EA0564C2F3A3
:10B0E000072587EA3C475D5D87EA0A0784EA05246D
:10B0F000C7F307450A975D5D84EA054E0D0ECDF84E
:10B1000010E05E5DD5B25D5D029CC8F800E0654070
:10B1100085EA0665C7F30726039C9E5D85EA06253A
:10B12000C0F307469E5D85EA0645160EC2F3074248
:10B1300013F806C0C8F80450FEB23F0E9E5DDF5DF6
:10B140000595664086EA0C66C0F3072CC0B213F87A
:10B150000CC0185C86EA0C26C1F3074CC1F307212A
:10B1600080EA0900595C13F80CC09B5C80EA076018
:10B1700080EA012181EA034386EA0C4604A8C8F864
:10B180000860C8F80C3020210696079302F080FC76
:10B1900000200DB0BDE8F08F0A0E0EF1FF3E53F80F
:10B1A00022C0F2B253F822207A4082EA3C2CC5F346
:10B1B0000722EFB253F8222053F827708CEA326C42
:10B1C000C4F307428BEA070753F822208CEA324C7B
:10B1D000320E53F8222087EA3227C4F3072253F8AD
:10B1E000222087EA3267C1F3074253F8222087EA18
:10B1F00032472A0EC5F3074553F822B0E2B2240EB7
:10B2000053F8222053F824408AEA0202C1F3072AA5
:10B2100082EA3B2253F82AA082EA3A6AC6F307423E
:10B22000C9B253F8222053F821108AEA324B009A0F
:10B23000C6F307264A4082EA342153F82640019A91
:10B2400081EA346153F825405FFA8CF581EA344194
:10B250000C0E53F8256053F82440724082EA3426DD
:10B26000C7F30724FDB253F8244053F82550029A3F
:10B2700086EA3466CBF307446A4053F8244086EAF2
:10B2800034464FEA1C6453F8244082EA3425CBF359
:10B290000724039A53F8244085EA3465C1F3074430
:10B2A00053F8244085EA34453C0EC7F3074753F86A
:10B2B00024A05FFA8BF453F82440624082EA3A24D7
:10B2C000C1F3072A4FEA1B6253F82AA0C9B284EAE5
:10B2D0003A64CCF3074ACCF3072C53F82AA053F86E
:10B2E000222053F8211089EA010181EA322153F822
:10B2F0002C2081EA326153F8272084EA3A4481EA1B
:10B300003241012269E600BFA4A905006D220600B2
:10B310002DE9F04F904644680E684D6800F1080230
:10B3200002EB840352F824208C68C96856405A689E
:10B3300055409A685440DA68514002688DB04FEA2F
:10B34000620E03F13000CF4B0496059506940791E9
:10B350000EF1FF3E002250E906ACCDF800C050F8D7
:10B3600010CCCDF804C050F80CCCCDF808C050E992
:10B37000087B50F808CCCDF80CC0BEF1000F00F1EE
:10B38000200050F8249C00F3C5801AB1CDE9046573
:10B39000CDE906410598049E020EDDE9064553F805
:10B3A0002210F2B253F8222082EA3122C5F307219B
:10B3B00053F8211082EA3162C4F3074153F8211097
:10B3C00082EA31425740220E089753F82210C2B247
:10B3D00053F8222082EA3122C6F3072153F82110C4
:10B3E00082EA3162C5F3074153F8211082EA314203
:10B3F000290EEDB253F821C053F82550E1B2C4F341
:10B40000072453F8211053F8244081EA3C21C0F36B
:10B41000072CC0F3074053F82CC053F8200081EAF2
:10B420003C61C6F3074C360E53F82CC053F8266027
:10B43000009B85EA362585EA346482EA0B0284EAB9
:10B4400030405840140E904B019E1D5D0992FCB295
:10B4500081EA3C411C5D0B90744084EA0564C0F3B2
:10B46000072581EA0A015D5D0A9184EA0524C1F39A
:10B4700007455D5D84EA054E0D0ECDF810E05E5D7A
:10B48000D5B25D5D029CC8F800E0654085EA0665BE
:10B49000C7F30726039C9E5D85EA0625C0F3074691
:10B4A0009E5D85EA0645060EC0B213F806C0185C1C
:10B4B000C8F80450CEB2C1F307219E5D595C0595D2
:10B4C000664086EA0C66C2F3072CC2F3074213F803
:10B4D0000CC086EA0C26C7F3074C3F0E80EA090031
:10B4E000DF5D13F80CC09B5C80EA076080EA0121F5
:10B4F00081EA034386EA0C4604A8C8F80860C8F845
:10B500000C3020210696079302F0C2FA00200DB0FD
:10B51000BDE8F08F2A0E0EF1FF3E53F822C0F2B2C2
:10B5200053F822207A4082EA3C2CC1F30722EFB282
:10B5300053F8222053F827708CEA326CC4F3074288
:10B540008BEA070753F822208CEA324C220E53F87C
:10B55000222087EA3227C6F3072253F8222087EAFF
:10B560003267C1F3074253F8222087EA32470A0EB6
:10B57000C9B253F822B053F82110E2B2C4F3072441
:10B5800053F8222053F824408AEA0202C5F3072A1E
:10B5900082EA3B2253F82AA082EA3A6AC6F30742BB
:10B5A000360E53F8222053F826608AEA324B009A6E
:10B5B000C5F307454A4082EA362181EA346153F8EF
:10B5C0002540019A5FFA8CF581EA34413C0E53F82C
:10B5D000256053F82440724082EA3426C1F30724E0
:10B5E000FDB253F8244053F82550029A86EA346697
:10B5F000CBF307446A4053F8244086EA34464FEAC6
:10B600001B6453F8244082EA3425CCF30724039AC0
:10B6100053F8244085EA3465C1F3074453F82440C5
:10B6200085EA34450C0EC9B253F824A05FFA8BF4B6
:10B6300053F82440624082EA3A24C7F3072ACBF346
:10B64000072253F82AA084EA3A64CCF3074A4FEA67
:10B650001C6C53F82AA053F82CC053F8211053F84F
:10B66000222089EA0101C7F3074781EA3C2181EAE8
:10B67000326153F8272084EA3A4481EA32410122B8
:10B6800069E600BFA4A505006D21060070B586B06F
:10B69000CDE9043205460E461046002110221C4614
:10B6A00009F084FE04AB0393064B02930023CDE91B
:10B6B0000033FF22E3B23146284615F0DEFF06B024
:10B6C00070BD00BFCF14050030B5074C2568246855
:10B6D0006A40D2B2891A101A090A41EA102163405D
:10B6E00023EA0100C0B230BD7C6600202DE9F84F8E
:10B6F000DDF828B04FF0000A054688461646994600
:10B70000544657465F4516D2002319F807002028F3
:10B710000CD0ABEB0702012A11D00D280FD109EB99
:10B72000070252780A2A6CD10137EBE70137BB4593
:10B730004FF00103E9D1A4B93460002004E00A28E5
:10B74000F2D01BB16FF02B00BDE8F88F0206F9D4E0
:10B750003D2858D10AF1010ABAF1020FF2D801349A
:10B76000E2E704F007030622E40853435443073397
:10B77000A4EB0A0404EBD30465B144450AD809EBF1
:10B78000070B254A00272C46BA46B846D94505D1AD
:10B79000641BD1E734606FF02900D5E719F8010B7D
:10B7A000A0F10A03DBB2162B09D93D284FEA88180D
:10B7B0000CD016F049F8184A48EA000807E042FAA7
:10B7C00003F3DB07E2D54FEA8818F2E701370AF105
:10B7D000010ABAF1040FD9D14FEA1843012F23709F
:10B7E00003D901344FF0000AD0E74FEA1823637001
:10B7F00017B102340127F5E784F80280BA46033412
:10B80000C4E7002B9ED1BAF1000F9BD116F01CF8B3
:10B810000028A4DA96E700BFF6FFBFFF044B1B68C1
:10B82000584043085B4240421843C017704700BF6E
:10B830007C66002010B50B4C2268236842405940BA
:10B8400081EA0200C00FFFF7E9FF2368521A434064
:10B8500022EA030208401043BDE81040C00FFFF782
:10B86000DDBF00BF7C660020F8B50D4601462868A4
:10B870001746FFF7DFFF084B1E68C1430124BC4297
:10B8800002D346EA0100F8BD55F82400FFF7C6FFD1
:10B8900001340643F3E700BF7C6600202DE9F04742
:10B8A0000F4B88461E6819681D680746541E631CA6
:10B8B00002D13046BDE8F08758F824A057F824900C
:10B8C00050464946FFF7B6FF514605434846FFF745
:10B8D000B1FF20EA05031E430543013CE7E700BF33
:10B8E0007C6600208842F0B504D0094F043800255A
:10B8F000AA4200D1F0BD3E6850F8044F5E4024EAF1
:10B90000060451F825601E40344304600135EFE71A
:10B910007C6600202DE9F04F8DB01D46189B179FC7
:10B920001A9E0592B3F12A3F83468A4640F08D80E5
:10B930003946169815F0BCFF012838BF0120470989
:10B9400000F01F047B01502B4FF0010934BF4B4620
:10B9500003230A9309FA03F30B930A9B059805FA4C
:10B9600003F306EB8303069303EB8503079316F0BB
:10B97000CEF94FEA8508089042460021304609F08A
:10B9800015FD079BC6F800900393089B199ACDE913
:10B990000153059B009331462B46304606EB0809C0
:10B9A00016F0C6F9514642464846D0F7D9FE022362
:10B9B000494609930B9B099A934248D14246314626
:10B9C0005846D0F7CDFE4FF00009CA46079B0393B7
:10B9D000089BCDE90153059B00935A462B465946D7
:10B9E000584616F0A5F9002C47D1013F1F24169B9D
:10B9F00053F82730E34003F0010343EA49090A9B67
:10BA00000AF1010A534503D0002CDFD1002FDDD10C
:10BA1000189BB3F12A3F32D10698424609FB0861D0
:10BA2000D0F79EFE079B0393089B069ACDE901532E
:10BA3000059B009359462B46584616F079F9002C81
:10BA4000C1D1BFB90DB0BDE8F08F00247AE7079BE4
:10BA50000393089B01EB080ACDE90153059B009372
:10BA60004A462B46504616F063F9099B0133099369
:10BA700051469FE7A146A246A8E7013CB7E73146F9
:10BA80004FF0000A0A4B18681B68584080EA09000A
:10BA900080EA0A00FFF7C2FE2A46C3430698FFF772
:10BAA00021FF099B0AF1010A53454144EAD1B9E754
:10BAB0007C6600202DE9F04F85B0DFF88890039177
:10BAC0001C46064621461046D9F80030D9F8003009
:10BAD00015F0EEFEC51D272D4FEAD50325F007050D
:10BAE000904602938CBF4FF01E0A4FF0FA0A2D1AAF
:10BAF0000F9B0093029A0E9B2146304616F07DF96B
:10BB00000746C0B92A462146304615F07CFFBAF1F7
:10BB1000010A14D0224631460398FFF7A5FE2246BB
:10BB2000834641463046FFF7B9FED9F800200BEABC
:10BB300000039A42DCD0384605B0BDE8F08F6FF0C4
:10BB40000D07F8E77C660020044B1B68584043084B
:10BB50005B4240421843C017704700BF7C6600201C
:10BB6000054B1B68013143400132084022EA0302C1
:10BB70000243501E00B270477C6600202DE9F04F52
:10BB800099B083460F46184600211646039316F0D7
:10BB9000E4FB002800F08981784B149300240125F0
:10BBA00015AB039913933046CDE90B45CDE90D450F
:10BBB000CDE90F45CDE9114516F058FBA04228DA32
:10BBC000BBF1000F05D1E7B90024204619B0BDE84C
:10BBD000F08F2146584616F0B8FA04460028F2D0F5
:10BBE0000BA816F0D6F90DA816F0D3F90FA816F089
:10BBF000D0F911A816F0CDF90C2115A801F048FFD5
:10BC0000E3E73146384616F06BFA04460028E7D1E0
:10BC1000DAE731460BA816F063FA04460028DFD1B4
:10BC200003990DA816F05CFA04460028D8D1F188D3
:10BC3000ADF8385002310FA8ADF8305016F0B7F912
:10BC400004460028CCD101460FA816F07EFA04461F
:10BC50000028C5D1F18811A8023116F0A8F90446D0
:10BC60000028BDD10DA816F0AFFA00F01F001F2864
:10BC700073D0C0F11F0319460BA8019316F0D0FA38
:10BC800004460028ACD101990DA816F0C9FA044663
:10BC90000028A5D1BDF83250BDF83A80A5EB080ABE
:10BCA0004FEA4A1949460DA816F0BAFA0446002888
:10BCB00096D14FEA8A0A0DA90BA816F006FB0028B8
:10BCC0004DDA49460DA816F0C8FA0446002887D177
:10BCD00008F1FF3305939B0005F1FF3A069305F148
:10BCE000804508F18043023B013D9B00A5EB080520
:10BCF0000893AB000293059B9A4541D8BBF1000F16
:10BD00000DD00FA9584616F0EBF9002840F0C98075
:10BD1000039AB388928813FB02F3ABF80430002F28
:10BD20003FF45EAF01990BA816F097FA002840F097
:10BD3000B880B388ADF830300BA9384616F0D0F98A
:10BD40000146002840F0AF80384616F006FB002878
:10BD50007FF446AF0123BB8042E701949AE70F9A34
:10BD600052F80A300BA9013342F80A3008460DAAEE
:10BD700016F0D9FB044600289DD031E701000300EE
:10BD80000D9B069A04931344DDF82C900793049BB3
:10BD900059F82A109A580F9D4FEA8A08A8F104030F
:10BDA0000993029B91421D4476D2A8F1040000231E
:10BDB00059F80000D1F714FC002914BF4FF0FF33ED
:10BDC0000346BAF1010F2B6016BF09EB08030023ED
:10BDD00053F8083C1593A8F1040359F8033016935F
:10BDE00059F8083017932B68DDF8108001332B6069
:10BDF000089B98442B68013B2B60002111A816F08A
:10BE0000A4F900284DD1059B002B48D0D8F800207C
:10BE1000119B1A60079A12685A6011A92A6808468D
:10BE200016F022FC00283CD113A911A816F04DFAF7
:10BE30000028DFDC2A680DA911A816F015FC80BBCC
:10BE4000029B4FEAC308414611A816F0E9F940BB2E
:10BE50000BA9084611AA16F066FB014618BB0BA8F1
:10BE600016F07BFA002812DA0DA911A816F038F99D
:10BE7000B8B9414611A816F0D3F990B90BA911AA87
:10BE8000084616F04DFB60B92B68013B2B60029B06
:10BE90000AF1FF3A043B2DE74FF0FF3391E7059A93
:10BEA000B6E704469CE60C469AE66FF00B048CE677
:10BEB0000F4A104BC0E900230F4B8360A3F164636A
:10BEC000A3F5E333A3F5DF73C3600B6803614B682D
:10BED00043618B688361CB68C3610B6903624B6903
:10BEE00043628B698362CB69C3620020704700BFE5
:10BEF000657870616E642033322D6279B2F5807F8F
:10BF000008B501D0034808BD17F09AF80028FAD008
:10BF1000F8E700BF009FFFFFB2F5807F08B501D0B2
:10BF2000034808BDFFF7C4FF0028FAD0F8E700BFB8
:10BF3000009FFFFF08B516F0DCFF034B10F1510F17
:10BF400008BF184608BD00BF009FFFFFF0B50C4BAF
:10BF50000C4E0446586800B9F0BDC579C5F3840598
:10BF600056F825502D78A54208D1457905F00F07E0
:10BF7000B1EB871F02D1B2EB151FEDD00833E9E713
:10BF8000A4AD05000810002038B5044638B390F879
:10BF90004430012B11D1C56B4DB12B7A012B02D14D
:10BFA000686818F023FE0C21284617F011FE204681
:10BFB0004821BDE8384001F06BBD006C10B1242170
:10BFC00017F006FEE06B0028F1D02368044ADB7905
:10BFD000C3F3840352F82330DB699847E7E738BDA1
:10BFE0000810002038B505460C46A9B148220021AA
:10BFF00009F0DCF9E379094AC3F3840352F82330EA
:10C000009B6913B92C60002038BD9847E86300286D
:10C01000F8D1A0F5C340F7E70148F5E70810002084
:10C02000009FFFFF2DE9F0431E46DBB2012B87B0D6
:10C0300004468846154672D8D0F80090B9F1000F32
:10C040006DD090F84430012B39D1C76B18220021F4
:10C05000684609F0ABF96B0761D13B7A002B5ED1E2
:10C0600099F80620102A08D80D2A08D8023A052A7D
:10C0700005D92C4807B0BDE8F083263AF7E74FF41E
:10C080001053ADF800304FF4407302933B464146E5
:10C0900053F8042B0392EA1DD208684618F0A5FE57
:10C0A00010F1860FE5D028B18D301F4818BF6FF012
:10C0B0006F00DFE701233B7265602672DAE799F8CB
:10C0C000073003F00303012B06D899F8053003F07D
:10C0D0000F03B2EB831F22D165602672012EE06B45
:10C0E00099F80730114909D099F8052002F0F004B9
:10C0F000302C03D002F0E002402A0AD1C3F38403BB
:10C1000051F823301B692A46414607B0BDE8F04389
:10C110001847C3F3840351F823305B69F3E70448FD
:10C12000A8E700BF809FFFFF809EFFFF0810002050
:10C13000009FFFFF2DE9F74F15460268DDF83090AC
:10C1400004460F469A461AB9754803B0BDE8F08F09
:10C1500090F84420012A01D17248F6E70022C9F87C
:10C1600000200268002A00F0D680167916F01F061B
:10C1700000F0D180517901F0F001102915D1B542BC
:10C1800040F0CB80C9F8005002686749D279C2F309
:10C19000840251F8222090F908105568C06B3A4685
:10C1A000AC4603B0BDE8F04F604790794D2809D107
:10C1B000C9F80050E06B3A46294603B0BDE8F04F9D
:10C1C00016F083BF9F4208D1636A002BBCD1B5FB38
:10C1D000F6F306FB1353002BB6D1202940F08680DE
:10C1E00094F90830D4F824808BB9E268A6EB0803F0
:10C1F0008AB19D424BD808F114002A4639462044A2
:10C20000D0F7AEFA636A2B44636200209DE7012BEE
:10C2100003D1A6EB0803AB42EDD8B8F1000F39D13A
:10C22000002DF2D0B5FBF6F806FB1858B8F1000F58
:10C2300006D194F908301BB9E368002B18BFB0464B
:10C24000A5EB08054246791904F11400D0F788FAE5
:10C25000636A43446362002DD7D02368324ADB7996
:10C26000C3F3840352F82330CDE9007A2A469E684E
:10C2700094F90810E06B04F12803B04700287FF41C
:10C2800064AFD9F800302B44C9F80030BDE7B8F1ED
:10C29000000FC7D0A6EB080B08F114005A46394628
:10C2A0002044D0F75DFA23461F4953F8142BD27966
:10C2B000C2F3840251F82220CDE9003A936894F940
:10C2C0000810E06B9C46324604F12803E047002842
:10C2D0007FF43BAFD9F80030A8443344C9F80030AC
:10C2E000B24460625F44A8EB060599E770297FF4C9
:10C2F00033AFD3790C4AE06BC3F38403294652F879
:10C3000023303A46DE685346B04700287FF41DAF1D
:10C31000C9F8005079E7054817E7054815E700BF59
:10C32000009FFFFF809FFFFF08100020809CFFFF01
:10C33000809DFFFF70B50C230024CD5822462EBAF5
:10C3400042EA460212BAC250043B1A1DC5F3C01499
:10C35000F3D1084B1A680B7882EAD31253085B4278
:10C3600052421343DB17C27B03F087035340C3736E
:10C37000002070BD7C66002038B50546D0B1046849
:10C38000C4B1B9B10123FFF74DFE044698B92B683B
:10C3900083B19B79042B0BD8012B0BD924210120CD
:10C3A00001F082FB48B12864102101F071FB02E02A
:10C3B000242BF3D0024C204638BD024CFBE700BFD3
:10C3C000009FFFFF809EFFFF2DE9F04F0F4685B0D5
:10C3D00016468046002879D00368002B76D00029C5
:10C3E00074D0046C002C71D01D79206A05F01F05F3
:10C3F000F8B12A1AB2421CD210302044D0F7B0F95A
:10C4000004F110020023191DA9422CD923441A1B40
:10C41000954231D803AB00932A4623462146404635
:10C42000FFF788FEE0B9236A2062EA1A3344174412
:10C430005E1B05F1FF394FF0010A0DF10C0BB14401
:10C44000B9FBF5F9CA4538D34EB1206A10303246EF
:10C4500039462044D0F784F9236A3344236200200C
:10C4600005B0BDE8F08F52F8100C1368434042F855
:10C47000103C04320B46C6E71A7C19784A4003F890
:10C48000012BC4E7FA58E0584240E2500B46191D10
:10C490008D4204EB0302F5D2AB4210D3CDF800B0CD
:10C4A00023462A4621464046FFF744FE0028D7D1BE
:10C4B000761B2F440AF1010AC4E70023E7E7F85C82
:10C4C0001178414002F8011B0133E5E70048C7E756
:10C4D000009FFFFF2DE9F04F8B4691B0804600286A
:10C4E00000F0C2800368002B00F0BE80056C002DB8
:10C4F00000F0BA80002900F0B7800DF1100910217A
:10C5000048460DF1200A1C7901F0C2FA102150466C
:10C5100001F0BEFA10210CA801F0BAFAD8F80060B8
:10C5200004F01F0416B1367906F01F0603AF0CABFA
:10C530000097324619464046FFF7FCFD50B9102ED1
:10C5400008D10CA94846FFF7F5FE18B949465046F0
:10C55000FFF7F0FE10210CA801F09AFAD5F820C0E0
:10C56000A44505F110060FD349460CA800231A1D57
:10C57000A2425FD9A3421BD2F25C19F803104A40D1
:10C580000CA9CA540133F5E70CA9084600239C45C1
:10C590003BD9F25C00F8012B01339C42F7D8D4461A
:10C5A00000231A1DA24235D90CAA1A44A34239D33A
:10C5B0000CA90023281F1A1DA24245D9EA18A3423C
:10C5C0004AD300972B46224629464046FFF7B2FD44
:10C5D000074620B9224629465846D0F7C1F810210F
:10C5E000484601F055FA1021504601F051FA002357
:10C5F000102130462B6201F04BFA1021284601F041
:10C6000047FA384611B0BDE8F08F0CBF0122002276
:10C61000D201BFE708685CF8043B434041F8043BA3
:10C620001346BEE711781AF80300414002F8011BD7
:10C630000133BBE7AB1851F804CBDB6883EA0C038A
:10C6400040F8043B134692E7835851F804CB83EA41
:10C650000C0383501346AEE70CA81178C05C414030
:10C6600002F8011B0133AAE7004FCAE7009FFFFF52
:10C67000F0B5114C059F24684440002B14BF9C4624
:10C680008C46E443002303F1040E774502D2BB42FB
:10C6900009D3F0BDD5585CF803600540264035430A
:10C6A000CD507346EFE7D55C1CF80360054026408B
:10C6B0003543CD540133EAE77C660020F0B58BB0FA
:10C6C000044604A817461E460D4617F002F900233B
:10C6D0000293119B0193109B009320463B463246E8
:10C6E00004A901F0E9F8044640B904A817F09DF93F
:10C6F00050B904A9284615F0F3FC044604A817F025
:10C7000025F920460BB0F0BD004CF7E780B0FFFFE5
:10C71000002370B50370061D012383704170044629
:10C7200030460D4617F0E3F804F1640015F02CFCD8
:10C7300004F16C0017F0CDF804F1840017F0C9F88B
:10C7400004F19C0015F020FC2946304600F0EAF97F
:10C75000024B002818BF184670BD00BF80B1FFFF14
:10C76000012A70B504460D46164601D9134870BD1E
:10C770004378097883B9FFF7CBFF0028F7D1A37876
:10C78000012BF3D1012E05F1680108D104F18400D9
:10C79000BDE8704017F01FB98B42F0D0E6E704F116
:10C7A0006C0017F018F90028E1D105F1600104F1DF
:10C7B0006400BDE8704015F093BC00BF80B0FFFF7F
:10C7C0002DE9F7430D46817801291746994604461D
:10C7D000DDE90A3203D01B4803B0BDE8F083016CE9
:10C7E00000F104080029F6D000F19C06CDE90032E2
:10C7F000314600F1640300F184024046FFF75EFF1A
:10C800000028E9D1304615F0E3FC8145E3D3226CE2
:10C8100012F0070318BF012303EBD2032B6040463D
:10C8200017F04EF802282A683946304604D103B082
:10C83000BDE8F04315F0E8BC03B0BDE8F04315F0E7
:10C84000E9BC00BF80B0FFFF2DE9F04F9846436B75
:10C8500093B005460F461446002B00F0B580012129
:10C86000404615F07AFD002804DA5849084613B00E
:10C87000BDE8F08F05F134063146404615F025FD40
:10C880000028F2DA0CA817F024F806A815F07CFBB3
:10C8900008A815F079FB0AA815F076FB4FF00C09F3
:10C8A00005F11C0BB9F1010900F08C804FF00C0A66
:10C8B000BAF1010A00F0868006A9DDE91E232846A8
:10C8C00001F006F8014600286DD1219B0193209BC1
:10C8D000029000930CA95B4606AA284600F0ECFFE4
:10C8E000014600285FD10CA93246384615F0EDFE0E
:10C8F0000146002857D1384615F02FFD0028D7D023
:10C9000008A9DDE91C23284616F027FD014600286A
:10C9100049D10AA9DDE92023284600F0D9FF0146C4
:10C92000002840D139464246204615F030FE0146E7
:10C93000002838D108A90846224615F0F1FD014625
:10C9400088BB08A908460AAA15F021FE014650BB7B
:10C9500006A908460AAA15F01AFE014618BB06A940
:10C960000846324615F0B1FE0146E0B906A9324646
:10C97000204616F06CF80146A8B9214608AA2046C0
:10C9800015F005FE014670B921463246204615F0E5
:10C990009CFE014638B90590204615F0DEFC05994D
:10C9A00000283FF47FAF0CA8059116F0CFFF06A832
:10C9B00015F0EFFA08A815F0ECFA0AA815F0E9FA54
:10C9C000059953E70249EEE702494FE780B3FFFFBD
:10C9D00000B3FFFF80B0FFFF2DE9F04792B005469E
:10C9E0000CA898460C469246DDE91A6916F071FFCC
:10C9F00004A815F0C9FA06A815F0C6FA08A815F09B
:10CA0000C3FA0AA815F0C0FA6B6B002B00F0848003
:10CA10000121304615F0A1FC002813DB05F1340795
:10CA20003946304615F051FC00280BDA0121484602
:10CA300015F093FC002805DB3946484615F045FC07
:10CA4000002813DB354C0CA816F080FF04A815F065
:10CA5000A0FA06A815F09DFA08A815F09AFA0AA8F7
:10CA600015F097FA204612B0BDE8F08722465346EB
:10CA700004A9284616F071FC04460028E3D13A4682
:10CA8000494606A815F0E3FF04460028DBD106AAB4
:10CA900004A908A815F07BFD04460028D3D108A9F5
:10CAA0003A46084615F011FE04460028CBD106AAE6
:10CAB00031460AA815F06BFD04460028C3D10DF1DC
:10CAC00028093A464946484615F0FFFD0446002825
:10CAD000B9D1CDE90180CDF8009005F11C0308AA79
:10CAE0000CA9284600F0A8FE04460028ABD10CA8EB
:10CAF00016F09BFF0028A5D10CA93A46084615F070
:10CB0000E4FD044600289ED131460CA815F0DDFB5B
:10CB10000446002897D095E7014CA3E700B2FFFF39
:10CB200080B0FFFF38B504460D4616F013FF2046CF
:10CB300016F0DDFE032D257005D0042D28D000232E
:10CB40002348237023E0234B234AA3606260A36140
:10CB5000224AA3632362A362214B62616362214A7A
:10CB600062634FF00113204A2363204BE362E261CA
:10CB7000201D15F029FBE06304F1340015F024FBBF
:10CB80001B4B2064012200206264A365E06538BD70
:10CB9000184B194AA3606260A361184AA363236219
:10CBA000A362174B62616362164A62634FF001131E
:10CBB000154A23630D4BE362E261201D15F004FB6F
:10CBC000E06304F1340015F0FFFA104BD9E700BF21
:10CBD00080B1FFFF010008007CC405005CC40500B3
:10CBE0001CC40500FCC305003CC405009CC4050032
:10CBF0007CBE050001000C004CBE05001CBE0500FB
:10CC0000BCBD05008CBD0500ECBD05008CAE05006B
:10CC100070B50C460646114620461A4615F0B7FC7C
:10CC20000546A0B9B36C33B9321D21462046BDE894
:10CC3000704015F04ABDB4F90430002B09DB2046E2
:10CC400015F0C2FAF36BB0EB430F09D9184D284623
:10CC500070BD0146204615F080FB0028EFD0F5E7B7
:10CC6000B36C2046984705460028F0D10436B4F945
:10CC70000430002B04DA0021204615F06EFB68B961
:10CC80003146204615F021FB0028E0DB32462146E4
:10CC9000204615F0C3FB0028F2D006E032462146BC
:10CCA000204615F03DFC0028E1D00546CFE700BF47
:10CCB00080B0FFFF2DE9F04F012A85B080460E4677
:10CCC000914605D8096805B0BDE8F04F16F0A7BB3E
:10CCD0000821104600F0E8FE0746002800F0AA8070
:10CCE00002A815F051F94946384616F080FB316824
:10CCF0003846103115F0F4F90446002846D1B24602
:10CD000007F108014FEAC90507EBC90B5AF8043FC0
:10CD100001911033A1F108024046FFF779FF044664
:10CD2000A0BB019908318B45F0D1A5F10801394428
:10CD300008F10402084615F08AFE044630BB103D97
:10CD400009F1FF3A06EB89063D44BAF1000F2BD0FA
:10CD500005F1080B2B465A4602A94046FFF758FF3B
:10CD6000044698B956F8043C5A46103329464046C2
:10CD7000FFF74EFF044648B956F8042C083202ABC0
:10CD800011464046FFF744FF044690B102A815F053
:10CD900000F93846494616F036FB384600F08AFE60
:10CDA000204605B0BDE8F08F394602A815F098F985
:10CDB000E0E702AB1A4619464046FFF729FF044652
:10CDC0000028E3D156F8042C02AB11464046FFF789
:10CDD0001FFF04460028D9D156F8042C083202ABB4
:10CDE00011464046FFF714FF04460028CED1B8F89C
:10CDF0000A1056F8040C15F042F904460028C5D173
:10CE000056F8040CB8F80A10083015F038F9044642
:10CE10000028BBD156F8040D0121103015F095F90A
:10CE200004460028B2D1083DBAF1000FAED00AF195
:10CE3000FF3A8AE7004CB3E780B2FFFFF0B585B058
:10CE400014461F46054602A80E4615F09DF82346D7
:10CE500000972A1D022102A815F0DBFD044648BBFD
:10CE600006F1100202AB11462846FFF7D1FE044638
:10CE700000BB06F1080702AB3A4639462846FFF7E1
:10CE8000C7FE0446B0B902AB1A4619462846FFF75A
:10CE9000BFFE044670B902AB324631462846FFF762
:10CEA000B7FE044630B902AB3A4639462846FFF78A
:10CEB000AFFE044602A815F06CF8034814F10E0FFB
:10CEC00018BF204605B0F0BD00B3FFFF024604487E
:10CED00003780BB9184670479342FCD00C30F7E743
:10CEE000A0C405002DE9F14F9A461B690A9D04462E
:10CEF0000E4691461BB9724801B0BDE8F08F02F1B1
:10CF000010070021384615F028FA30B9514630464E
:10CF100001B0BDE8F04F16F05EBD0AF11008002127
:10CF2000404615F01AFA08B94946F0E70121404693
:10CF300015F013FA0028DED13B463A462946204632
:10CF4000FFF766FE0028D7D105F108083B462A46C0
:10CF500041462046FFF75CFE0028CDD153462A46C5
:10CF600029462046FFF754FE0028C5D10AF10803E0
:10CF7000424641462046FFF74BFE0028BCD14B46B7
:10CF80002A462946204616F0ECFA0028B4D109F1C9
:10CF9000080B5B4642464146204616F0E2FA00285E
:10CFA000AAD10021284615F0D8F9014690B940468B
:10CFB00015F0D3F940B92B464A463146204601B018
:10CFC000BDE8F04F16F076BB304601B0BDE8F04F3B
:10CFD00016F017BD2B463A4606F110012046FFF722
:10CFE00017FE002888D105F110072B462A4639463E
:10CFF0002046FFF70DFE00287FF47EAF05F1180AEA
:10D000002B463A4651462046FFF702FE00287FF4A1
:10D0100073AF4B463A4639462046FFF7F9FD0028E4
:10D020007FF46AAF3946284615F05AF800287FF495
:10D0300063AF2946204616F0F0FA00287FF45CAF73
:10D040004346424631462046FFF7E2FD00287FF482
:10D0500053AF2B4632463146204616F082FA00285E
:10D060007FF44AAF534632463146204616F079FAED
:10D0700000287FF441AF33463A463946204616F041
:10D0800070FA00287FF438AF43463A4639462046C6
:10D09000FFF7BEFD00287FF42FAF5B465246514696
:10D0A0002046FFF7B5FD00287FF426AF53463A46E9
:10D0B00006F10801204601B0BDE8F04F16F051BA64
:10D0C00080B0FFFF2DE9F047012ADDE908498246DB
:10D0D0000E4690461F4644D8043015F079F80546B0
:10D0E000504616F0EDFB012882463CD1002106F1A6
:10D0F000100015F032F948B9B9F1000F02D11B4800
:10D10000BDE8F0872070C7F800A0F9E7B8F1000F7C
:10D1100017D16B0001334B453B60F0D82146042307
:10D1200001F8013B2A46304615F074F80028E7D193
:10D13000691C2A46214406F10800BDE8F04715F0B5
:10D1400069B86B1C4B453B60D9D8002106F108003B
:10D1500015F017F82146023001F8010B2A46304637
:10D16000EBE70348CCE70348CAE700BF00B1FFFF85
:10D1700080B0FFFF80B1FFFF2DE9F04F87B00D4673
:10D18000039090461E4623B9464C204607B0BDE8A2
:10D19000F08F039B1F1D384615F01AF8814603983F
:10D1A00016F08EFB0128824641D198F800303BB939
:10D1B000012EE9D1284607B0BDE8F04F16F021BC9A
:10D1C00009F1010BB345DFD84A4608F101012846B1
:10D1D00015F004F804460028D7D1514605F1100097
:10D1E00014F0B3FF04460028CFD198F800A0BAF19C
:10D1F000040F0ED14FEA49020132B242C4D14A466D
:10D2000008EB0B0105F1080007B0BDE8F04F14F082
:10D21000E5BFAAF10202012AB6D8B345B4D101464E
:10D22000384614F0AEFF012805F1080601D01E4C67
:10D23000ABE70121384614F0A4FF01288046F6D15F
:10D2400004A814F0A1FE03982A46314616F0F4F91A
:10D25000044618BB4246394604A815F068F904464E
:10D26000E0B9022104A814F0F8FF0446B0B9009018
:10D270003B4604AA3146304615F046FB044668B9E1
:10D280000146304614F07DFF0AF0010A824505D0C0
:10D2900032463946304615F046F9044604A814F0E3
:10D2A00078FE72E780B0FFFF80B1FFFFF0B50D465A
:10D2B00085B00646012105F1100015F04EF8044630
:10D2C00050B9304616F0FCFA012842D121462846D2
:10D2D00015F043F8002801DA1F4C37E005F1080784
:10D2E0002146384615F039F80028F5DB341D214673
:10D2F000284614F0EAFF0028EEDA2146384614F0FA
:10D30000E4FF0028E8DA684614F03EFE02A814F0B4
:10D310003BFE3B463A4669463046FFF779FC0446F9
:10D3200070B92A4602A9304616F086F9044638B983
:10D3300002A9684614F0C9FF074B041E18BF1C461B
:10D34000684614F026FE02A814F023FE204605B01D
:10D35000F0BD024CFAE700BF80B3FFFF80B0FFFFD3
:10D3600038B5054616F0ACFA01280C4601460DD139
:10D37000204614F0F2FF002806DB05F134012046B8
:10D3800014F0A3FF002803DB024838BD0248FCE785
:10D390000020FAE780B3FFFF80B0FFFF2DE9F04FD8
:10D3A000CBB005460391114607929A46FFF7D8FF86
:10D3B0000446002840F0348251462846FFF776FFA5
:10D3C0000446002840F02C82284616F079FA0128FD
:10D3D000814640F02B8205F124010AF1080014F087
:10D3E00074FF0690002853D02E6CB6F5C07FC0F0B5
:10D3F00093800336B60806944FF008080423CDE95D
:10D4000004834FF0030B0498182100F04DFB0746EE
:10D41000002800F009820024182303FB0470013463
:10D4200016F057FAE2B242454FF01803F5D31C222A
:10D43000002111A807F0BAFF042119A815F0D7FFA1
:10D440005146384616F0C7FA0446E0B906FB0BFB16
:10D450008246DA4562D111AB0893184600220123B7
:10D4600003EB43015B00DBB207EBC101434540F82E
:10D47000041B02F10102F3D311A92846FFF71AFC9D
:10D48000044600287CD0042119A815F0BCFF5DE0FB
:10D4900005F11C01504614F018FF2B6C1E4640BBD2
:10D4A000B3F5C07FAA6D2AD39AB1EB6D8BB34C460E
:10D4B000042303F1FF3B012202FA0BF20492013E26
:10D4C0001E449DF810800593B6FBF3F654B90694FC
:10D4D00099E703339E084FF008080423CDE904833D
:10D4E0004FF0030BAF6D002F40F0978001230693A0
:10D4F00089E7B3F5C07F0FD303339E087CE752B1B1
:10D50000EB6D43B9042301330124B34228BF022346
:10D51000CFE70523F7E74C460423F6E70123BAFBE0
:10D52000F6F18B40DBB2182206FB11A102FB03725D
:10D53000A1B119AB1146284616F0BCF80446E0B17B
:10D54000042119A815F05FFF002C61D0AB6D9F423C
:10D5500040F05681039816F0F9F961E103F0FE01FD
:10D5600001EB5301104607EBC101089216F033FAA4
:10D57000089A04460028DCD0E2E70AF1010A68E7CD
:10D580000FFA89FA0AEB4A0ACB4607EBCA03DA46D6
:10D590000BF1FF3BBAF1000F2AD14FEA49095FFABC
:10D5A00089F9C145ECD3049B182107F1180201FB4E
:10D5B0000371089B43F8042B18328A420893F8D170
:10D5C000049B11A95A1E2846FFF774FB0446002845
:10D5D0007FF459AF07F1100948460AF1010A14F027
:10D5E000D8FC5FFA8AF2424509F11809F4D3A7E79B
:10D5F000182202FB0BF119AA009228467A18194446
:10D600000993FFF76FFC099B04460028BFD097E7FA
:10D61000069B13B1049BAF65EB6511A814F0B4FC35
:10D6200005F1340A0BA814F0AFFC0021504614F0A9
:10D63000A8FD012840F08C800021079814F0A1FD7E
:10D640000799814611A814F04BFD044630B10BA890
:10D6500014F09FFC11A814F09CFC77E7079A514640
:10D660000BA814F060FF04460028F0D1B9FA89F93C
:10D670004FEA59194A460BA911A814F0BCFC0446FC
:10D680000028E4D10146721C19A807F08FFE0DF1A5
:10D69000640AD346B44227D100220124B4423BD9C4
:10D6A0000BA80DF1440A14F074FC504614F071FC00
:10D6B0000BA816F00EF90421504615F098FE06F559
:10D6C00094736B44039913F8C43C00933A46434661
:10D6D000284615F00CFF044600283BD00BA815F097
:10D6E0008EFF04215046D0E62146002311A8069360
:10D6F000049114F046FD069B9BF800200499984085
:10D7000002438BF80020059A013393423144EDD156
:10D7100001340BF1010BBDE79AF801009AF80030D3
:10D7200080EA020C6FEA0C0101F0010113FB01F326
:10D73000104003EA0C0283EA0C030AF8013F1AF8CE
:10D74000013C43EAC11302430AF8013C0134A5E756
:10D75000374CFBE6549B43B1DDE95423039928463B
:10D76000FFF76CFB04460028B8D10DF1640B0EB92D
:10D7700034461EE0039A53461146284615F09AFF98
:10D78000013E0446A8B916F80B3000933A464346CA
:10D790000BA9284615F0ABFE044650B9039ACDF804
:10D7A00000A00BAB11462846FFF79CFB044600285F
:10D7B000DDD00BA815F023FF042111A815F023FEDE
:10D7C000002C7FF4C3AE03994A46284615F06BFE41
:10D7D000044600287FF4BAAE549B4BB1DDE95423D4
:10D7E00003992846FFF72AFB044600287FF4AEAED3
:10D7F0000399284615F013FEAB6D9F4204460CD0EA
:10D800000025182606FB0570013516F09FF8EBB2CF
:10D810004345F7D3384600F04DF9002C7FF49AAE1B
:10D8200020464BB0BDE8F08F024C93E6004CF7E782
:10D8300080B0FFFF80B2FFFF2DE9F04190B00546B8
:10D84000984616F03DF801280E46144630D102A83D
:10D8500008AF16F03EF80421384615F0C8FD224600
:10D86000434602A9284616F0E9F80446A8B9DDE9BE
:10D8700016233146284616F0E1F8044668B90097A9
:10D88000334602AA31462846FFF72CFB044620B94E
:10D890003146284615F0C3FD04463846042115F0EC
:10D8A000B2FD02A815F0ABFE204610B0BDE8F08135
:10D8B000004CF9E780B1FFFF10B4019C14B110BC1B
:10D8C000FFF76CBD014810BC704700BF80B0FFFF80
:10D8D00073B505461E4615F0F3FF01280C460146B8
:10D8E0000ED11346009605F13402204615F091F84A
:10D8F000044B10F10E0F18BF0346184602B070BD5E
:10D90000014BFAE700B3FFFF80B0FFFF2DE9F041C4
:10D910000D460146284617469846FFF703F9044688
:10D92000B0B9284615F0CCFF012805F1600612D1E8
:10D9300042463946304614F051FC044628B9314677
:10D940002846FFF70DFD044610B1304614F021FBC8
:10D950002046BDE8F081014CF7E700BF80B1FFFF32
:10D9600070B5066C0736B3EBD60F0D46044611466C
:10D970004FEAD60203D200230A482B6070BD2A600A
:10D98000B0F866304BB115F09BFF012807D104F1C8
:10D990006000BDE8704014F03DBC0348EEE76FF056
:10D9A0006D00EBE700B1FFFF80B0FFFF092804D056
:10D9B0000A28034818BF002070470248704700BF7C
:10D9C000E4230600E623060038B5094C0546206826
:10D9D00010B90446204638BD6B6862689A4204D18B
:10D9E000A96807F033FC0028F4D01434EFE700BF37
:10D9F00050C5050070B50E46054610B1094C2068AB
:10DA000010B96FF02D0070BD6B6862689A4203D147
:10DA1000A96807F01BFC08B11434F0E723693360F0
:10DA2000F1E700BF8CC5050070B50E46054610B184
:10DA3000094C206810B96FF02D0070BD6B686268EA
:10DA40009A4203D1A96807F001FC08B11434F0E749
:10DA5000237C3370F1E700BF00C5050070B50E46AA
:10DA6000054610B1094C206810B96FF02D0070BD4B
:10DA70006B6862689A4203D1A96807F0E7FB08B1B6
:10DA80001434F0E7237C3370F1E700BFC4C4050011
:10DA900010B50A46044619B1024B00211B6898478D
:10DAA00010BD00BF14100020014B1B68184700BFB9
:10DAB0001C100020014B1B68184700BF18100020E5
:10DAC00038B50B68114A23F0704303604B6813406C
:10DAD00043608B6813408360CB681340C3600B695D
:10DAE00003614B6943618B698361CB69C361002525
:10DAF00004460563C0E90855C0E90A5510213430D1
:10DB0000FFF7C6FF6564284638BD00BFFCFFFF0F66
:10DB100000F19903142B1AD8DFE803F0171719192D
:10DB200019191917191919191319191B150B0F0D93
:10DB3000110009487047094870470948704709486B
:10DB4000704709487047094870470948704716F000
:10DB50004BBA0848704700BF00C3FFFF80C6FFFFF5
:10DB600080C5FFFF00C1FFFF80C0FFFF80C1FFFF36
:10DB700000C2FFFF80C7FFFF03460846C1B9C3E9E3
:10DB800010110D4A0D49DFF838C0C3E912120D4AD1
:10DB90000D49C3E914C20D4AC3E916120C4A1A66AC
:10DBA00002F17452A2F52302A2F692425A6670471D
:10DBB0006FF07300704700BF85AE67BB67E6096A08
:10DBC00072F36E3C3AF54FA57F520E518C68059B5F
:10DBD000ABD9831F2DE9F04FCFB00446039100F17C
:10DBE000480346AD00F16806186859682A4603C222
:10DBF0000833B3421546F7D1DDE94883DDE94B969A
:10DC0000DDE946150193DDF834B13E4B4A980293A5
:10DC100004AA4FF0000CBCF10F0F5BD8039B53F824
:10DC20002C301BBA4FEAF02E86EA0907DDF808A06F
:10DC300093608EEAB01E07408EEA706E774077449C
:10DC40005AF804EBCDF808A077443B4445EA010EAE
:10DC50004FEA713787EAB1070EEA080E05EA010AB2
:10DC60004EEA0A0E87EAB15777440CF1010CDDF851
:10DC700004E0CDF804805B44BCF1400F9E4402F107
:10DC800004023B44B3461ED1CDE94C96CDE94AE0AF
:10DC9000CDE94858CDE94631CDE9043745A904F12D
:10DCA0004403643453F8042F51F8040FA342024490
:10DCB0001A60F7D104A84FF49471FFF7E9FE002031
:10DCC0004FB0BDE8F08FA8464E460D468146194636
:10DCD0007046A0E7136852F834AC52F8387C4FEA2B
:10DCE000F34E8EEA734E8EEA932E52F8143C3B4468
:10DCF0004FEABA4787EAFA17734487EADA073B44E0
:10DD000090E700BF40C605002DE9F04FADF5437D1B
:10DD100002460D900B461032B2AD00F1500610686D
:10DD200051682C4603C40832B2422546F7D1194641
:10DD300001F1800410AB48680A6800BA43F8080F84
:10DD4000083112BA8C425A60F5D112A81025D0E9D8
:10DD50001C47E30CFA0C4FEAC70E4FEAC4084EEA20
:10DD6000547E43EA473342EA443248EA5778A409EA
:10DD7000844682EA0E0244EA876483EA0803634029
:10DD800082EA9712DCE91247DCE900ECD0E90216DE
:10DD900014EB0E0447EB0C071B1942EB07024C086F
:10DDA0004FEA112E77084FEA162C47EAC1774CEA62
:10DDB000016C44EAC6744EEA066EC90984EA0E0490
:10DDC00041EA4661614087EA0C075B1887EAD6148E
:10DDD00005F1010542EB04020830502DC0E91E3266
:10DDE000B5D1BE9B0693BF9B0793BC9B0893BD9B7D
:10DDF0000993B29B0193B39B0293B49B0393DDE918
:10DE0000C0ABB59B0493DDE9BA20DDE9B689B89BC8
:10DE1000DDF8E4C2DFF808E005930EAB02E000BFD6
:10DE2000F8800500940B44EA8047840B44EA82465C
:10DE3000840C44EA8234950C45EA80356640C4057A
:10DE400044EA52246F40D50545EA50256640D3E99F
:10DE500004146F40DEF800506D18DEF8041041EB3A
:10DE600004047D190699099F46EB0404089E4E4060
:10DE700007994F40069916404E40079907404F407A
:10DE8000AD19059944EB070415EB0A054BEB0404A7
:10DE90006918059144EB0C010A910199DDF804C061
:10DEA000DDF808A00F0F029947EA01170E0F01993C
:10DEB00046EA01160299890741EA9C014FEA8C7CE7
:10DEC0004CEA9A0C4E40019987EA0C074FEA4A6CDB
:10DED0004CEAD11C490641EADA117940491986EA2F
:10DEE0000C0644EB0606039D019C049FDDF80CC064
:10DEF0002C4355463D43019F07EA0C0C5746DDF87D
:10DF000010A004EA080407EA0A0744EA0C0405EA38
:10DF1000090511EB040A45EA070546EB050BDEE9A6
:10DF20000216D3E906544919069D46EB0404491923
:10DF3000079D45EB0404089D059F82EA0506099D9F
:10DF40003E400A9F45403D40089F7E40099F8919F9
:10DF500085EA070544EB0504059D0A9E0691AD0B75
:10DF600045EA8645B70B059E059947EA86474FEA7D
:10DF7000964C0A9E4CEA863CB60C46EA81367740BF
:10DF80000A9EF60585EA0C0546EA51264FEAC15C71
:10DF90000A994CEA512C069985EA0C054D1986EA36
:10DFA000070644EB060615EB0801069146EB09014E
:10DFB00007914FEA1B744FEA8B7141EA9A014FEACD
:10DFC0001A7744EA0A144FEA8A7C4CEA9B0C47EA27
:10DFD0000B174C404FEA4A6187EA0C0741EADB1114
:10DFE00079404FEA4B6C4D194CEADA1C0199039FBA
:10DFF00084EA0C0446EB04044AEA0101029E39401B
:10E00000049F4BEA06063E40019F0AEA070C029F66
:10E0100041EA0C010BEA070715EB010846EA07067F
:10E0200044EB0609D3E90856DEE904144919089DB2
:10E03000069F44EB06044919099D45EB0404059D20
:10E0400082EA05060A9D3E40079F454056403D40F6
:10E05000891985EA000544EB0504069D069E089192
:10E06000AD0B45EA8745BF0B47EA86474FEA964C1A
:10E07000079E06994CEA863CB60C46EA8136774004
:10E08000079EF60585EA0C0546EA51264FEAC15C73
:10E0900007994CEA512C089985EA0C054D1903990A
:10E0A00086EA070644EB060649190891049941EBF4
:10E0B000060109914FEA19744FEA897141EA980102
:10E0C0004FEA187744EA08144FEA887C4CEA990C26
:10E0D00047EA09174C404FEA486187EA0C0741EAD2
:10E0E000D91179404FEA496C019F4D194CEAD81C6F
:10E0F0004AEA080184EA0C0401EA0701029F46EBA0
:10E1000004040AEA080C4BEA09063E4041EA0C0105
:10E110000BEA0907691846EA0706039144EB060172
:10E120000491D3E90A54DEE90616491946EB0404C2
:10E13000891840EB0404DDE90520079D50400A9A48
:10E140006A40089D2840099D2A40059D68400A9D17
:10E15000091882EA050244EB0204089A0998920B16
:10E1600042EA8042850B089845EA8045860C09986A
:10E17000089F46EA8036800C40EA8730454009987F
:10E18000C005724040EA5720FE05099F46EA57261F
:10E1900072408A180199039E049F80EA050044EBAF
:10E1A000000089180B91029941EB00010C91039931
:10E1B0000D0F049945EA01150C0F039944EA011467
:10E1C0000499890741EA9601B60746EA97064C404A
:10E1D000039975407E0646EAD116490641EAD711F1
:10E1E00069408A180399039D84EA060448EA0101FC
:10E1F00040EB040408EA050649EA070001EA0A01BF
:10E2000009EA0705314300EA0B00521840EA05000D
:10E21000019244EB00020292D3E90C01DEE90824EA
:10E2200012180598099D44EB010112180A98089CE0
:10E2300040EB010106984440079868400B9D2C4034
:10E240000C9D2840069D6C40079D0B9F121980EA8B
:10E25000050041EB00010B98850B0C9845EA8045C1
:10E26000840B0B9844EA8044860C0C9846EA80366E
:10E27000800C40EA873044400C987540C60546EA59
:10E280005726F8050C9F40EA57206840101884EA8A
:10E290000604019A019D029E41EB04040299120FAB
:10E2A00042EA01124FEA117C01994CEA011C0299E1
:10E2B000890741EA9501AD0745EA96058CEA010C0C
:10E2C00001996A40750645EAD115490641EAD61119
:10E2D0001AEB000A81EA02014BEB040B039A0918BE
:10E2E00001988CEA050C44EB0C0C019D42EA0004F9
:10E2F0000398049A2840049D04EA080432433540F8
:10E3000002EA09022043091842EA05024CEB020C1A
:10E31000D3E90E40DEE90A2505910699121945EB6D
:10E320000000521807990B9C41EB0000089981EA04
:10E330000405099981EA0704089905EA0A054D4090
:10E34000099904EA0B044C40521940EB04004FEACF
:10E350009B454FEA9B3445EA8A354FEA9A3644EAB0
:10E360008A444FEA9A4747EA8B376C4046EA8B4625
:10E370004FEACA557E4045EA5B254FEACB577540C8
:10E3800047EA5A27521984EA070440EB040018EBC5
:10E390000201069149EB0001079105994FEA1C75AE
:10E3A0004FEA8C7444EA91040E0F45EA01158F0779
:10E3B00047EA9C07654046EA0C164C067E4044EA54
:10E3C000DC144FEA4C6747EAD1177440A21885EA7B
:10E3D000070540EB050501990598059C41EA0006F3
:10E3E000029941EA0C0003990E40049908400199F2
:10E3F0000C400299344301EA0C0712EB040840EA8E
:10E40000070045EB0009D3E91045DEE90C20089927
:10E41000121940EB05005218099941EB00000B99C5
:10E4200081EA0A050C9981EA0B0406990D400799C7
:10E430000C400B994D400C994C400699521940EBF9
:10E4400004008C0B079944EA81448E0B069946EA36
:10E4500081468F0C079947EA81378D0C069945EA6A
:10E46000813507996E40CD0506997C4045EA5125D6
:10E47000CF05079947EA51277C401419039A01995F
:10E4800085EA060540EB050512190892049A42EB4D
:10E49000050209924FEA19704FEA897242EA98021E
:10E4A0004FEA187640EA08104FEA887747EA99075A
:10E4B000504046EA09164FEA48627E4042EAD912C5
:10E4C00072401419059A42EA080606EA0106029902
:10E4D0004FEA49674CEA090247EAD81702EA010203
:10E4E000059980EA070045EB000001EA080535437D
:10E4F0000CEA0907611942EA070240EB0202D3E97C
:10E5000012450492DEE90E2014190B9A039140EB98
:10E510000505A4180C9A089942EB0505069A8AEAA3
:10E520000200079A084009998BEA02020A4080EA31
:10E530000A00241882EA0B0245EB0205089A960BA2
:10E5400046EA81468A0B089942EA81428F0C099972
:10E5500047EA8137880C089940EA813009997E4062
:10E56000CF050899424047EA5127C805099940EA72
:10E5700051207040241882EA070245EB0205039AF5
:10E580000499120F42EA0112080F039940EA0110A0
:10E5900004998E07039946EA91068F070499704003
:10E5A00047EA91074E0603997A4046EAD1164F068C
:10E5B000049947EAD11703997A4048EA0107049978
:10E5C000704049EA0106059939400A91039908EA21
:10E5D0000107049909EA01010B910A990F430B996C
:10E5E000D71906EA0C06019A46EA0106029940EBA1
:10E5F0000606121941EB0500E119019145EB0601F0
:10E6000002914033AEA999420EF1400E7FF40AAC5C
:10E61000059BCDE9B83C069BBE93079BBF93089B27
:10E62000BC93099BBD93039BB493049BB593019B3F
:10E63000B293029BB393CDE9C0AB0D9BCDE9B689F4
:10E64000CDE91076CDE90E45CDE9BA20B0AC03F1A5
:10E650000802483352F8081F54F8085F506866688B
:10E66000491940EB06009A42C2E90010F2D10EA807
:10E670004FF43471FFF70CFA00200DF5437DBDE82F
:10E68000F08F00BFF0B585B01E464B8803930DF1A7
:10E690000A03009304460D46174609880DF10B0343
:10E6A00003AA304600F0DCF830B926F47E13B3F14B
:10E6B000052F03D06FF0850005B0F0BD0A4B236035
:10E6C0009E42F7D104F10806304614F090FC39461A
:10E6D000304614F0B5FC01F039FA0028ECD12B8853
:10E6E000A3801023E371E7E70005100510B5074B81
:10E6F00002689A42044602D1083014F08CFCA379D7
:10E700006FF30003A371002010BD00BF00051005CA
:10E710002DE9F041C0B004460E461F46F02200210C
:10E7200004A8DDE94B5806F041FE21463B4632463F
:10E7300004A8FFF7A7FF044610BB9DF817304D9AB9
:10E740005919914223D8164A0499914225D1102B88
:10E7500020D108EB0503CDE902834A9B0193499B35
:10E76000469A00932946489B06A814F04DFD01F0F7
:10E77000EDF9044620B99DF817304E9A2B441360EA
:10E7800004A8FFF7B3FF204640B0BDE8F0816FF06A
:10E790008904F5E76FF08504F2E76FF08504F2E78E
:10E7A000000510052DE9F043C1B00446884699469E
:10E7B000F022002104A8DDE94C65509F06F0F6FD2B
:10E7C00021464B46424604A8FFF75CFF044618B1B9
:10E7D00004A8FFF78BFF0CE09DF81730AB4236D84A
:10E7E0004F9AE91A8A4208D204A8FFF77FFF6FF018
:10E7F0008904204641B0BDE8F083184A049890424D
:10E8000002D06FF08504F4E7102B1CD14E9B489A80
:10E81000CDE902634B9B00930E444A9B019606A8E8
:10E8200014F004FD01F092F904460028D0D19DF8BF
:10E830001730EB1A3B6004A8FFF758FF9DF817301C
:10E84000ED1A3D60D5E704A8FFF750FFD9E704A80B
:10E85000FFF74CFF6FF08604CBE700BF0005100503
:10E8600010B500F0FE44B4F1A06F08BF20F47E1094
:10E8700000F0FC44B4F1806F029A2AD11F4CA042F0
:10E8800014D107241C7042F20403994223D102B12F
:10E8900014701A4B984202D0B0F1052F22D142F2E7
:10E8A0000403994227D06FF0850010BDB0F1052F09
:10E8B0000AD10B241C7042F2040399420BD1002AA6
:10E8C000E7D007231370E4E70D4CA042EBD10124FD
:10E8D000F0E70C4CF9E7B1F5105FE4D1002AD8D08D
:10E8E0000223EFE7064B984202D0064B9842DAD15A
:10E8F000B1F5105FD6E70020D7E700BF0001800424
:10E90000004440040002C0032DE9F74300F4E04056
:10E91000B0F5804FDDF828900D4616461F462CD1E5
:10E9200001F16808404615F080F888B94B4600228E
:10E930004146CDE900672846FEF7C4FB01F006F921
:10E940000446B0B13A460021304606F02FFD10E0F3
:10E95000002301930D4B009305F1600205F11C03A8
:10E960004146284615F0CDF801F0F0F8044600289D
:10E97000DCD0204603B0BDE8F08349462846FEF7C8
:10E98000EFFF03B0BDE8F04301F0E0B883400500BD
:10E99000F0B504881D4604F44F43B3F5824F18BF09
:10E9A0000024A1B00E464188E0B2174615F05AFB8C
:10E9B0000446FEF78BFA14B308B3684614F0B8FFA8
:10E9C0002046104A0023694615F0CCF8044648B1A9
:10E9D000684614F0F0FF204601F0B8F804462046DF
:10E9E00021B0F0BD3B46324629466846FEF7B8FFE7
:10E9F00001F0ACF80446684614F0DDFFEFE76FF075
:10EA00008504ECE7834005002DE9F0418AB01C46FF
:10EA10000023059305AB009313460A4641880088FE
:10EA2000129F15F08DFDF8B9059E06A8F56B13F041
:10EA3000ABFA08A813F0A8FA0735139BED08B3EB5F
:10EA4000450F4FEA450812D206A813F0A2FA08A80B
:10EA500013F09FFA244C304614F0ADFF3046FFF718
:10EA600029F8204601F072F80AB0BDE8F08114F4EC
:10EA7000807407D006A813F08CFA08A813F089FA5E
:10EA80001A4CE8E71A4B0293119B0193109B0394D5
:10EA9000009308AA06F1600306A9304614F08AFC28
:10EAA000044630B106A813F074FA08A813F071FAFE
:10EAB000D1E72A46394606A813F0ACFB04460028E5
:10EAC000F0D12A46791908A813F0A4FB044606A839
:10EAD00013F05FFA08A813F05CFA002CBBD1149B6A
:10EAE000C3F80080B7E700BF00B1FFFF80B1FFFFB0
:10EAF0008340050037B500F168050446284614F048
:10EB000094FF58B100230193074B009304F1600276
:10EB100004F11C032946204614F0F3FF03B0BDE8BE
:10EB2000304001F013B800BF834005002DE9F041EB
:10EB300005460088AEB020F0FF04B4F5E24FDDE9F1
:10EB40003667DDF8E08069D1364C1C40364B44F026
:10EB500010649C4262D10023029302AB00931346DF
:10EB60000A46698815F0ECFC0446002852D1CDE92C
:10EB70000300029D04A9287815F065FA044605A84B
:10EB800014F0CAFB44F4824003AB00930499DDE91E
:10EB9000342380B215F0D4FC044638BB039901221B
:10EBA00005A8FDF7DDFD00F0D1FF0446F0B90246EF
:10EBB000294605A8FDF7D4FD00F0C8FF0446A8B912
:10EBC0001A4B0190009332463B46414605A8FDF79B
:10EBD000F7FD00F0BBFF044640B9049BD8F80020C5
:10EBE0000733B2EBD30F05D06FF0960439463046A9
:10EBF000FEF74EFF05A814F093FB039E304614F079
:10EC0000DAFE3046FEF756FF284614F0D4FE2846BA
:10EC1000FEF750FF20462EB0BDE8F0816FF086046D
:10EC2000F8E700BF0000FFF600000209834005007E
:10EC300010B50B4A03689342044606D00132934252
:10EC400009D02BB16FF0880010BD083015F0CAFA5A
:10EC500000202060F8E7083015F05BFBF8E700BF04
:10EC600009000002F8B5076806460C4677BB194B49
:10EC700099420CD0013399421AD001F0FE44B4F10C
:10EC8000007F14BF6FF086006FF08500F8BD00F1C3
:10EC90000805284615F0A2FA39462846FEF76CFF0B
:10ECA000054678B934602846BDE8F84000F04EBF0C
:10ECB00000F10805284615F028FB01212846D0F769
:10ECC0002FFCEDE73046FFF7B3FFECE76FF088006D
:10ECD000DCE700BF0900000210B50A4C0368A3423C
:10ECE00005D00134A34209D06FF0880010BD083070
:10ECF00015F07DFABDE8104000F028BF083015F08F
:10ED00000DFBF7E7090000022DE9F04105781E46EA
:10ED1000214B45F000759D4207468846144605D1B3
:10ED2000326032BB6FF08900BDE8F08105F17E45AD
:10ED3000043D0F2D11D9326052B900253B68174AA6
:10ED4000934218D00132934220D06FF08800EBE755
:10ED50002121404606F02AFBEFE7114B32605D5D52
:10ED600022B122462121404606F020FBAC42E5D2EA
:10ED7000D8E71025F5E7414607F1080015F076FAC7
:10ED800000F0E4FE0028CFD13560CDE7414607F121
:10ED9000080015F014FBF3E703000002090000026D
:10EDA000672B06002DE9F04716460268384B0D46E2
:10EDB00022F47E1199428EB0804616D102A9083005
:10EDC000FDF788FB044620B9324602A92846CDF754
:10EDD000C7FC102102A8FEF75BFE204600F0B6FE3D
:10EDE000044620460EB0BDE8F0872A4B1340B3F12D
:10EDF000607F49D1D0F808A027495FFA8AF343F031
:10EE0000007300228B42019239D003F17E43043B10
:10EE10000F2B37D8214A12F8039008F1100701ABE5
:10EE2000302202A9384616F03AF904460028D8D113
:10EE30005146384616F0F9F80446D8B94A4608F162
:10EE4000F801384616F013F9044698B9019A02A958
:10EE5000384616F00CF9044660B901AB302202A91D
:10EE6000384616F01CF9044620B9324602A9284655
:10EE7000CDF776FC019902A8FEF70AFEB1E74FF044
:10EE80004009CAE79146C8E76FF08804A9E700BFC8
:10EE90000002C0030000C07F03000002772B0600C1
:10EEA00038B5026804464AB1104B22F47E119942EB
:10EEB00006D10830FDF768F800232360002014E035
:10EEC0000B4B1340B3F1607F08D18021F830FEF77F
:10EED000DFFD04F1100016F098F8EDE74FF4BC7276
:10EEE000002106F063FA6FF0880038BD0002C0030D
:10EEF0000000C07F2DE9F04FA5B0D0F800802E9E15
:10EF0000144605460F461A46B8F1000F40F0E2805D
:10EF1000724B066026F47E19994512D100F108065D
:10EF2000304614F0E8F939887A884346484615F0A7
:10EF3000DAFA0146F0B96FF085042846FFF7B0FF12
:10EF40000BE0674B3340B3F1607F0AD04FF4BC72E3
:10EF5000414606F02BFA6FF08504204625B0BDE847
:10EF6000F08F604B0392F6B246F000769E4210D1CD
:10EF700040276BE03046FDF735F820B97A88214606
:10EF80003046FDF7F9F900F0E1FD0446002CE4D02D
:10EF9000D3E706F17E43043B0F2B76D85249C95C78
:10EFA0000F2B23D801A050F823F000BF71EF03000E
:10EFB00071EF0300EDEF0300EDEF030071EF0300CD
:10EFC00071EF03004BF003004BF003004BF0030024
:10EFD0004BF00300EDEF0300EDEF030087F00300BB
:10EFE00081F003007DF0030079F00300AE6000299A
:10EFF000A1D1002A4BD117460DF1100A039C5346AC
:10F00000D146A0454CD1A7EB040B5A4636210AEB5A
:10F01000040006F0CBF904F1F70305F1F7022B44E5
:10F020009A4245D105F1F8005A465C21204405F189
:10F03000100806F0BBF93146404615F0F6FF0446CD
:10F0400000283CD08021484613E08027BA42AE60B9
:10F050001FD903AB4FF0800901932146CDF80090F2
:10F0600004AB304616F033F804460028C4D04946B5
:10F0700004A8FEF70DFD60E74827E7E76827E5E706
:10F080001A4BAB6057E71A4BFBE78660B1E70027E6
:10F09000DFE7002AB0D0214604A8CDF761FBABE73B
:10F0A0001A7882F0360203F8012B08F10108A8E76C
:10F0B0001AF8011B81F06A0102F8011FB0E7494606
:10F0C0003A46404615F0D3FF802104464846FEF7F5
:10F0D000DFFC5BE76FF088043FE700BF0002C0037E
:10F0E0000000C07F03000002872B06001100000211
:10F0F0001000000238B50468ACB10C4B24F47E1546
:10F100009D4206D10830FDF75FF9BDE8384000F0B8
:10F110001DBD074B2340B3F1607F04D1BDE83840EB
:10F12000103015F0A4BF6FF0880038BD0002C00396
:10F130000000C07F0E4B0340B3F1607F06D1B1F5F4
:10F14000885F14BF6FF0860000207047B3F1707FB6
:10F150000BD101F4E043B3F5005F06D111F4E06F89
:10F160000CBF6FF08600002070476FF0860070477C
:10F170000000C07F9142F8B506460C4600F01D81A4
:10F1800021F0FF00B24988420CD122F0FF038342F4
:10F190003CD114F0FF0334D0AE4943F000738B42EE
:10F1A0002FD10AE1AC4DA84216D0AC4B98420DD0FD
:10F1B00024F4FF7323F00103B3F1062F06D0A84F08
:10F1C000B84203D0A7F5A067BB4267D122F0FF0386
:10F1D0008B422DD10022F0E022F0FF038B42F9D0C8
:10F1E000834227D184EA0203FF2BF3D89A4B98423B
:10F1F00000F0FE809949884240F04C8114F0FF01F4
:10F200000FD112F0FF0340F0E1801EE192498B42E2
:10F2100010D184EA0201FF29DCD814F0FF0100F0CC
:10F22000DC808C4841F00071814240F0EA80C4E00B
:10F23000AB42D6E7894DAB4200F09B8022F4FF71D0
:10F2400021F00101B1F1062F06D0854FBB424AD013
:10F2500005F50075A94221D184EA0201FF29B9D838
:10F260007B4D24F4875121F01F01A94240F00E810B
:10F2700014F0FF01D5D179498B4200F0DD8022F4F2
:10F28000FF7121F00101B1F1062F00F0D580744823
:10F29000834200F0D180734B9942B2D004F0FE4516
:10F2A000B5F1A06F2AD102F0FE43B3F1A06F91D166
:10F2B00084EA020333F47E138CD12504C4F305439E
:10F2C000C2F3054002F4004140F1F280002900F051
:10F2D000EB80834238BF034624F47E1242EA0342A5
:10F2E00042F4004269E084EA0201FF2940F2998079
:10F2F00004F0FE45B5F1A06F3FF46CAFB5F1407F6F
:10F300007FF468AF02F0FE43B3F1407F7FF462AF59
:10F3100084EA020333F47E157FF45CAF3146204665
:10F32000FFF708FF00287FF455AF14F47C1300F0BA
:10F33000C780C4F3054312F47C1504F4004C02F4B6
:10F34000004700F0E280C2F30540BCF1000F00F07E
:10F3500014810546002F00F00C819D4238BF1D46E8
:10F360002D0405F47C1524F47E142C4344F400424F
:10F3700023E084EA0201FF29BAD8354988421ED029
:10F3800001F5805188420FD0984240F0838014F0FC
:10F39000FF017FF446AF31498B424DD112F0FF039C
:10F3A00014D104F0FE45A9E714F0FF033FF429AFA0
:10F3B000284943F000738B4204D11046F8BD14F085
:10F3C000FF03F5D112F0FF033FF404AF214943F0EE
:10F3D00000738B427FF462AF08E012F0FF02ECD0C2
:10F3E0001C4B42F000729A427FF4F4AE2246E4E7EE
:10F3F00014F0FF030AD0174943F000738B42DCD0AE
:10F40000034615498B427FF436AF15E012F0FF0238
:10F41000D3D0104B42F0007199420CBF224600221B
:10F42000CBE70B4988421FD114F0FF0304D00949F0
:10F4300043F000738B42C0D012F0FF03C6D104F03A
:10F44000FE45B5F1A06F7FF459AF1A46B5E700BF8E
:10F4500000030006FF000002001300060002000681
:10F46000000900060004000645498842DCD0A84295
:10F470008DD0444D24F47F7121F00301A94201D0C5
:10F480009842BED114F0FF01BBD0CAE63E49884283
:10F490003FF4EEAE3B4D24F47F7121F00301A9420D
:10F4A000F0D03A498842ECE7834288BF002284E7E3
:10F4B00000293FF48FAE83422CBF224600227CE716
:10F4C00033492140B1F1607F0ED13248E1B241F0C1
:10F4D0000071814217D001F17E4104390F293FF6B6
:10F4E0002AAF2D4B5B5C26E7B1F1707F7FF423AF31
:10F4F00006F4E041B1F5005F7FF41DAFC6F30221D1
:10F5000001238B4017E7102315E721491140B1F182
:10F51000607F1FD11F48D1B241F00071814226D0D7
:10F5200001F17E4104390F2911D93846BCF1000F91
:10F530007FF410AF002F7FF459AF83427FF44AAEBF
:10F540001B0403F47C1324F47E121A4335E713489A
:10F55000405CFAE6B1F1707FE7D106F4E041B1F525
:10F56000005FE2D1C6F302260120B040EDE6102094
:10F57000EBE6AB4288BF00221FE7002FDDD09AE701
:10F580000013000600040006000200060009000641
:10F590000000C07F03000002972B0600972B060097
:10F5A0008A42F8B506460C4600F0DB806F4922F42B
:10F5B000FF7323F001038B420ED06D4B22F0FF014D
:10F5C000994209D06B4822F47F7323F003038342EE
:10F5D00002D0694B994228D1684B24F0FF0199422F
:10F5E0000FD114F0FF000BD0654B40F00070984233
:10F5F00040F0B98082EA0400FF288CBF002001207F
:10F60000F8BD5B4B9942ECD0A3F588539942E8D002
:10F6100024F4FF7323F00103B3F1062FE1D0564821
:10F620008142DED053498B42DBD004F0FE43B3F17C
:10F63000A06F14D102F0FE43B3F1A06F40F09380AD
:10F6400082EA040333F47E1340F08D8014F400400A
:10F65000D6D0C4F30540C2F305429042CDE7B3F1E2
:10F66000407F6AD102F0FE43B3F1407F7BD182EA52
:10F67000040535F47E1576D131462046FFF75AFD54
:10F68000002870D13F4B12F47C1703EA02031BD011
:10F69000B3F1607FC2F305473FD13B49D3B243F09A
:10F6A00000738B423DD003F17E43043B0F2B01D806
:10F6B0003649CD5C14F47C1FC4F3054333D1BD42FD
:10F6C00014BF002001209BE7B3F1607F0DD12E49CC
:10F6D000D3B243F000738B421DD003F17E43043B51
:10F6E0000F2BDAD82A49CF5CD7E7B3F1707FE1D18D
:10F6F00006F4E043B3F5005F03D1C6F3022301270C
:10F700009F4006F4E043B3F5005FD3D1C6F3022176
:10F7100001258D40CEE71027BFE7B3F1707FC9D137
:10F72000EFE71025C6E712F47C1F01D1AB4218D0D9
:10F7300022047FF565AFBB425FE7B3F1106F12D1D2
:10F7400024F01F6020F4702068B902F0FE43B3F18A
:10F75000106F7FF455AF0F48104040F01060A0428A
:10F76000AEE701204CE700204AE700BF0002000698
:10F77000001300060004000600090006000300064E
:10F78000FF0000020000C07F03000002972B06006C
:10F79000972B06000000FFF600F0FE43B3F1A06FC8
:10F7A0003FD1214B20F0FF029A4203D110F0FF001D
:10F7B00027D170471D4B9A4220D0A3F588539A4217
:10F7C00018D020F4FF7323F00103B3F1062F0DD0FE
:10F7D00017498A4206D0174A93421BD110F0FF0006
:10F7E0000FD1704710F0FF000BD1704710F0FF00F1
:10F7F00007D1704710F0FF0003D1704710F0FF00F1
:10F8000011D00D4B40F00070984214BF00206FF0F3
:10F810008600704710F4004F0CBF00206FF0860088
:10F8200070476FF086007047000300060013000663
:10F830000009000600040006FF00000237B50D4D68
:10F840006B78022B0C4612D12B78072B0FD100239B
:10F8500001930A4601AB0146281D14F037FE20B97A
:10F86000019BA34218BF6FF0930003B030BD6FF04F
:10F870008800FAE78066002021F4FF7210B521F0BD
:10F88000FF031A4C22F00102F8B121F4BF6020F00E
:10F890000700A04212D0164883420FD0A0F5206086
:10F8A00083420BD0134B9A4208D003F580639942F0
:10F8B00008BF002018BF6FF0860005E0C9B200291C
:10F8C00014BF00206FF0860010BDA242FCD0084A91
:10F8D0009342F9D021F47F7121F00301A2F5706207
:10F8E0009142F1D002F5A0629342E3E700020006E4
:10F8F00000130006000400062DE9F8438846174669
:10F900001C4601F077F8054688BBD8F80060B6F8C9
:10F91000009009F4E043B3F5804FB36808BF27F0C7
:10F92000010737EA03031AD10CB3254B24F0FF0279
:10F930009A421FD114F0FF0304D0224A43F000730F
:10F94000934232D0F16822464846FFF729FE074627
:10F9500068B9316922464846FFF722FE70BB6FF056
:10F9600084050023C8F80030304615F073FF2846A0
:10F97000BDE8F883144B9A42DCD0A3F588539A4231
:10F98000D8D024F4FF7323F00103B3F1062FD1D0B4
:10F990000E498A42CED00E4A9342CBD004F0FE43A9
:10F9A000B3F1407F04D12304CCD56FF08605D8E7AE
:10F9B000B3F1A06FF7D0034B9C42C2E73D46D6E7B8
:10F9C00000030006FF000002001300060009000605
:10F9D00000040006F0B589B005460C461746002124
:10F9E000142203A81E4605F0E1FC4FF6F872B2EBB4
:10F9F000C60F4FF488534FF6FF72ADF808304FEA48
:10FA0000C60338BF1346ADF80A304FF4A053049331
:10FA10006B7943F001036B71E1B2124B41F000745A
:10FA20009C421BD004F17E44043C0F2C18D80E4B92
:10FA30001B5D2B7141F06071009133463A4602A97B
:10FA400005F1080014F010FF044608B901232B60EB
:10FA500002A815F0D5FE204609B0F0BD1023E8E756
:10FA60000023E6E703000002972B060038B500F0FC
:10FA7000FE43B3F1407F04460D4602D06FF086008E
:10FA800038BDFFF757FB0028FAD114F47C1F12D0C1
:10FA9000C4F30543032B137022D9284A2240B2F144
:10FAA000607F3DD1264AE4B244F0007494422BD1E9
:10FAB000102BE5D9E2E7214B2340B3F1607F15D14C
:10FAC0001F49E3B243F000738B4202D1102313703D
:10FAD000D6E703F17E43043B0F2B04D900231370B8
:10FAE0006FF08500CCE71749CB5CD3E7B3F1707FAB
:10FAF000F4D101F4E043B3F5005FEFD1C1F302218B
:10FB000001238B40DBB2C5E704F17E44043C0F2C9B
:10FB1000B4D80D4A125D9342B0D8302BB0D9DFE78C
:10FB2000B2F1707FAAD105F4E042B2F5005FA5D131
:10FB3000C5F302250122AA40EDE700BF0000C07F07
:10FB400003000002972B0600972B0600434213F098
:10FB50007F0309D06B2BC3F1000040F3BB80722BF5
:10FB600035DD6FF08300704710F16B0F80F2C780B6
:10FB700010F1720F2BDA10F59B4F00F0FA8067DC62
:10FB800010F5C44F00F0EF8039DC10F5C74F00F0DE
:10FB9000ED80E6DB10F5C64F57D010F5C54FE0D12C
:10FBA0006FF08600704700F10E020123934040F28F
:10FBB00015521342F4D1002800F0828010F1080F92
:10FBC00008BF6FF0890018BF6FF083007047723074
:10FBD0000628C6D801A353F820F000BFBDFC0300DF
:10FBE00063FB0300F9FB030063FB03006DFD0300EF
:10FBF00063FB03003FFC03006FF09200704710F5B9
:10FC0000A14F5BD011DC10F5C14F57D006DC10F5C9
:10FC1000C34F00F0AE8010F5C24FC0E710F5A34F00
:10FC200000F0A78010F5A24FB9E710F59D4F45D021
:10FC300008DC10F59F4FB3D010F59E4F91D16FF0B7
:10FC40008900704710F59C4F8BD16FF0940070477E
:10FC500010F5705F00F090801FDC10F5984FF4D025
:10FC600006DC10F59A4F00F08A8010F5994F96E760
:10FC700010F57A5F94D005DC10F57E5F79D010F531
:10FC80007C5F8CE710F5725F18D03FF76AAF10F514
:10FC9000765F85D010F5745F81E710F5685F0DD051
:10FCA0000FDC10F56E5F67D0FFF65BAF10F56C5F91
:10FCB0003FF476AF10F56A5F7FF453AF6FF08500C5
:10FCC000704710F5645FC0D010F5625FB7D010F5D3
:10FCD000665FF1E73B2B15DC10F10E0FBFF663AF4B
:10FCE00010F1200FEAD010F11F0F36DA10F1220FB9
:10FCF000E4D010F1210F08BF6FF0860063E710F128
:10FD00003B0F27DA10F13D0F39DA10F1540F39D0DB
:10FD100010F1530F14DA6A3014283FF622AF012392
:10FD2000834040F2545213427FF43AAF14288CD0EF
:10FD300013F0010F14BF6FF08C006FF08300704759
:10FD400010F1510F3FF42CAF10F1400F08BF6FF0CE
:10FD5000930038E70028BFDD03E710F1100F08BF5C
:10FD60006FF08C002FE76FF0950070476FF09600F2
:10FD700070476FF08C0070476FF0840070476FF031
:10FD8000930070476FF08800704700BF70B54FF464
:10FD9000F8720C46BAB006460021103005F006FB9A
:10FDA0001E4B24F0FF029A4235D114F0FF0432D0EA
:10FDB0001B4B44F000749C4229D004F17E43043B69
:10FDC0000F2B28D8DFE803F008082727251D1F215F
:10FDD000251D2727251D1F211425E82200216846FF
:10FDE00005F0E4FA2146684615F01FF90446684616
:10FDF00015F00BF914B9C5EB0525B56020463AB0EE
:10FE000070BD2025E9E73025E7E74025E5E7102527
:10FE1000E3E71C25E1E76FF08504EFE70001000848
:10FE20000300000270B4058847F20106B54212D102
:10FE300023F4FF7423F0FF02114B24F001049C42D1
:10FE400018D003F588539A4214BF6FF086006FF004
:10FE5000850070BC704705F44F45B5F5824F09D158
:10FE600023F4FF7424F00104B4F1062F05D170BC13
:10FE7000FEF7CABD6FF08500EBE76FF08600E8E79C
:10FE8000000200062DE9F04117461C46244A23F4DF
:10FE9000FF7323F00103934294B005460E460ED043
:10FEA000204B24F0FF029A4209D01F4924F47F73AB
:10FEB00023F003038B4202D01C4B9A422DD107AB97
:10FEC00014F0FF0001930DF120084FF0300318BF2C
:10FED00040F000700093DDE91A12434614F091FCE3
:10FEE00010F1860F13D090B96B68079A1B0A11D1D5
:10FEF0001E9B04931D9B03931C9BCDF80080CDE9B2
:10FF00000123314623463A462846FFF78BFF14B0BB
:10FF1000BDE8F0816FF08600F9E76FF08500F6E745
:10FF20000002000600130006000400060009000697
:10FF3000F0B4058844F2010625F44057B74212D1C7
:10FF400023F4FF7423F0FF02114B24F001049C42C0
:10FF500018D003F588539A4214BF6FF086006FF0F3
:10FF60008500F0BC704705F44F45B5F5824F09D1C7
:10FF700023F4FF7424F00104B4F1062F05D1F0BC82
:10FF800014F0E5BB6FF08500EBE76FF08600E8E763
:10FF90000002000638B5046804F0FE42B2F1106FAA
:10FFA00005461AD124F01F6323F4702343F0006444
:10FFB000104924F49F6323F007038B4224F0FF02CF
:10FFC00002D00D4B9A4211D12869FDF773FD05F15E
:10FFD000800015F08CF8044601E0002CE8D128469A
:10FFE0004FF40071FDF754FD204638BD6FF08804D2
:10FFF000F5E700BF00010008000400082DE9F34107
:020000024000BC
:1000000006460846346804F0FE41B1F1106F04BFA3
:1000100024F01F6424F4702440F2031108BF44F05C
:10002000006488421F46089B00F09E80B0F5827FE6
:100030000DD240F20111884200F09680B0F5817F28
:1000400038D06FF086053046FFF7A4FF88E06FF4E4
:10005000007541190329F4D841F201018A4201D007
:10006000002AEED1544D24F49F6121F00701A942EA
:1000700024F0FF0203D051498A4240F0998040F2B7
:100080000222E4B29042019344F0007423D1B27E84
:10009000910740F087803A46214606F18000FFF73D
:1000A00099FC05460028CED1B37E012262F30103FC
:1000B000B37654E041F203218A4255D13E4D24F4F7
:1000C0009F6121F00701A94224F0FF02D3D1E4B2DD
:1000D000019344F0007440F2032290424BD040F26E
:1000E00001139842ADD1B37E13F003030DD11A462C
:1000F000214606F18000FFF76DFC05460028A2D1DD
:10010000B37E012262F30103B376B37E03F00303EF
:10011000012B47D106F18008019A3946404615F077
:1001200054F8054600288ED101AB302206F14B0170
:10013000404615F065F80546002884D1B37E7076F8
:10014000022262F30103B3761D4B9C4211D004F1ED
:100150007E44043C0F2C01D81A4B1D5D35760025DA
:10016000284602B0BDE8F081B2F5905F7FF478AF29
:10017000A4E71025F2E7B27E02F00301032911D0B3
:1001800052070FD473614BB119460120FDF78CFC67
:10019000306150B1019A3946CCF7E2FAB37E43F0B0
:1001A000040385E76FF088054DE76FF08C054AE79B
:1001B0006FF08805D4E700BF0001000800040008C4
:1001C00003000002972B06002DE9F04F056885B06B
:1001D00005F0FE43B3F1106F0446019116460BD1B2
:1001E00025F01F6525F4702545F00065A3685EB90C
:1001F000F3B96FF08E0703E0002DF7D16FF0880799
:10020000384605B0BDE8F08F9E4211D90023A360A7
:100210006FF08E0720462568FFF7BCFE019B256026
:10022000002BEDD032462121184605F0BFF8E7E754
:100230009B1B4449A36025F49F6323F007038B4273
:1002400025F0FF0202D0404B9A42D7D13F4BEDB28E
:1002500045F000759D420FD005F17E43043B0F2B06
:100260000DD83B4A12F803A0A37E03F00302012A33
:1002700008D86FF08807CDE74FF0100AF4E74FF089
:10028000000AF1E75A07F4D543F00303A376E6B179
:1002900004F11B03DDF804B00093B14604F18008BB
:1002A000217E009BAAEB0102D7B2B94538BF5FFAA5
:1002B00089F7194458463A46CCF752FA237EB9EBEF
:1002C00007093B44BB44237601D1002798E7637EAE
:1002D000FF2BCED0013363764FF00003237604F179
:1002E0004B02534629464046FFF774FB0746002859
:1002F00090D1637E012B1BD1D4E90412404614F047
:1003000064FF0746002885D1012204F11901404607
:1003100014F05BFF074600287FF47CAF009903AB25
:100320003022404614F06CFF07460028B8D071E731
:1003300000995246404614F048FF07460028DBD09B
:1003400068E700BF00010008000400080300000285
:10035000972B06002DE9F04FA7B004461046319ABE
:1003600000231360CDE9053363880E46002B00F0AF
:100370006581309915F0CDF8002800F05F81336871
:10038000002B00F05E813379DA0740F15D8106AA27
:1003900005A9204614F042FB8346002840F0F9806E
:1003A0006788059D079707F107084FEAD808CDF839
:1003B0002080288800F4E043B3F5804F00F00E81E0
:1003C000A34C00EA0403B3F5824F40F0D480C0B2DE
:1003D0003F2800F2978001230AA8099311F0D4FD69
:1003E0000CA811F0D1FD28880440B4F5824F18BF45
:1003F00000203946C0B213F035FE044600286CD008
:100400000EA813F074FA21460EA8FCF78BFB002807
:1004100066D102221BA90CA81E9F12F0A0F800288A
:100420005ED107F107094FEAD90949460120FDF7D6
:100430003BFB0446002855D007F0070A012707FABE
:100440000AF7013FFFB26FF0960B099A3ABB0AA96F
:100450000122084612F06BF828B94A4621460AA83C
:1004600011F0D8FE10B1FFF771FB8346BBF1000F0E
:100470003BD10AA811F08DFD0CA811F08AFD079B55
:100480006B806B681B0A40F09480089A612A40F2E6
:1004900099802046FDF70EFB6FF0850B79E04A4608
:1004A00021463046FFF790FE8346F0B9BAF1000FBF
:1004B00002D023783B4023704A4621460AA811F017
:1004C0008DFE834638B909AA0AA90CA811F029FDA6
:1004D00083460028B9D05846C5E76FF06700C2E7E9
:1004E0000024C0E76FF06900BDE72046FDF7E2FA9F
:1004F0000AA811F04EFD0CA811F04BFD0020FDF7ED
:10050000D9FA46E0FF2F1DD0B7F5E07F40F0898093
:100510004FF0380949460120FDF7C6FA0446002885
:1005200000F0838001464A463046FFF74DFE834681
:1005300030B9FF2F09D0B7F5E07F11D06FF0960BDF
:100540002046DCE74FF02009E4E7237823F0070397
:100550002370E37F03F07F0343F04003E3778EE7EC
:10056000237823F00303237094F8373063F07F037C
:1005700084F8373083E714F0BFF900288CD07B076C
:100580002CD141460120FDF78FFA044638B96FF0AF
:100590008C0B059800284DD014F00BFB4AE0014667
:1005A00042463046FFF710FE834600283FF467AF0F
:1005B000C6E708A9284613F0B3FF834600283FF496
:1005C00064AFBDE76968C5F88420090A05F1200316
:1005D00005F1840005D02046FDF76CFA6FF0860B1C
:1005E000D7E707A9CDE901010092214642462846F6
:1005F00014F0A3FA6988079A91428346EBD120460A
:10060000FDF758FABBF1000FC3D1059A319B516930
:100610001960117E01290BD0C3F800B06FF0960B62
:10062000B7E700246FF0860B8AE76FF08C0B87E743
:1006300002211176584627B0BDE8F08F6FF0860B87
:10064000F8E76FF0880BF5E76FF0840BF2E700BF77
:1006500000CFFFFF07B5002301920093024AFFF786
:1006600079FE03B05DF804FB40C7050038B50368A8
:1006700005460C46EBB901F0FE43B3F1106F12D101
:1006800021F01F6121F4702181B10D4B0D4A2340EF
:1006900043F01063934241F000610DD1FFF776FB08
:1006A00000B92C6038BDB3F1006FF7D06FF0860051
:1006B000F8E76FF08800F5E76FF08500F2E700BF1C
:1006C0000000FFF60000020910B4054CA34202D15D
:1006D00010BCFEF72BBA6FF0850010BC704700BF4E
:1006E000000002092DE9F043054610462A689846A5
:1006F00002F0FE43B3F1106F95B00F4664D106A926
:1007000014F023F90446E8B908902C22014609A800
:10071000DDF8189004F04AFE2A682D4B0794134028
:1007200012F0EC4F43F0106308AE0FD02146304674
:10073000FDF7AEF96FF085042846FFF72BFC06980D
:1007400015F088F8204615B0BDE8F08312F0764F1A
:1007500019D1D9F80400D9F88420000A09F1200140
:1007600011D107A804903020CDE902601C98CDE992
:1007700000804846FFF7A8FF044638B10799304685
:10078000FDF786F9D8E76FF08504F7E7079B00933C
:10079000394633464FF490522846FFF72FFC07990D
:1007A00004463046FDF774F9002CC5D140F2011320
:1007B0009F4208BF2B79069804BF43F001032B71B9
:1007C00015F048F80446BDE76FF08604BAE700BFAD
:1007D0000000FFF607B5002300911A46024914F005
:1007E00044FF03B05DF804FB40C7050010B5114C91
:1007F0002378580744BF23F0040323702378990714
:1008000005D500F097F8237823F00203237063786E
:100810001BB1094A002363605360002306486370DC
:100820000821FDF735F92378DA0744BF23F00103E7
:10083000237010BD806600208466002038B5184CF7
:1008400062782378022A01D1072B09D09B070AD5A9
:100850002378DD0713D562782378A2B158071AD51B
:100860000025284638BD00F05DF8237843F00203E8
:10087000237005460028EBD0FFF7B8FFF1E743F0FF
:1008800001032370E7E7D907E8D5064962604A60AB
:1008900002226270E2E743F004032370E0E700BF46
:1008A000806600208466002000F140420F2A38B59F
:1008B00004460D460CD81A4B882101FB02331A7EE0
:1008C000022A02D15A69824218D06FF08B001FE0D1
:1008D000012114F099FFE0B1114A00201346117E66
:1008E000022902D15169A14205D00130102802F13C
:1008F0008802F4D1E9E7882202FB00331A7E022A3B
:100900000AD1DA69511C07D00132DA6100202B606C
:1009100038BD6FF08700FBE76FF09600F8E700BF87
:100920008C660020024B012283F88028002070474B
:100930008C6600202DE9F0410A4C002526464FF038
:1009400001080327C4F81C8027762046013514F0DF
:1009500030F9102D04F18804F4D1002386F8803892
:10096000BDE8F0818C660020F8B5214D95F88038FF
:1009700006460F46002B35D000242B462246197E12
:10098000F9B13CB9022905D1D96919B919790029F8
:1009900018BF1C460132102A03F18803EFD114B9A5
:1009A0006FF08C000BE0237E022B04D1E3695A1C0C
:1009B0001CBF0133E361204614F0FBF810B10024A2
:1009C0000EE01C46237E83B9012323763EB1651BCE
:1009D000ED1003F1F0335D4305F1804535600020F3
:1009E0003C60F8BD6FF08800E9E76FF09600E6E73D
:1009F0008C66002038B5094B00250D6093F88038CF
:100A00000C4643B1FFF750FF10F18C0F02D1256067
:100A10006FF0870038BD6FF08800FBE78C66002020
:100A20002DE9F0430D4685B091469846064620B91B
:100A30003A4C204605B0BDE8F083184605F062F850
:100A4000074600285FD04946404605F05BF804465B
:100A5000002858D0874256D22846CBF751FC3B5C41
:100A60003D18202B08BF01352B780D2B08BF013511
:100A70002B780A2B47D14846CBF742FC235C22183F
:100A8000202B08BF0132013513780D2B08BF01322E
:100A900013780A2B08BF0132A2EB08020E9BA4EBCD
:100AA0000508B8F1150F1A6005DD1D491622284604
:100AB00004F0CCFB48B3AC4229D90021CDF800802A
:100AC0002B4603AA0846FAF711FE2C3021D00399D1
:100AD0000029ADD00120FCF7E7FF0746D8B1039904
:100AE000CDF800802B4603AAFAF700FE044630B189
:100AF0000399384613F06CF8A4F5885499E7039BE2
:100B00003760736095E7074C93E7074C91E7074C14
:100B10008FE7074C8DE7074C8BE700BF80EBFFFFAB
:100B2000A72B060080EFFFFF00ECFFFF00EFFFFFA9
:100B3000D4EEFFFF80EEFFFF7FB516460022C3E92B
:100B400000229A6001AA1D4610F0FAFD044620B169
:100B5000A0F56A54204604B070BD314601A8FCF7E8
:100B600063FF10F12E0F09D1089901A813F02DF899
:100B700008B10B4CEEE702233370EBE70028F8D105
:100B80003378012BE6D12B68052B00D02BB96A688E
:100B9000044B002A18BF1C46DCE7024CDAE700BF12
:100BA00080C3FFFF80C5FFFF13B50368062B0C460B
:100BB0000BD10DF10701FCF751FF40B99DF807106B
:100BC000204600F09DFB02B010BD0248FBE7024842
:100BD000F9E700BF80B1FFFF00C6FFFF2DE9F0433A
:100BE00089B004461F4610460023CDE9053307931C
:100BF00004913023014403AA04A810F0B6FC10B1FC
:100C0000A0F574503AE0DDE9033202EB03084146F7
:100C100002AA04A810F00BFD0028F1D1029B012BC1
:100C200074D1042303AA414604A810F09EFC0028B6
:100C3000E6D1DDE90365AB19434504932DD0A0232C
:100C400003AA414604A810F090FC18BBDDE9032379
:100C5000002A03EB02095BDD1B780593062B59D1B3
:100C600006AA494604A810F080FC50B1B0F57450B3
:100C700004D1214605A8FFF797FF70B109B0BDE880
:100C8000F083049B069A0793134499450493F0D08C
:100C90002148F3E710F1620FB2D1324629462046CF
:100CA00014F028FE0028E9D1049B434525D0A12358
:100CB00003AA414604A810F058FCD8B9DDE9033175
:100CC00001EB030803AA414604A810F01DFD00280B
:100CD00096D1DDE903310B449845D9D1A8EB010247
:100CE000204614F05BFE0028C8D010F59D4F04D0BC
:100CF0000A48C3E710F1620F82D1109B009332467D
:100D00003B462946204614F010FEB7E70448B5E7F5
:100D10000448B3E70448B1E79AC2FFFF00C3FFFFEE
:100D200080C2FFFFA0C2FFFF9EC2FFFF2DE9F0417E
:100D30008AB08D181F460023064606918DF80E30A6
:100D40008DF80F3005AA3023294606A810F00DFCB7
:100D500028B1A0F5745420460AB0BDE8F081DDE961
:100D6000053202EB0308414604AA06A810F05FFC16
:100D70000028EED1049B002B45D10DF10F03009309
:100D80000DF10E0207AB414606A8FFF7D5FE04465B
:100D90000028E0D1042305AA414606A810F0E5FB8F
:100DA0000028D6D1059B83B39DF80E0000F034F9DE
:100DB000014608B9164CCEE7304600F039F9044632
:100DC0000028C8D19DF80E30023B012BF2D83146E5
:100DD00007A8FFF7E9FE044648B9109B0093DDE938
:100DE00005213B463046FFF7F9FE044618B1304670
:100DF00014F057FDAFE7DDE905231344054A9D4292
:100E000018BF1446A7E7044CA5E7044CA3E700BFAE
:100E100080C3FFFF9AC2FFFF80C2FFFFA0C2FFFF97
:100E2000F0B589B0002316468DF80E308DF80F30DE
:100E300004AA3023054610F098FB20B1A0F57454A5
:100E4000204609B0F0BD2F68049B1F440DF10F032D
:100E500000930DF10E0205AB39462846FFF76CFEF4
:100E600004460028ECD104AA3946284610F04CFC70
:100E700010B1A0F56C54E3E72B68049A13449F4229
:100E800025D19DF80E0000F0C7F8014608B33046A2
:100E900000F0CEF804460028D2D19DF80E30023B77
:100EA000012B12D8314605A8FFF77EFE044640B953
:100EB000296830467A1A14F071FD2F600446002824
:100EC000BED0304614F0EDFCBAE7034CF9E7034C12
:100ED000B6E7014CB4E700BF80C3FFFF9AC4FFFF31
:100EE0002DE9F04F89B0DDE9138905460E461C4611
:100EF0009246002A57D00AF1FF3B05A814F0B5FC32
:100F000016F80B30ABBB129B3C4A3D4904AFCDE910
:100F100000430297334605A8FFF782FD0446E0B977
:100F2000022000F079F80146284600F081F80446D6
:100F300048B9DDE90512CDF8009043462846FFF791
:100F40004DFE044610B1284614F0ABFC05A814F081
:100F500091FC204609B0BDE8F08F10F59C5F48D0A9
:100F600010F5985F47D010F5845FF2D116F80B307A
:100F7000DBB1CDF800904346524631462846FFF794
:100F8000D5FEA0B3284614F08CFC284614F084FC4F
:100F9000022000F041F80146284600F049F8E0B18F
:100FA000284614F07EFC174CD3E7CDE901370093B7
:100FB000154A1649334605A8FFF732FD044640B9E5
:100FC000DDE90512CDF8009043462846FFF7AEFE56
:100FD000B7E710F5845FBCD1CBE7CDF8009043466E
:100FE000524631462846FFF7F9FD0028D8D10024A3
:100FF000AFE7074CADE7074CABE700BFBE2B0600E1
:10100000DB2B060000C3FFFFFA2B0600142C0600A2
:1010100080C4FFFF00C4FFFF0238C0B202289ABF9D
:10102000024B53F820000020704700BF44C7050062
:1010300038B504460D4669B103685BB94B6A13B90C
:101040002560002038BD984760600028F8D1A0F5E1
:101050007E50F7E70048F5E780C1FFFF2DE9F04734
:101060000446DDE9088916460D46B1B923B903687F
:10107000D3B91348BDE8F087002AFAD00268002AE5
:10108000F7D022681769C7B1CDE9088932462946E9
:101090002046BC46BDE8F0476047002AE9D0026818
:1010A000002AE6D0002BECD12846FCF77FFC12F09A
:1010B00079FD03460028E4D1DBE70248DAE700BF08
:1010C00080C1FFFF00C1FFFF2DE9F14F0646DDE9BA
:1010D0000A89DDE90CAB0F4614461D4613B9B9F178
:1010E000000F06D0B8F1000F03D10F4801B0BDE8E2
:1010F000F08F2368002BF8D03146204614F0E1FB36
:1011000070B1062E0ED0002FEFD14B464246294635
:101110002046CDE90AAB01B0BDE8F04F14F0DABBD0
:101120000248E3E70248E1E780C1FFFF00C1FFFF9B
:1011300080C6FFFF2DE9F04300241460B1F8009051
:1011400009F4E043B3F5804FA3B005460E461746B9
:1011500057D1029414F0C9FB042803D8012823D8DE
:10116000654C43E00728FBD12146182203A804F070
:101170001DF9A86803A913F057FD0028F0D1BDF8A8
:101180000C4003A824F4405414F03AFBA14540F06D
:10119000AB80A86802AB612209A913F0F9FD48B33E
:1011A000FCF7B6FC044621E095E807000DF12408A1
:1011B00088E80700404614F098FB0238022800F245
:1011C00095800D460394287803A912F03CFF40F463
:1011D0008240814540F08880612300932146434648
:1011E00002AA284612F0D2FC041E03DA204623B0DD
:1011F000BDE8F083029A3B4609A9304613F0F5FD9D
:10120000CEE714F072FB042832D80128A8D995E85B
:1012100007000DF1240888E80700404614F065FB3C
:101220000238022865D80D460294287802A912F0E7
:101230000AFF40F4E240814556D1B5F86630002BF4
:1012400052D03023424603A928460394FCF788FB7A
:10125000041ECBDB4146039A3B46304613F0C5FDE6
:10126000FCF756FC039904464046FCF711FCBDE729
:1012700007287FF475AFD5F80880404613F024FEA8
:1012800020F002038733054628D12146182203A8FF
:1012900004F08CF803A9404613F0C6FC044600286D
:1012A0007FF45EAF03A8BDF80C5014F0A9FA3388A0
:1012B000AB4219D102AB302209A94046029413F087
:1012C000F9FC054650B909A9029A3B46304613F08D
:1012D0008CFD0299054609A8FCF7DAFB284623B0E5
:1012E000BDE8F043FCF714BC044C7FE7039423787B
:1012F000FFDE0294FBE700BF80C1FFFF00C1FFFFDC
:10130000F0B505460E4607C885B001AC84E8070075
:10131000204614F0EAFA0238022895E8070098BF40
:10132000029F84E80700204688BF002714F0DDFAFA
:10133000023802281AD8029B1B7833B93146384646
:1013400005B0BDE8F040FBF7EDBB95E8070084E889
:101350000700204614F0C9FA0238022806D8029B7A
:101360001B78B342EAD0034805B0F0BD00231B78D8
:10137000FFDE00BF00C3FFFF436802220A7068332C
:10138000014A4A608B607047302C06002DE9F04F0F
:101390008BB004460E4617460021182204A8DDE94A
:1013A000149A169D984604F001F804A9204613F0FB
:1013B0003BFC38B1194B1A49072212F032FE0BB030
:1013C000BDE8F08F04A8BDF812B014F019FA46F089
:1013D000C0614346CDE901A5CDF800903A4641F4FD
:1013E000E061204613F0B4FF034670B18533E1D1CC
:1013F000CDE901A5CDF8009043463A4646F00621D6
:10140000204613F0A5FF0028D4D1CDE900A54B4616
:101410002A684946584612F03EFED0E711DB030029
:10142000D4CB05002DE9F043174699B04468182243
:101430000DEB02000E4600219846049103F0B6FF22
:10144000207805A912F0FFFD059B07334FEAD30969
:101450000546002848D0B3F5C47F47D204F16000A8
:101460004A460CA910F0D6FE044658B130210DEBC7
:101470000100FCF70DFB049813F0B8FB204619B0EF
:10148000BDE8F0834FF4805145F4E24506A8ADF87D
:10149000185014F095FA46F0062309934A4604AB17
:1014A0000CA913F0A2FC90B1FCF732FB30210546E9
:1014B0000DEB0100FCF7ECFA049813F097FB0446DF
:1014C000BDB90028DAD0FCF723FB0446D6E7229BFF
:1014D0000293219B0193209B0093049843463A4634
:1014E0003146FFF753FFE1E7034CC7E76FF06D04A8
:1014F000C4E72C46C2E700BF80C1FFFF2DE9F043DF
:101500001E46A3B00746884614460021182204A8A8
:10151000F51D03F04BFFED08002302936D0024B985
:101520002A4C204623B0BDE8F0834FF4005144F428
:10153000824404A8ADF810404FF0062914F040FA98
:1015400002AB42463946CDF81C9013F04EFC48B130
:10155000FCF7DEFA0546029813F048FB04463DB35B
:101560002C46DEE7602D03D9029813F03FFBD7E746
:1015700003AB01930AAF60230093DDE92C123B46D5
:10158000304612F0DAFD0446029814B113F02EFB37
:10159000C7E7039BAB42E8D1CDE900734946DDE9DB
:1015A0002A2313F0E4FE50B9029813F01FFB0446FF
:1015B000002CB6D02046FCF7ABFA0446B1E7044B4A
:1015C0000449072212F02DFDC4E700BF80C1FFFFD0
:1015D00011DB0300D4CB05002DE9F0411822BEB089
:1015E0004FF000080C46064641460DEB0200CDF8D0
:1015F0000C8003F0DBFE94E8070025AD85E80700CA
:10160000284614F072F90238022800F28180269BE5
:1016100005A9187812F017FD059F0737FF0820B9B4
:101620003D4C20463EB0BDE8F08140F4E240ADF8CC
:101630001800012106A814F0C3F994E8070085E812
:101640000700284614F051F90238022894BF269862
:1016500040463A460CA9603010F0DCFD044620B14B
:1016600061210CA8FCF714FADBE703AB3A460CA99E
:1016700006A813F0BAFB612104460CA8FCF708FA8F
:101680002046FCF745FA04460028CAD102AB612285
:101690000CA9039813F07CFBFCF73AFA0446039874
:1016A00013F0A4FA8046002CBBD118B1FCF730FA35
:1016B0000446B6E796E8070085E80700284614F0D8
:1016C00014F90238022896E8070098BF269C85E89E
:1016D0000700284688BF444614F007F9023802285C
:1016E00094BF269900216123CDE90053204604AB25
:1016F00000226831FBF7E6FC0446002891D13A4607
:1017000029460CA803F0A2FD0446002889D087E7EB
:1017100098F80030FFDE00BF80C1FFFF38B50368D6
:101720001546CA1A002A044616DD1A7802F07F020E
:10173000022A13D15A1C02602A461B7842F8043B45
:101740000FF0DFFE10B1A0F50A5038BD23686A68BB
:10175000AB6013442360F8E70148F6E70148F4E77B
:1017600020DDFFFF1EDDFFFF2DE9F74FDFF800B1A1
:1017700005468A469046144631236A465146284615
:101780000FF0F3FE074668B1A0F50E54D8F8180024
:1017900010F020F80023C8F818302746384603B068
:1017A000BDE8F08F2A68009B264602EB0309302330
:1017B00001AA494628460FF0D8FE88B1A0F50E547C
:1017C000002CE3D12B684B4547D0012030772021F6
:1017D000FCF76AF9B06108B9264CD7E70646E6E798
:1017E000019A2B68002A03EB020401DC224CCDE7AE
:1017F00032461B7842F8043B2146062328460FF068
:10180000B4FE0028DAD129687068B1600B18E21ABA
:10181000002A2B60EADD0A5C1E2A05D01C2A1AD891
:101820002BFA02F2D20716D501332B600B5CF36062
:1018300006F11002214628460FF063FE0028BDD1B4
:101840002B683269736113449C422B6001D1B061F3
:10185000B8E70A4C9AE70A4C98E7D1459ED0202178
:101860000120FCF721F90446B061002884D1B3E7D8
:101870000810581080D7FFFF20DCFFFF1ADCFFFFA5
:101880001EDCFFFF2DE9F34703681446CA1A002A3D
:10189000074640F39F801A78172A12D0182A40F082
:1018A0009B804FF0040801333B6001AA38460FF0DB
:1018B00028FE064640B1A0F51056304602B0BDE8FD
:1018C000F0874FF00208EEE7019B08F10A029A4206
:1018D00009D008F10B0293421BD13A681A4412F85E
:1018E000012C5A2A15D13D682B443B60284614F040
:1018F000C2F8002820600CDBB8F1040F0BD1642380
:10190000023503FB00F1284614F0B5F800282060EA
:1019100007DA324ED1E7312840F26C71D8BF4FF46C
:10192000FA61236819442160A81C14F0A4F88046C9
:101930006060281D14F09FF8A0600746A81D14F0F1
:101940009AF8E060824605F1080014F094F82061EE
:10195000814605F10A0014F08EF8B8F10C0F02462A
:101960006061D6D8012303FA08F341F2AA5003427A
:1019700028D113F4256F27D1B8F1020FC9D18B07F5
:1019800024D16420B1FBF0F300FB131303BB4FF42D
:10199000C870B1FBF0F300FB1313002B0CBF1D2329
:1019A0001C23013F9F42B4D242F20F739942B0D838
:1019B000BAF1170FADD8B9F13B0FAAD83B2A7FF681
:1019C0007CAFA6E71F23ECE71E23EAE71C23E8E72A
:1019D0001D23E6E7024E70E7024E6EE700DCFFFFD4
:1019E000A0DBFFFF9EDBFFFF73B5154602688B1A75
:1019F000002B044610DD167801AA0FF085FE18B101
:101A0000A0F5125002B070BD019A2E606A60236882
:101A1000AB6013442360F5E70048F3E720DBFFFFEA
:101A200010B50C4611461A46029B1B687BB912F092
:101A3000BCF810B1A0F5185010BD2368052B00D0DC
:101A40003BB96268044B002A18BF1846F4E7034804
:101A5000F2E70148F0E700BF00DDFFFF00D8FFFF1D
:101A600073B543F0A00614463346043205460FF022
:101A70007CFD18B1A0F5145002B070BD2660296835
:101A8000A16064680C44302301AA214628460FF067
:101A90006CFD0028EED1019A2B681344024A9C4247
:101AA00018BF1046E8E700BF9ADAFFFF1FB5002312
:101AB000144601AA01938DF8083003930FF0BBFD83
:101AC00018B1A0F5145004B010BD019B2BB1012B2F
:101AD00005D1039B1B782370F5E70346FBE701481C
:101AE000F1E700BF9CDAFFFF2DE9F041036803F046
:101AF000DF03803B8CB006460C46072B00F2D380F8
:101B0000DFE813F00800AB008F00D100B300D10074
:101B1000800097008568436802951D4401AA06234A
:101B2000294602A80FF021FDC0B1A0F514500028ED
:101B300036D128222046002103F038FC043403AAC1
:101B40000BAD134603CBAB42206061601A4604F133
:101B50000804F6D118682060002021E0DDE9018743
:101B6000B8F1080F40F09F8051484246394603F0D3
:101B70006DFB002840F0978006260597A0230837C4
:101B800001AA294602A8CDE9036802970FF0EDFCEF
:101B90000028CAD1DDE9012313449D4203D0454802
:101BA0000CB0BDE8F081302301AA294602A80FF04D
:101BB000DCFC0028B9D1DDE9012313449D42EED1BC
:101BC000334601AA294602A80FF0CFFC0028ACD169
:101BD000029B019A08931344029304230792294617
:101BE0000DEB030202A806960FF0BFFC00289CD163
:101BF0000423019A0993029B0B9313449D420A927A
:101C000097D0CCE70D1D24220021284603F0CEFBFF
:101C100006232360336863607368A360B368E3607E
:101C20009AE70D1D24220021284603F0BFFB022362
:101C3000EFE70D1D24220021284603F0B7FB072300
:101C400023607368042B01D0102B2ED1336863609E
:101C500073686B60B368AB607EE70D1D24220021C2
:101C6000284603F0A3FB0123D3E70D1D87680397E4
:101C700024220021284603F099FB04232360716885
:101C8000302302AA394403A80FF06FFC002887D143
:101C9000DDE902312A46194403A8FFF765FD002853
:101CA0003FF45AAF7CE704487AE7044878E700BF7E
:101CB0004E2C06009ADAFFFF80DFFFFF00D8FFFFFF
:101CC0002DE9F04705468EB00F46904616462C6823
:101CD000BC4207D30023F3602B68294CBB4208BFEA
:101CE000002411E02822002104A803F05FFB14F86F
:101CF000012B01922C606A46394628460FF001FC00
:101D0000824628B1A0F5145420460EB0BDE8F087F5
:101D10002B680393009B0293019B03F0C003802B6D
:101D200028D10DF1040904A94846FFF7DDFE044659
:101D300048B110F5025F06D0D8F80C000FF0F8FC9F
:101D4000C8F80CA0E0E704A813F0CDFEB36843B1D7
:101D5000F3688BB910210120FBF7A6FEF06068B193
:101D6000064699E8070086E807002B68029A1344A4
:101D70002B60ACE7034CC7E7034CC5E7034CC3E754
:101D80009ADAFFFF9EDAFFFF00DBFFFF96DAFFFF24
:101D900073B53023164601AA04460D460FF0E5FB45
:101DA00018B1A0F5145002B070BD2368019A134415
:101DB0009D4205D1324629462046FFF781FFF2E7D2
:101DC0000048F0E79ADAFFFFD0F85C31024613F0E2
:101DD000040011D0D2F8683121F4004222F001024F
:101DE0009A4308D123EA010348F20102134203484F
:101DF00008BF002070470148704700BF00D8FFFFB0
:101E00002DE9F04FABB09246349A04911E460DF185
:101E10005408002304461360184642464FF0FF3131
:101E200001330A2BC2E9000102F10802F8D1BAF12C
:101E3000000F00F0B681002E6ED1002504F1CC0613
:101E4000304613F052FD30B1DAF804200138012396
:101E50008340134201D145F400453146504613F00A
:101E600007FF08B145F480350023159416930593B8
:101E7000012794F88C313BB10122013B02FA03F3B4
:101E8000DAF80020134203D14FF48043C8F804303D
:101E900094F88D313BB10122013B02FA03F3DAF8E9
:101EA0000420134205D1D8F8043043F40043C8F8A5
:101EB0000430012F40F0B98004F1700104F15000AA
:101EC00013F065FE049E002800F0AD8004F150037D
:101ED0004FF001090693002E40F0A980B9F1000FE0
:101EE00040F018812AAA7B1E02EBC30353F8502C42
:101EF00042F0080243F8502C169B2B43169315AB67
:101F000003EBC704002F40F02B81349BA6481B68CD
:101F1000002B08BF002041E13046CAF7F1F9D4F8A0
:101F20005C319B06814659D504F1FC074FF0000B4C
:101F30003D465B462A6802F01F02062A31D0072A76
:101F400032D0022A09D14A4631462846059313F079
:101F50005DFE059B00283FF470AFED68002DE9D1D0
:101F6000D3B109A9304613F0CFFE0246A0B13D46D9
:101F70002B6803F01F03072B0BD16B689A4208D123
:101F8000A868059209A903F061F9059A00283FF4B1
:101F900054AFED68002DEBD1BBF1000F06D1042545
:101FA0004CE74FF0010BD8E70123D6E73B6803F07D
:101FB0001F03062B08D17B68994505D1B8684A46AE
:101FC000314603F043F920B1FF68002FEED14FF006
:101FD000FF30003818BF012085002FE7734D04F152
:101FE00070077A68032A0DD1B968284603F02EF9E4
:101FF00040B94A46314607F10C0013F007FE0028AD
:102000003FF41BAFBF69002FEBD1C8E7A268B368EC
:102010009A4206D1F168E06803F018F900283FF40D
:102020006BAFD6F89461002EF0D1049E4EE706986F
:1020300006F1700113F0ABFD834610B1D6F8946140
:1020400049E7B9F1000F02D0F369022B09DDD6F898
:102050006031002BF2D004213046FFF7B5FE002896
:10206000ECD1D6F86431002B03DD059ABA1A9342FD
:10207000E4D308AB94F88C01019330230093D4E9A6
:10208000052109AB40F0007013F021F830B1B9F12F
:10209000000FD3D1012F43D0002328E006F1CC025A
:1020A000104694F88D11079213F00BFC079A002844
:1020B000EDD0D4F8841194F88C3194F88D0103910B
:1020C000D4F8881102910899019109A90091D4F8D6
:1020D0009011FEF7F9FFB9F1000F01D00028ADD142
:1020E000B0FA80F3012F4FEA5313CB4617D004F117
:1020F000700104F15000069313F049FD069B10B9DE
:10210000059A01320592BBF1000F08D1082F06D9BC
:1021100027483FE0D4F894614FF00009DBE62BB983
:10212000D8F8043043F00803C8F8043006F1CC01B5
:10213000504613F09DFD28B1D8F8043043F48033A5
:10214000C8F804300023C8F80860C8F80C3001371C
:1021500008F10808BBF1000F7FF4CEAE344688E6E4
:1021600054F8043C0993359B013F3BB9349B099AD1
:102170001B681343349A083C1360C3E6DDE935500D
:1021800054F8081C09AB3A46A8470028EED010F5D1
:102190001C5FBDD0349A4FF0FF3313602BB0BDE805
:1021A000F08F0448F6E700BF00D9FFFF962806002D
:1021B00000D0FFFF00D8FFFF014AFFF721BE00BF9C
:1021C000E0C705002DE9F04F9BB00C4617461E46B0
:1021D0000390002800F0EC83002900F0E983054615
:1021E0004FF00009EB69A3B1D5F894314BB94FF426
:1021F000CC710120FBF758FCC5F8940120B9AA4C1A
:1022000063E0A9461D46EDE713F026FEA946D5F882
:1022100094510023CDE90E33CDE91033CDE91233CB
:10222000CDE9143316934DB9B9F1000F01D0C9F8B7
:1022300094519E4C2846FBF73DFC46E0302308AA0B
:10224000E11909A8CDE908740FF08FF968B12846A3
:1022500013F007FE964CB9F1000F02D00023C9F825
:102260009431039BAB42E5D12FE0DDE9083202EB6C
:10227000030BABEB0401A9605EB30120FBF714FC78
:102280000990E860002800F09183AA682146CAF707
:1022900067FA01232B60AA68089B0999D31A0B449B
:1022A000099301EB020B099BAB6108AA3023594645
:1022B00009A80FF05AF9044670B12846A4F506544F
:1022C00013F0CFFD002CC6D1002420461BB0BDE882
:1022D000F08FEC602E60E6E7DDE908371F44AB695C
:1022E000FB1A6B6117AAA023394609A80FF03DF924
:1022F00008B310F1620F1AD1EC6105F120023946E2
:1023000009A8FFF70BFA044630BB05F12C060EAB0B
:102310003246394609A813F0BEFB0446E0B9EB6922
:10232000022B1DD9284613F09CFD624C93E7A0F5C3
:1023300006548CB9E1E7099E179B1E4405F11C0267
:10234000314609A80FF073F910B1A0F50854F0E771
:10235000099B9E42D1D0584C284613F082FD7AE763
:102360000133EB6105F5C873009305F5C67205F2FC
:102370008D130EA93046FFF753FB04460028EBD11E
:10238000099B2B6408AA3023394609A80FF0EDF801
:102390000446002891D1DDE9083105F150021944C5
:1023A00009A8FFF7E1F904460028D5D12A6C099B5A
:1023B0009B1AEB6317AA3023394609A80FF0D5F80A
:1023C000002855D0B0F51054C6D1099BEB6408AA7B
:1023D0003023394609A80FF0C8F8044600287FF4D6
:1023E0006CAFDDE9083143B105F17002194409A869
:1023F000FFF7BAF904460028AED1099AEB6CC5F88C
:10240000C820D31AAB6405F1CC02394609A8FEF7FF
:1024100007FD044600289FD1099BD5F8C8209A1AC9
:10242000C5F8C420EA69023A012A04D89F4247D17C
:10243000099B9F4263D1EB69099A032B40F08C8082
:10244000974200F07E8205F1F002394609A8FFF7B5
:1024500007FB044600287FF47FAFD5E93D32D3184F
:1024600004938246099B049A9A4263D874D066E129
:10247000099E179B1E4405F19002314609A8FFF7FB
:1024800001FA044600287FF467AF05F1A80231463F
:1024900009A8FFF7F7F9044600287FF45DAF099B10
:1024A0009E4292D0054C57E780D7FFFF00D8FFFF30
:1024B00080DEFFFF80DAFFFF9ADDFFFF9ADBFFFF80
:1024C0001B78C5F8D83005F1DC02A123394609A8EC
:1024D0000FF04BF858B110F1620F03D0B0F506546D
:1024E0007FF43AAFEB69023B012BA1D9A3E7099B2B
:1024F000D5F8DC20C5F8E03013440993F2E71B78E7
:10250000C5F8E43005F1E802A223394609A80FF026
:102510002CF838B110F1620F8DD0B0F506547FF46D
:102520001BAF88E7099BD5F8E820C5F8EC301344C9
:10253000099380E70499CDF864A030230AAA09A87A
:10254000CDE917AACDE90BAA0FF00FF868B1A0F5F5
:102550001454002C7FF400AF099B9F4200F0F181DE
:10256000284613F07EFCA84C75E6DDE90923D41853
:102570002146062318AA09A80EF0F7FF0028E6D185
:102580000623189A1793099B19932146134409A807
:102590000BAA09930FF032F810B110F1620FD6D1E7
:1025A00004230AAA214609A80EF0DFFF0028CED195
:1025B000099B0A9E05931E44B44240F0C0800CA9BA
:1025C00017A8FBF717FAC0B1249A0B9B7AB1099AA6
:1025D0000092DDE92440019617AA2946A047044647
:1025E00018B10B9B002B7FF4B7AE09963AE709941C
:1025F000002B3FF437AF854CAEE6D5F85C210C9B41
:1026000012EA030140F0D6811A43202BC5F85C2161
:1026100000F0EC8010DC013B072B00F28D81072BD2
:1026200000F28A81DFE813F08D0073008801570003
:10263000880188018801F800B3F5006F53D0B3F525
:10264000803F00F0DA80B3F5807F40F07581C5E906
:10265000581130230DAA314609A80EF086FF28B183
:10266000A0F51454002C3FF4FDAE75E6099B9E4284
:102670003FF4F8AE05F5B0784246314609A80EF0B1
:10268000BDFF78B110F1620FEAD14246314609A888
:102690000EF0CDFF0028E3D1D5F8603113B101234E
:1026A000C5F86031099B9E423FF4DCAE05F5B2727D
:1026B000314609A80EF0BBFF0028D1D1099B9E42EC
:1026C0003DD1D5F864316FF0004293421DD0013303
:1026D000C5F86431C6E605F5B472314609A813F0B1
:1026E000E1F90446BEE7062305F5B672214609A8BE
:1026F000F8F7CCFF20B1B0F514543FF4B3AE2BE69D
:10270000D5F87431002B7FF4ADAE414C24E60023A4
:102710000D930DAA0423214609A80EF026FF0028D8
:10272000E9D104230D9AC5F80C31099BC5F8143181
:102730001344C5F8102109939C423FF493AE354CE5
:102740000AE600230D930DAA3023314609A80EF0A6
:102750000CFF002884D1099B0D9A13449E42EED1B0
:1027600080230DAA314609A80EF0FFFE002839D1BA
:102770000D9A099BC5F8203104211344C5F81C218A
:10278000C5F818110993099B9E4228D9A1230DAAC7
:10279000314609A80EF0E9FE00287FF461AF0999DF
:1027A0000D9B05F59272194409A8FFF789FA0446B2
:1027B00000287FF4D1AD82230DAA314609A80EF07E
:1027C000D4FE00287FF44CAF0D9A099BC5F83C312C
:1027D00002211344C5F83821C5F834110993099B27
:1027E0009E42AAE710F1620FCDD039E705F1FC0255
:1027F000214609A8FFF7CCFA73E705F5BE7221461A
:1028000009A8FFF753F96CE71ADEFFFF9EDAFFFF16
:102810009CDAFFFF9ADAFFFF30230DAA314609A8A0
:102820000EF0A3FE0446E0B1A0F51454002C3FF4D2
:1028300019AE14F5025F7FF48FAD249A0B9B5AB149
:10284000059A0092DDE92440019617AA2946A0477F
:1028500000283FF407AE0B9B002B3FF403AE574C10
:102860007AE50D9A099B13449E427FF468AF002AD3
:102870003FF465AF05F5A678099B9E4205D84FF059
:102880000003C8F80C30D1D059E730230DAA3146E7
:1028900009A80EF06AFE10B1A0F51454C6E7099A13
:1028A0000D9BD3180293029906230DAA09A80EF0D6
:1028B0005CFE0028F0D10D9A099B0693042A39D1B9
:1028C00019463F48079202F0C1FC3C4B079A00288A
:1028D00018BF1C46D8F8083073B1D8F80C300792EE
:1028E000002B67D110210120FBF7DEF8C8F80C009F
:1028F000002861D0079A80460623C8F80030069B5E
:10290000C8E90123099B0D9A1344029A09939A423C
:102910000BD9029930230DAA09A80EF026FE002833
:10292000BAD1099B0D9A13440993099B029A9A42C2
:10293000A2D004E7214CCDE70B9B002B3FF455AE12
:102940008DE711AB14AA594609A813F0A4F8044660
:1029500000287FF401AD2A6B159B9A4212D116997B
:10296000686B02F073FC68B90E9A119B9A4209D108
:102970000F9A129B9A4205D14AB11399109802F00E
:1029800065FC20B1284613F06CFA0E4C63E405F5A3
:10299000C072594609A8FFF727F8044600287FF4BB
:1029A000DBAC099B9B453FF48FACD9E5064C52E468
:1029B000064C8AE4064CCFE4064CCDE480DFFFFFF2
:1029C000E880050080D9FFFF80D7FFFF00D8FFFF18
:1029D00000DBFFFF96DAFFFF2DE9F04F0D4689B0CF
:1029E0001746804600285DD000295BD04AB18B187D
:1029F00013F8016C2EB92D49284603F083F80028FE
:102A00004BD13A462946404609B0BDE8F04F13F095
:102A10005DBA05A812F029FF04AB02930023CDE9AB
:102A20000033234A2B46594605A8FDF7F9FF824695
:102A3000D0B9049BDDE905124046FF1A1D4413F08E
:102A400045FA824605A812F015FFBAF1000F1CD115
:102A50004FF00109012FDCD8B9F1000F24D1154B3B
:102A6000002C08BF1C4614E010F5A45F10D010F530
:102A7000845FF1D005A812F0FDFE049ABF1A154438
:102A8000002C08BF54460136E4E71AF5225FF7D15F
:102A90005446204609B0BDE8F08FDFF810B0344648
:102AA000B146D7E7044CF4E73446F2E7572C06006A
:102AB000732C060080D8FFFF00D8FFFFF0B58168B7
:102AC00085B01039054621F0070408F025F90B4BB5
:102AD0006E4603F1100C324618685968374603C732
:102AE000083363453E46F7D110232146284608F0B7
:102AF000CAF8003818BF012005B0F0BDF0CB0500C2
:102B000030B50D46816887B0102302AA10390446FB
:102B100008F0A4F8002802DA012007B030BD102226
:102B200002A9204613F0E2F900283AD11E491022EA
:102B300002A802F08BFB00280CBF012302232B709C
:102B4000204613F0CDF9012301460DF1070220467E
:102B500008F084F80028DFDB9DF8073003F00F024F
:102B60001B096A702B7101220DF10701204613F039
:102B7000BDF910B96B78042B03D901236B700023C6
:102B80002B71A268183A22F00702083AA91C2046C5
:102B900013F0BFF90028BFD1E91C204613F012FA48
:102BA000BBE70323CBE700BFF0CB05000E2A13B52C
:102BB000044606D90C4B0D4A0D4840F2991102F01B
:102BC00009F80E2901D90B4BF5E741EA02118DF8FE
:102BD000071013F085F9012301460DF10702204685
:102BE00013F0B3F902B010BD8D2C0600022D0600C3
:102BF0009F2C0600E22C0600F7B50D1E69460CBF9F
:102C000017462F460446FFF77BFF78B99DF8006012
:102C1000022E22D0032E0BD0012E26D135B19DF8E5
:102C20000330032B02D1204613F0C5F903B0F0BDE9
:102C3000002DFBD12046FFF741FF0028F6D157B108
:102C4000204613F0B8F90028F0D100223146204682
:102C5000FFF7ACFFEAE70226F7E76DB90146A26885
:102C6000204608F025F80320E0E7044B044A054815
:102C700040F24A2101F0AEFF0420D7E7C1FA050077
:102C8000F42C06009F2C060013B50C4B03EBC00080
:102C90000C46007901A9CFF7C5FD014660B9221E97
:102CA000019818BF0122FFF7A7FF0446019807F01B
:102CB000D4FF204602B010BD0124FAE7F0C705009A
:102CC000024612F4F84F10B5C0F384234FEAD03413
:102CD000C0F309000ED1B0B1CAF7DAFB4FF04E5184
:102CE000C9F7D8FD1CB10A49C9F7D4FD10BD4FF092
:102CF0007E51F9E71F2B08D07033400340EAC470BF
:102D000040EAC350F2E70346F7E7FF23F5E700BFC9
:102D1000000080BFF8B50568C6685C1C2C44A6425C
:102D200005D2006A082113F072FD0020F8BD147866
:102D30003BB19C1E062C9ABF0E4F3C5D00241834FC
:102D4000E4B2B542EDD204F01F0444EA4111297007
:102D50000168013101601344934204D18368013357
:102D600083600120E2E701684C1C046013F8014D08
:102D70000C70F1E7242D0600034A044B02609B1AF5
:102D80001820B3FBF0F07047D0770500C07805003D
:102D9000014B986898307047106F00202DE9F04182
:102DA000044686B00D46EFF31188202383F3128882
:102DB000BFF36F8F2B4F2C4A3B68966859074ED054
:102DC000042898BF294B127C94BF53F82030284B1D
:102DD0000390CDE90432274B02930023CDE9003361
:102DE00020490122184613F07BFE85B1EB693A6851
:102DF000C3F308035BB152071AD01F4B02930023A1
:102E0000CDE9003317490122184613F069FE3B68EB
:102E10005B070DD0D6B91948194B02930023CDE9B1
:102E20000360CDE900330F490122184613F058FE24
:102E300029462046CDF7CCFE88F31188BFF36F8F6B
:102E4000304606B0BDE8F041D3F782BF304614F0FB
:102E500071F90028DFD00378002BDCD0DCE7002DEF
:102E6000C4D1E5E718130020106F0020F8C7050053
:102E70002B2D0600392D0600612D060066F9050090
:102E8000822D060038B5094B53F82040013053F825
:102E90002050A54200D838BD636823B1204613F006
:102EA0002FFE0834F5E723689847FAE70CC80500B9
:102EB00070B52B4B2B4C2C4D012286B003201A7081
:102EC000FFF7E0FF01F074FE13F036FE0420FFF779
:102ED000D9FF2646AE4204F1300410D301F008F9C0
:102EE000204C224EAC4226D301F016F9CDF72EFB32
:102EF0001F4A137B23F00103137306B070BD54F80F
:102F00000C3C059354F8103C049354F8143C039380
:102F100054F8183C029354F81C3C019354F8203C9C
:102F2000009354E90A2354E90C0100F02DFE54F8F3
:102F3000303C5E65CDE7D4E90A23B3F1FF3F08BF1B
:102F4000B2F1FF3F05D052EA0301206803D101F03E
:102F5000C1F93034C6E73146183001F0C3FBF8E759
:102F60006E710020407A0500407A05004972050024
:102F7000482A002008B50348034A0021121A13F01A
:102F8000D7FD08BD481800207071002070B5174E9D
:102F9000174D184986B0B82303FB0066164B0593FE
:102FA00001220F23CDE903320023CDE9013314239D
:102FB00003FB005504464FF4C07000FB04110F4B97
:102FC00000954FF4A072304600F0DEFD737B0C4A92
:102FD000EE6023F0040373734FF4046304FB0333C4
:102FE00013442C746B6006B070BD00BF90290020A4
:102FF000106F0020C0B60020E42D0600BD6C050057
:1030000080AE0020BFB50020FFF73CFF2A4B83F3C2
:1030100008882A4C2A4F636943F4007363610025D2
:10302000E02384F82230E57725766576A57684F866
:103030002050636A43F4E023636284F82350D3F79B
:10304000E9FDD3F78BFF4FF0FF33A362E362D4F7C0
:1030500071F8D3F7A7FFCFF76BF81A481A4C00F0B6
:1030600033FE13F031FD0120FFF70CFF0220FFF7C4
:1030700009FF01F085F8154B15495C61154B059367
:103080000123CDE903534FF480523B46CDE901556E
:103090000095204600F078FD627B064622F004028F
:1030A0002046627314F093F82846FFF76FFF3A4604
:1030B00031462046D3F738FFC0B6002000ED00E0CF
:1030C000B12E0400D82B0020482A0020106F0020C9
:1030D00040B80020DCCE050038B5064C064DAC42A9
:1030E00001D3002038BDD4E90112204613F025FD9C
:1030F0001434F4E7F81300200C14002038B5064C03
:10310000064D0020AC4200D338BD204613F084FDAC
:103110000028F9DB1C34F5E750130020F8130020D9
:1031200073B50C46EFF31181202585F31288BFF3A8
:103130006F8FC5685DB125602B68C36083690133FB
:103140008361002081F31188BFF36F8F11E052EA91
:10315000030603D125606FF00B00F3E7CDE90023F0
:103160000246083000F004FF18B9034B9B685B6906
:10317000236002B070BD00BF106F00202DE9F34145
:1031800004460E4600F10808EFF31187202181F371
:103190001288BFF36F8F006AE168884238D22568D1
:1031A000AC4218D0BDB1284613F093FD05F11800CC
:1031B00014F0D5F8A26868693146C9F7D1FA00233E
:1031C000C5F8B030284614F002F84046394600F001
:1031D0004BFF002029E0A268E0693146C9F7C0FA38
:1031E000E369A26813446269E361934204BF2369FF
:1031F000E361236A01332362102104F1240014F0F7
:103200003CFA0028E1D187F31188BFF36F8F0CE0FF
:1032100052EA03010CD00849896840464E61CDE965
:1032200000233946224600F0A3FE02B0BDE8F0813B
:103230006FF02200E7E700BF106F0020F7B50446EB
:1032400004F108070846EFF31186202181F3128864
:10325000BFF36F8F216A00293AD0A268A169C9F72C
:103260007FFAA369A268256813446269A361934247
:1032700004BF2369A361236AAC4203F1FF332362D5
:1032800034D02846002D32D013F023FD05F118006C
:1032900014F065F8A2686969E069C9F761FAE36941
:1032A000A26813446269E361934204BF2369E36146
:1032B000236A0133236200242846C5F8B04013F086
:1032C00086FF3846314600F0CFFE204603B0F0BD01
:1032D00052EA030110D00A4989684861CDE9002308
:1032E00031462246384600F043FEEFE7002086F3E1
:1032F0001188BFF36F8FE9E76FF02200F7E700BF97
:10330000106F00202DE9F341044617461E46EFF3E7
:103310001188202383F31288BFF36F8FC368334A69
:103320007BB180689168884219D057EA060318D1AA
:1033300088F31188BFF36F8F6FF00F0002B0BDE804
:10334000F081916891F90E1021610133E360936877
:10335000A36088F31188BFF36F8F0020EEE7216927
:10336000F2E791F90E1090F90E309942A8BF194674
:103370006FF07E029142B8BF11468B422DDD13F0F3
:10338000B5FC0546CDE9007619482246414600F0D5
:10339000EFFD0028E1D0EFF31186202383F312889C
:1033A000BFF36F8FA068D0B1236821699C420AD017
:1033B0004BB193F90E309942A8BF19466FF07E03C6
:1033C0009942B8BF194613F091FC40B10848314604
:1033D00000F04AFE6FF00A00B0E70025D2E7002DAA
:1033E000F4D186F31188BFF36F8FF3E7106F0020DD
:1033F0006F710020F8B583680546002B40D0234A42
:10340000926893423FD1C368012B03D9013BC3604B
:103410000020F8BDEFF31187202383F31288BFF358
:103420006F8F0169806813F061FC2C68A54207D199
:103430000023C5E9023387F31188BFF36F8FE7E7F5
:10344000002CF5D0D4E9003213605A60637B00266B
:1034500023F002036373C4E90066A66004F1180058
:1034600013F07DFFAC6094F90E302B612046C4F858
:10347000B06013F0ACFE0648394600F0F5FDC7E732
:103480006FF01500C5E74FF0FF30C2E7106F002066
:103490006F71002037B51146EFF31185202282F3BA
:1034A0001288BFF36F8F04689CB12368426823F0D1
:1034B00003039442036008BF43600121204613F0D8
:1034C000A3FC044685F31188BFF36F8F204603B039
:1034D00030BD51EA0302F5D000F10802CDE9001336
:1034E0001046294600F044FD0028EFD1014B9B68AF
:1034F0005C69EBE7106F002070B5EFF311862023B5
:1035000083F31288BFF36F8F0468A0421BD0D4B13D
:10351000D4E9003213605A60637B002523F0020374
:10352000C4E900556373A56004F1180013F017FF98
:10353000C4F8B050204613F04AFE31460A48BDE8B0
:10354000704000F091BDD0E902329A4218BF0133B9
:1035500083600221103014F090F80028EDD186F33A
:103560001188BFF36F8F70BD6F71002013B5EFF33B
:103570001181202484F31288BFF36F8F846844B1D3
:10358000013C846081F31188BFF36F8F002002B08B
:1035900010BD52EA030406D181F31188BFF36F8F87
:1035A0006FF00F00F3E7CDE900230246014800F079
:1035B000DFFCECE76F7100202DE9F8430546EFF3DF
:1035C0001188202383F31288BFF36F8F00263746BC
:1035D0006FF00A092C68A54216D0ACB1D4E90032CC
:1035E00013605A60637BA76023F002036373C4E92E
:1035F000007704F1180013F0B2FEC4F8B090204632
:1036000013F0E5FD0126E5E70023AB60022105F19B
:10361000100014F032F830B92EB988F31188BFF3D6
:103620006F8FBDE8F88341460248BDE8F84300F0DB
:103630001BBD00BF6F7100201FB5094A92E803004F
:1036400002AB83E803004FF480620093054906480B
:103650004FF0FF3300F06AF9002005B05DF804FB7D
:103660002880050080C80020002B00202DE9FF41A4
:103670004F4E04462027EFF3118887F31288BFF3DB
:103680006F8FD4F8B850F5B9022104F1D00013F0CF
:103690002FFC002868D004F1C8050022012128462B
:1036A00013F021FE0028F8D1002302934FF0FF32DF
:1036B0004FF0FF33CDE90023414604F1C0023D48FD
:1036C00000F0D2FED7E7D4F8BC202B68C4F8B8309D
:1036D000954208BFC4F8BC30D4F8D03043F00203A0
:1036E000C4F8D030EB6823F0040343F00103EB602F
:1036F0006B6888F31188BFF36F8F28469847EFF304
:10370000118887F31288BFF36F8FEB68D80623F018
:10371000010236D4EA60EB689A0716D5306823F0C8
:103720000203EB6088B10368002170B142689542E2
:1037300035D1036869BB72683360824200D173601F
:10374000002340F8083BFFF7D7FED4F8D03023F031
:103750000203C4F8D03088F31188BFF36F8FDB0504
:1037600089D400F015FD86E7D4F8D030D9069BD572
:10377000C4F8D00088F31188BFF36F8F04B0BDE8A0
:10378000F08123F01103EB6005F11000FFF7B4FEA8
:10379000C1E70B607368834208BF7160D0E723B153
:1037A0001A68014618461346BFE71A46F9E700BFF4
:1037B000346F00206F71002070B5C368C3F34006FA
:1037C0009B0705460C460DD50122002104F1080097
:1037D00013F07EFB00232360054B65605A681AB91D
:1037E000C3E90044304670BD14605C60FAE700BF76
:1037F000346F0020F8B5C3689A0704460F46C3F338
:1038000040062CD45B071AD40B680BB983680B6095
:10381000E368DD0744BFA3683B603D684CBF0226F8
:103820000126002D3AD01F4B9B68AB420AD0D5F839
:10383000D030D807C3F3800214D46FF012060023EF
:103840003B6025E013F070FCD5F8D0300028F0D1B3
:10385000D907C3F3C002F0D552B15B0708D46FF0AB
:103860000F06ECE7002AFAD1C3F3C003002BF6D110
:1038700000232360D5F8BC3063B9C5E92E4428463F
:1038800013F051FBE36843F00403E3603B68A3607B
:103890003046F8BD1C60C5F8BC40F0E76FF0150677
:1038A000CDE700BF106F0020F8B5C36803F0050333
:1038B000002B06460C4614BF012700271CD0856844
:1038C0000122002104F1100013F002FB13492046ED
:1038D00013F081FBE36843F01003E360F3685B07D8
:1038E00012D5336823606BB9D5F8BC3033B9C5E95C
:1038F0002E44284613F017FB3846F8BD1C60C5F867
:10390000BC40F6E73460F4E7D5F8B8302360D5F86A
:10391000BC30C5F8B840002BEBD1F0E7076F0500CD
:103920000146014813F073BB002B0020F0B589B0AD
:1039300004460020C4E92E000E9D04F1C000C4E935
:10394000300004F1C800C4E932004DB328790028E2
:1039500040F2011008BF0120C4F8D00000204FF051
:10396000FF364FF0FF37CDE90330CDE90100CDE957
:1039700006670C4B0094204600F07AF955B129688F
:1039800011B1204600F0AEF86B791BB1237B43F0F8
:1039900001032373204609B0BDE8F04000F09ABC53
:1039A0000120D9E76D36040037B501900846EFF3E2
:1039B0001184202181F31288BFF36F8FC16811F049
:1039C0001E0F16D153EA020508D101A9FFF712FF15
:1039D00084F31188BFF36F8F03B030BD41F008014D
:1039E000C160019981621030034900F07BFE012023
:1039F000EEE70020ECE700BF9B6F050001460148A1
:103A0000FFF7D2BF002B0020F7B50C4601901646F9
:103A10001D46EFF31187202383F31288BFF36F8FC6
:103A2000084613F071FA55EA060309D101A92046A8
:103A3000FFF7E0FE87F31188BFF36F8F03B0F0BD8F
:103A4000E368074943F00803E360019BA36204F1C4
:103A5000100032462B4600F045FE0120EAE700BF89
:103A60009B6F050001460148FFF7CEBF002B0020E9
:103A70002DE9F0410546EFF31187202383F31288E7
:103A8000BFF36F8F0468A04223D014B3204613F015
:103A90003EFB04F1180013F062FC0026B046C4F8A7
:103AA000B080204613F093FB2C68A54206F1010676
:103AB00008D03CB1204613F02AFB04F1180013F0A3
:103AC0004EFCECE70648394600F0CEFA3046BDE839
:103AD000F08187F31188BFF36F8F0026F6E700BFF0
:103AE0006F71002010B5044608B9054B9C681F2271
:103AF00004F1780001F058FE002084F8970010BD12
:103B0000106F00202DE9F84F0C46A1B39AB390F83E
:103B10000D90DFF86880571E0846B9F1000F25D0D8
:103B2000DFF85CA00025B8F804B019EA0B0F19D033
:103B3000B8F80630D8F800107E1B9E4228BF1E46FB
:103B40003246C8F70DFE2E4439EA0B0904EB060095
:103B50000CD0BD1B012D28BF01252A465146C8F7B0
:103B6000FFFD354408F108086019DCE70023037005
:103B70002046BDE8F88F0348FBE700BF24C80500D6
:103B80003A2A0600FC2406002DE9F04FD51D85B029
:103B900025F0070504461F467F3500F15803C0E9AC
:103BA000163325F03F05129B23730020119BA3734E
:103BB0000E463F2D4FF00401DDE90EBAC4E90600C0
:103BC000DDF84C80A0606173E07306F14003A5F15D
:103BD000400905D880F31188BFF36F8F084602DFD4
:103BE0004A46AA21184601F0E1FB109BC4E92709C7
:103BF00035444FF00009C4F8A4902A46CDE901A34A
:103C0000CDF800B03B4631462046D3F759F9109B1A
:103C1000C4F85490C4E9197BC4F86CA02367EFF38F
:103C20001183202282F31288BFF36F8F0F4E326A06
:103C30006267346283F31188BFF36F8FB8F1000FAE
:103C400011D01F22414604F1780001F0ADFD84F847
:103C50009790B3680BB1D3F8A830C4F8A8302846C1
:103C600005B0BDE8F08F84F87880F2E7106F00208F
:103C7000F0B587B000250595109D04950F9D03951F
:103C80000E9D0295DDE912760D9D01950C9D009526
:103C90000446FFF779FFB6F1FF3F08BFB7F1FF3FDA
:103CA00005D056EA070305D1204600F013FB204655
:103CB00007B0F0BD03493A46334604F1180000F05E
:103CC00011FDF4E74972050040F2011383810023DE
:103CD000C0E92733C0F8A830014B9860704700BF97
:103CE000106F00200A4A93686FF00A01C3F8B01001
:103CF0000849C3F8AC004B6843F080534B60002385
:103D000083F31188BFF36F8F9368D3F8B0007047C7
:103D1000106F002000ED00E070B590F90D20437B9E
:103D2000002A36DBD90634D11B4C63F07F032246D0
:103D3000437352F8183FE169934207D1C0E900216B
:103D40000860E06111E09942F8D01B68002BF5D0C3
:103D500090F90E5093F90E60B542F4D0AE42F2DD08
:103D60005968C0E9003108605860A569954200D0E3
:103D700005B9E568A3685A7BD20604D1DA897F2A9F
:103D800001D9AA6932B1AB4202D0284600F0ACFB9F
:103D9000656170BD6361FCE7106F002038B590F974
:103DA0000D20437B002A014604DA03F07F034373AE
:103DB00013F0D3F90D4D2A46AB6852F8184F9442D0
:103DC00000D004B9EC688B4207D05A7BD20604D1EC
:103DD000DA897F2A01D9A2692AB1A34202D02046FA
:103DE00000F082FB23466B6138BD00BF106F0020DE
:103DF00070B590F90D20437B002A014604DA03F0E8
:103E00007F03437313F0A9F94B7B1C4C63F07F03D2
:103E100022464B7352F8183FE069934207D1C1E93B
:103E200000200160E16111E09842F8D01B68002B8E
:103E3000F5D091F90E5093F90E60B542F4D0AE4230
:103E4000F2DD5868C1E9003001605960A569A368D6
:103E5000954200D005B9E5688B4207D05A7BD2065F
:103E600004D1DA897F2A01D9AA692AB1AB4202D0EA
:103E7000284600F039FB2B46636170BD106F0020AF
:103E8000F8B5394CA2688242074624D1EFF3058386
:103E90000BBBEFF31186202383F31288BFF36F8FE0
:103EA000537B03F07F0343F01003537313F055F972
:103EB000234653F8185F9D4200D005B9E568A36812
:103EC0009D4202D0284600F00FFB65613046BDE8F8
:103ED000F840FFF707BFEFF31185202383F3128823
:103EE000BFF36F8F7B7BD90604D585F31188BFF3B1
:103EF0006F8FF8BDD90943F0100219D17A73A66902
:103F00001A4B9E4200D006B9E668A368B34202D0BD
:103F1000304600F0E9FAA36866619F42E5D1EFF30D
:103F20000583002BE1D13A7BD2070AD42846CEE79D
:103F300003F07F0343F010037B73384613F00DF951
:103F4000DDE785F31188BFF36F8F83F31188BFF32B
:103F50006F8F0423184602DFEFF31180202383F3D1
:103F60001288BFF36F8FB2E7106F0020286F002018
:103F7000F8B5124B0C461146114A98681060DDE9FD
:103F80000676EFF31182202282F31288BFF36F8F3F
:103F90009D68284613F0F3F8B6F1FF3F08BFB7F16C
:103FA000FF3F06D007493A46334605F1180000F0B6
:103FB00099FB2046BDE8F840FFF794BE106F002043
:103FC0003C6F002049720500F8B50446EFF31187F5
:103FD000202383F31288BFF36F8F437B03F01F020C
:103FE000002A0CBF0126002649B239D103F07F0315
:103FF000437313F0B2F81B4D437B817363F07F036F
:104000002A46437352F8183F934227D1E869C4E91E
:1040100000200460EC610FE08342F8D01B68002BA5
:10402000F5D093F90EC06145F6D08C45F4DD5968A2
:10403000C4E900310C605C60AC69944200D004B902
:10404000EC68AB689C4202D0204600F04DFA6C61EF
:1040500087F31188BFF36F8F3046F8BDE869DEE75C
:104060008173F5E7106F002049B9EFF3058030B98F
:10407000054B5A699B689A4201D0FFF733BE81F322
:104080001188BFF36F8F7047106F002010B5EFF3EA
:104090001184202282F31288BFF36F8F427BD106F6
:1040A00004D484F31188BFF36F8F10BD22F0100287
:1040B0004273FFF731FE21460248BDE81040FFF78A
:1040C000D3BF00BF6F710020034648B9EFF30582EC
:1040D00032B9064A51699268914201D0FFF702BE97
:1040E00083F31188BFF36F8F704700BF106F0020FC
:1040F000EFF31181202383F31288BFF36F8F054BF9
:104100009A68D37B013BD37381F31188BFF36F8F20
:10411000704700BF106F002070B5EFF311862023A9
:1041200083F31288BFF36F8F144DAB68DA7B0132D3
:10413000DA732A4652F8184F944200D004B9EC685A
:104140005A7BD20604D1DA897F2A01D9A2692AB121
:10415000A34202D0204600F0C7F923466B6186F3E4
:104160001188BFF36F8FEFF31180202383F3128840
:10417000BFF36F8FBDE87040FFF7A6BF106F002040
:10418000024B03F11802C3E906227047106F0020AA
:1041900070B5EFF31186202383F31288BFF36F8F7E
:1041A0001B4CA168E0690B68814214BF1A460022CB
:1041B00049680B605960A368E1692AB9154AC3E9E7
:1041C00000210B60E3610CE093F90E0092F90E50B0
:1041D000A84218D0854216DD5168C3E900210B6062
:1041E0005360A5690B4B9D4200D005B9E568A368F3
:1041F0009D4202D0284600F077F965613046BDE85F
:104200007040FFF76FBD8A42D8D01268D5E700BF73
:10421000106F0020286F002050EA01032DE9F041C3
:1042200005460E4604D1FFF7B3FF0020BDE8F0813C
:10423000831C71F1FF3324DB13F0B2F84419EFF360
:104240001188202383F31288BFF36F8F0F4F104B19
:10425000B8681860FFF7A2FDB8680E492A463346D1
:10426000183000F03FFABA68537B43F004035373ED
:104270004046FFF737FD13F093F8201A20EAE0706C
:10428000D4E76FF00104241AD9E700BF106F0020B3
:104290003C6F0020497205000C490D4A38B50024D6
:1042A0004FF400458C462146C0FB05C10023604603
:1042B000C9F796F9C117FFF7AFFF054A47F6FF7335
:1042C000C0FB0234DB0B43EA444038BD3F420F00E1
:1042D00040420F0038B50446EFF31185202383F3E5
:1042E0001288BFF36F8F437B5B070FD5183013F035
:1042F00036F8637B23F0040320466373FFF70CFD5D
:1043000029460548BDE83840FFF7AEBE85F3118861
:10431000BFF36F8F38BD00BF6F710020014B9868ED
:10432000704700BF106F00202DE9F8430446077B5B
:10433000EFF31185202383F31288BFF36F8F437B44
:10434000190705D585F31188BFF36F8FBDE8F88392
:10435000D90943F008025DD14273A36813B1204626
:1043600012F003FF04F1180012F0F9FFA66D04F13A
:104370005808B04511D04FF0000976B1304612F020
:10438000F4FE06F1180012F0EAFFC6F8B0903046CD
:10439000FFF7C2FCA66DB045EFD1DFF8C080D8F8BA
:1043A00008309C423ED1EFF30589B9F1000918BFEE
:1043B0004FF00109D8F81860294A964200D00EB98A
:1043C000D8F80C60B34202D0304600F08DF8204699
:1043D000C8F8146000F0E0F8B9F1000F02D02148ED
:1043E000FFF772FCD8F808309C4231D1EFF3058317
:1043F00073BB227BD20718D42846FFF773FCFB0758
:10440000A4D5002383F31188BFF36F8F04231846CC
:1044100002DF9BE703F07F0343F00803437312F0CE
:104420009CFE9AE74FF00009C4E785F31188BFF3BB
:104430006F8F83F31188BFF36F8F0423184602DF59
:10444000EFF31180202383F31288BFF36F8FD4E73B
:1044500085F31188BFF36F8FD1E700BF106F002085
:10446000286F0020D82B0020D3B5DDE90667089C13
:10447000CDE90067FFF77CFD1CB1034B9B685B69CE
:10448000236002B0D0BD00BF106F0020044BC01AE3
:10449000044BC0105843044B01221A54704700BF0C
:1044A000902C0020ABAAAAAA6F710020C3897F2B91
:1044B00012D80A4B1B6863B1094B90F90E201B6898
:1044C0009A4209DB437BDB0606D1064BC31A18BFB1
:1044D000012303F0010070470023FAE7446F002036
:1044E000406F00209029002070B50E4B0E4C1E7CB2
:1044F00006EB460304EBC3040546204612F02FFFEB
:104500000A4B002228469A55FFF7D0FF48B1084BC6
:1045100008491A68013A2046D317BDE8704000F0F8
:10452000E1B870BD106F0020902C00206F7100204A
:10453000446F00208D44040038B5EFF3118520232B
:1045400083F31288BFF36F8F104B114A9C68106879
:10455000A04206D1FFF7C8FF85F31188BFF36F8F24
:1045600038BD00211B7C11600A4AD35C002BF3D0BC
:104570002046FFF79BFF0028EED0637BDB0602D1CD
:104580002046FFF735FC2046E4E700BF106F00200F
:104590003C6F00206F710020EFF31181202383F323
:1045A0001288BFF36F8F0A4A136A834207D15B6F89
:1045B000136281F31188BFF36F8F70471346002B8E
:1045C000F7D05A6F8242F9D1426F5A67F1E700BFC4
:1045D000106F0020F8B505460E46EFF31187202333
:1045E00083F31288BFF36F8F064B1C6A24B987F3DD
:1045F0001188BFF36F8FF8BD20463146A847646F1E
:10460000F4E700BF106F0020F8B506460F46EFF341
:104610001183202282F31288BFF36F8F0B490C6A3B
:10462000154624B983F31188BFF36F8FF8BD83F368
:104630001188BFF36F8F39462046B047EFF31183DF
:1046400085F31288BFF36F8F646FEAE7106F002065
:104650000748084A084908B5121A12F06BFA0748C9
:10466000074A0849BDE80840121A12F063BA00BFB1
:104670000000002044180020A82E060000000020A2
:1046800000000020A82E0600024B1868984208BFC0
:104690000020704720100020034B1B680BB9F0F777
:1046A0002DB90020704700BF486F002030B570B1B1
:1046B0000B4B5B6898420AD0036843B1D3E90421ED
:1046C000D0E90445121941EB0501C3E90421D0E901
:1046D000003213605A600023C0E9003330BD00BFD0
:1046E00020100020B3F1FF3F08BFB2F1FF3FF8B543
:1046F00004461D4616465AD08160EFF311872023E9
:1047000083F31288BFF36F8F013275F1FF3321DA23
:104710002C49D1E900206FF001039B1A4FF0FF32C2
:1047200062EB00009E1B60EB0500012E70F10003A0
:1047300001DA01260020C4E90460FFF7A5FF224E3C
:1047400084467068BCF1000F0DD1C4E900600460BC
:1047500074601CE0FFF7A0FF013645F10005361834
:1047600045EBE070E7E7DCE90425D4E90431934246
:1047700071EB050E1CDAD21ADCF8043065EB01058A
:10478000CCE90425C4E900C31C60CCF80440FFF761
:104790007BFF844207D10D4B1C6824B912F0C6FD83
:1047A0002146F0F77DF887F31188BFF36F8FF8BDCE
:1047B0009B1A61EB05018445C4E90431C5D0DCF8DE
:1047C00000C0BFE7A82C002020100020486F002068
:1047D0002DE9F047EFF31185202383F31288BFF30F
:1047E0006F8FDFF8A090DFF8A080C9F80000FFF716
:1047F0004BFF00260027D9F80030D8E900ECD91784
:1048000050B1D0E90442A34271EB020A1ADAE41A69
:1048100062EB0102C0E9044213EB0E034CEB010111
:104820000024C8E90031C9F8004012F07FFD21469C
:10483000F0F736F885F31188BFF36F8FBDE8F047C6
:10484000FFF77ABE14EB0E024CEBE473C0E9046789
:10485000C8E90023FFF72AFF85F31188BFF36F8FA4
:1048600083689847EFF31185202383F31288BFF301
:104870006F8FD9F800301B1BC9F80030FFF704FF19
:10488000B9E700BF486F0020A82C002010B5EFF357
:104890001184202383F31288BFF36F8FFFF7FCFE90
:1048A000054A0346D2E90001181841EBE37184F38D
:1048B0001188BFF36F8F10BDA82C0020F8B50446F7
:1048C000EFF31187202383F31288BFF36F8F026801
:1048D00022B187F31188BFF36F8FF8BDD0E90A3694
:1048E000581C46F10001022871F1000127D3012B69
:1048F00076F10001BCBF012316465D1E46F1FF366E
:1049000012F052FD013041F10001401946EB010166
:10491000012871F100013ADB12F046FD013041F14E
:1049200000016FF00102401946EB0103121A4FF02B
:10493000FF3161EB030318492046FFF7D3FE236BD9
:1049400001332363236A6BB187F31188BFF36F8F41
:10495000236A20469847EFF31187202383F31288B8
:10496000BFF36F8F54F8185FA542B2D0002DB0D0BE
:10497000284612F03BFC0023C5F8B03087F31188BD
:10498000BFF36F8F2846BDE8F84012F020BC6FF0EF
:1049900001024FF0FF33CEE7BD4804002DE9F0419E
:1049A00005461C4690461F46EFF31186202383F3ED
:1049B0001288BFF36F8FB4F1FF3F08BFB2F1FF3F22
:1049C00005D186F31188BFF36F8FBDE8F081531CCA
:1049D00074F1FF3309DB012A74F10003BCBF01222B
:1049E000002412F1FF3844F1FF37284612F0B7FCDB
:1049F000DDE906010023C5E90A012B6303494246AC
:104A00003B462846FFF76EFEDBE700BFBD480400CB
:104A1000F0B51423154E03FB01000024202701B933
:104A2000F0BD10F8073C40F80C4C03F03F03102B8E
:104A3000A0F1140C0CD826FA03F3DB0708D550F8C4
:104A4000143C2BB150F8105C2B605D6040E90544CC
:104A500082F31188BFF36F8FEFF3118287F312880F
:104A6000BFF36F8F01396046D9E700BF160101001F
:104A70002DE9F74F1D46274B9F68012387F86030CB
:104A800087F8613052EA050316460CBF0123002364
:104A900007F16002804612F020FD8146EFF3118B92
:104AA0004FF0200A8AF31288BFF36F8F97F86040A7
:104AB0004CB901465A464046FFF7AAFF8BF31188CE
:104AC000BFF36F8F0BE0002387F8603056EA0503D1
:104AD00009D18BF31188BFF36F8F6FF00A04204662
:104AE00003B0BDE8F08FCDE900650B4A0B4859468D
:104AF000FFF73EFA0446EFF311858AF31288BFF3FD
:104B00006F8F2A4649464046FFF782FF85F311889A
:104B1000D6E700BF106F0020281000207071002021
:104B200038B50346EFF31185202282F31288BFF3D4
:104B30006F8FC160012181600068834206D185F3D7
:104B40001188BFF36F8F0024204638BDD0E90032B2
:104B500013605A600023C0E9003312F03CFD29467F
:104B600004460248FFF780FAEEE700BF70710020AC
:104B700073B506460D4612F0D7FA80B90B4B9B6809
:104B8000D3F8A8407CB12A1D09D200200021CDE92C
:104B9000000146F00401204611F0D7FF08B90024B7
:104BA00001E00460041D204602B070BD106F0020BB
:104BB00008B5054805F0ECFC044811F081FFBDE89C
:104BC0000840034805F0E4BC2E2E060040420F00CA
:104BD0006A2E060000B50B4C25681446EE681A468E
:104BE00085B003460D464CB107490095CDE9011447
:104BF0003046064900F04AF8D2F7A0FB04490C46BB
:104C0000F3E700BF3010002064C8050074C8050039
:104C1000888F050010B4044C03460A46206810BC77
:104C2000194600F003B800BF3010002010B502FB99
:104C300001F100F04FF8044668B150F8042C22F05E
:104C40000302043A242A18D8132A06D8024600235D
:104C5000136053609360204610BD00231B2A03603D
:104C600043600FD9242A8360C36011BF00F1100292
:104C700000F1180203614361E9E7002100F096FBAF
:104C8000204610BD00F10802E1E700BF0EB410B5E8
:104C900083B005AB064C53F8042B01930146206802
:104CA00002F03EFE03B0BDE8104003B0704700BF05
:104CB00030100020024B0146186800F00BB800BF0E
:104CC00030100020024B0146186803F0BDBF00BF42
:104CD000301000202DE9F04F01F10B05162D83B0A7
:104CE000064624D8102900F2B08000F0B1FB102550
:104CF00018224FF0020CBC4F3A44A2F1080354684A
:104D00009C4200F00B816368E268A16823F0030312
:104D10002344CA6091605A6842F0010230465A60EA
:104D2000083400F09BFB204603B0BDE8F08F35F05F
:104D3000070500F18A80A94200F2878000F088FB15
:104D4000B5F5FC7FC0F058816B0A00F08280042B1F
:104D500000F20B81AB0903F1390C03F138044FEA7F
:104D6000CC03A14F3B44A3F108005B68984206D1F5
:104D70000CE0002980F2C080DB68984206D05A68B7
:104D800022F00302511B0F29F3DDA446DFF85C82F9
:104D90003C69444500F09D80636823F00309A9EB5A
:104DA00005030F2B00F32D81002BC7E9048880F247
:104DB0000E81B9F5007FD7F804E080F0B6804FEAA5
:104DC000D90101314FEA5919012303FA09F357F8C0
:104DD0003120A2604EEA030E07EBC103083BE360FB
:104DE000C7F804E047F83140D4604FEAAC03012033
:104DF0009840704533D810EA0E0F07D12CF0030C01
:104E0000400010EA0E0F0CF1040CF9D007EBCC0AAD
:104E10005346E146D9680EE04A6822F00302A2EB4D
:104E2000050EBEF10F0F0C46C96800F3AC80BEF151
:104E3000000F80F2BF808B42EED109F1010919F019
:104E4000030F03F10803E5D123E10C2333600024B1
:104E500069E74FF400734FF0400C3F2481E7BC68D2
:104E6000636823F00308A84503D3A8EB05030F2BC1
:104E700032DC5F4B1A685F4B196801312A4404EB3E
:104E8000080A00F06B8102F580520F3222F47F6233
:104E900022F00F0211463046009200F0E5FAB0F120
:104EA000FF3F009A534B814605D0824540F2C480B3
:104EB000BC4200F00481BC68626822F00302AA428E
:104EC000A2EB050301D30F2B06DC304600F0C6FA37
:104ED000BDE7D7F804E088E7621943F0010345F025
:104EE000010565603046BA60536000F0B7FA0834D7
:104EF000204603B0BDE8F08FD3E902411A44E160D7
:104F00008C60516841F001013046516003F10804A2
:104F100000F0A4FA204603B0BDE8F08FD468A242A6
:104F20007FF4F1AE0CF1020C30E7B9F5206F4FEAD7
:104F300059227AD3142A00F22D8102F15C03DB009E
:104F40005B32F918FB580839994203D108E19B6894
:104F5000994204D05A6822F003024A45F7D8D9682A
:104F6000C4E902318C60DC603FE7142B40F285809D
:104F7000542B00F218812B0B03F16F0C03F16E041C
:104F80004FEACC03EDE63046A668631945F001050B
:104F90006560F1608E604EF00101C7E90433C3F82B
:104FA0000880C3F80C80596044F802E000F056FA1B
:104FB0000834B8E622443046536843F00103536096
:104FC00054F8083FD9608B6000F048FAABE6A14482
:104FD0003046D9F8043043F00103C9F804300834EE
:104FE00000F03CFA9FE600BF8805002090050020F5
:104FF0007C6F0020341000204FEAD50C05F1080228
:1050000079E6621943F0010145F00105656030461B
:10501000C7E90422C2F80880C2F80C80516044F845
:10502000093000F01BFA08347DE64FEA991202F1CC
:105030003903DB00383284E7DFF804B2DBF8001014
:105040001144CBF80010084640D1C9F30B0CBCF159
:10505000000F3BD1D7F80890424442F00102C9F852
:105060000420784B1868884238BF1960764B18685E
:10507000884238BF19604C461FE703F15C0C03F10E
:105080005B044FEACC036CE65AF80839534540F00C
:10509000D5801CF0030F0CF1FF3CF5D17B6823EAAF
:1050A00000037B60400098423FF6D9AE18B9D6E6BF
:1050B000400009F104091842FAD0CC46A6E6DFF810
:1050C00080B1DBF800001044CBF800001968013112
:1050D0001BBFA9EB0A031B18C3F80090CBF80030E4
:1050E00019F0070345D0C3F108018944C3F5805185
:1050F0004A440831891AC1F30B0A514630460193DC
:10510000009200F0B1F9421CDDE900237AD0A0EB57
:10511000090000EB0A02DBF80030C7F8089042F003
:1051200001020AEB0301BC42C9F80420CBF80010CD
:1051300097D0B8F10F0F41D96268A8F10C0323F0A2
:10514000070302F001021A436260E21805200F2BE8
:10515000506090604CD8D9F8042082E7103299E66C
:105160009210012000FA02F24EEA020EC7F804E0A3
:10517000F6E609EB02014942C1F30B0A51463046FB
:105180000193009200F070F9431CDDE90023BED1C9
:105190009A46C0E7542A15D84FEA193202F16F0334
:1051A000DB006E32CDE6B3F5AA7F15D8EB0B03F129
:1051B000780C03F177044FEACC03D2E50123C9F858
:1051C000043082E6B2F5AA7F23D84FEAD93202F141
:1051D0007803DB007732B4E640F25452934223D88E
:1051E000AB0C03F17D0C03F17C044FEACC03B8E572
:1051F00004F10801304603F027FDD7F80890DBF8EA
:105200000010A8E7083B1A44A2EB09024FF0000A7D
:1052100081E740F254539A420CD84FEA994202F186
:105220007D03DB007C328CE64FF47E734FF07F0C05
:105230007E2496E54FF47E737E2282E67B6831E71A
:105240004C6F0020786F0020746F0020032A70B527
:1052500011D940EA01039B071FD104460B4602E027
:10526000043A032A1DD91946204653F8045B54F822
:10527000046BAE42F4D0541EB2B1421E013901E0BB
:10528000C3180CD012F801EF11F801CFE645A4EBDA
:105290000203F5D0AEEB0C0070BD541EEDE71846CE
:1052A00070BD20461946E6E7104670BD88420ED90B
:1052B0008B1883420BD900EB020C002A6ED0624699
:1052C00013F801CD02F801CD9942F9D170470F2AA8
:1052D0000FD8034602F1FF3C002A5FD00CF1010C0D
:1052E000013B8C4411F8012B03F8012F6145F9D1E2
:1052F000704740EA01039B0751D1A2F1100370B53A
:1053000001F1200C23F00F0501F1100E00F1100443
:10531000AC441B095EF8105C44F8105C5EF80C5C51
:1053200044F80C5C5EF8085C44F8085C5EF8045CC9
:1053300044F8045C0EF1100EE64504F11004E9D1C6
:10534000013312F00C0F01EB031102F00F0400EB1C
:10535000031328D0043C24F003064FEA940C1E44A7
:105360001C1F8E465EF8045B44F8045FB442F9D11A
:105370000CF1010402F0030203EB840301EB84014E
:1053800002F1FF3C4AB10CF1010C013B8C4411F8D5
:10539000012B03F8012F6145F9D170BD704702F16F
:1053A000FF3C03469AE72246EAE700BF830730B591
:1053B00047D0541E002A3ED0CAB2034601E0013C49
:1053C00039D303F8012B9D07F9D1032C2CD9CDB289
:1053D00005EB05250F2C05EB054535D9A4F1100289
:1053E00022F00F0C03F1100EE6444FEA121C1A468D
:1053F000156055609560D56010327245F8D10CF19A
:10540000010214F00C0F03EB021204F00F0C13D086
:10541000ACF1040323F003030433134442F8045BA8
:105420009A42FBD10CF003042CB1C9B21C4403F81E
:10543000011B9C42FBD130BD64461346002CF4D1C5
:10544000F9E703461446C0E71A46A446E0E700BF62
:10545000014806F007BF00BF0C140020014806F009
:1054600007BF00BF0C14002038B5074D00220446CA
:1054700008462A60D1F74EFF431C00D038BD2B6888
:10548000002BFBD0236038BD806F00200CB410B51A
:105490001F4B00291C689CB035DB4FF40273ADF83C
:1054A0001430029006901FAB18D001394FF6FF72EE
:1054B00004910791ADF8162002A91E9A0193204687
:1054C00000F024FD421C01DA8B232360029B0022A2
:1054D0001A701CB0BDE8104002B070474FF6FF7262
:1054E00004910791ADF8162002A91E9A0193204657
:1054F00000F00CFD431C01DA8B2323601CB0BDE8D7
:10550000104002B070478B2323604FF0FF30F5E767
:10551000301000200EB410B59DB06FF000411FABED
:1055200004910791094953F8042B02900690084C06
:105530000868019302A9059400F0E8FC029B002290
:105540001A701DB0BDE8104003B070473010002045
:105550000802FFFF11F0FF01034600F0030239D0FB
:105560008ABB026810B501EB012E4EEA0E4E8EEAA0
:105570000204A2F1013323EA0203A4F1013222EA78
:105580000402134313F0803F0FD150F8044F84EA14
:105590000E0CA4F10133ACF1013223EA040322EA38
:1055A0000C02134313F0803FEFD0037823B936E0A9
:1055B00010F8013F002B32D09942F9D110BD8A4238
:1055C00028D09A0729D01A7818460133002AF6D134
:1055D00010467047CAB90268A2F1013323EA0203F8
:1055E00013F0803F08D150F8042FA2F1013323EAD1
:1055F000020313F0803FF6D003785BB110F8013F4F
:10560000002BFBD17047990705D0184613F8012BE2
:10561000002AF8D170471846DDE71846A1E718467A
:1056200010BD00BF80EA0102844612F0030F4FD183
:1056300011F0030F32D14DF8044D11F0040F51F861
:10564000043B0BD0A3F101329A4312F0803F04BF18
:105650004CF8043B51F8043B16D100BF51F8044B01
:10566000A3F101329A4312F0803FA4F101320BD131
:105670004CF8043BA24312F0803F04BF51F8043BB6
:105680004CF8044BEAD023460CF8013B13F0FF0F13
:105690004FEA3323F8D15DF8044B704711F0010F46
:1056A00006D011F8012B0CF8012B002A08BF704717
:1056B00011F0020FBFD031F8022B12F0FF0F16BF0E
:1056C0002CF8022B8CF8002012F47F4FB3D17047D6
:1056D00011F8012B0CF8012B002AF9D1704700BFFB
:1056E00010B58646007860B10C78F4468CB10A4655
:1056F000234602E012F8013F23B18342FAD1ACEB1A
:105700000E0010BD1CF8010F0028F0D1ACEB0E000C
:10571000F7E71CF8010F0028F1D01CF8010F002852
:10572000F7D1ECE7B2B340EA01039B0730B58446FA
:1057300018D1032A16D904460B4606E0043A2BD0AA
:105740001EF0803F28D1032A2AD92068194653F831
:10575000045BA0F1013EA842A4462EEA000E04F12B
:105760000404EBD09CF800000C78844216D1012A86
:1057700012D0E64668B11EF8010F11F8014FA2EBF6
:105780000E03A04203F1FF3308D11CEB0303F1D158
:10579000184630BD10467047002030BD001B30BD9C
:1057A000A4461946DEE700BF40EA01039B0710B597
:1057B00001D1032A17D8844601F1FF3E07E01EF805
:1057C000011F03F8011B541E29B19C462246634663
:1057D000002AF4D110BD9444002CFBD003F8011B27
:1057E0006345FBD110BD8E468446DEF80040A4F12F
:1057F000013323EA040313F0803F71460EF1040ED7
:10580000DAD1043A032A4CF8044BEED87146D3E7B8
:1058100071B138B503460C46002501E0431C05462E
:1058200021461846FFF796FE0028F7D1284638BDD6
:10583000FFF790BE10B58646007880B10C787CB139
:10584000F4460A46234602E012F8013F2BB1984283
:10585000FAD11CF8010F0028F3D1ACEB0E0010BDFB
:10586000204610BD2DE9F04F012BADF2144D1C4622
:1058700081468B46904640F24081012700253946FB
:105880004FF0FF303B4605E01F1A1D4601216B1803
:105890009C420ED908EB000218F80360525C964255
:1058A000F2D379D00127284639463D446B189C42F3
:1058B000F0D801970127002539464FF0FF363B46C7
:1058C00005E09F1B1D4601216B189C420ED908EB79
:1058D000010218F803C0925D6245F2D362D001273D
:1058E0002E4639463D446B189C42F0D8013600F1F3
:1058F000010A5645019B28BF3B46019328BFB2468B
:1059000003AB0DF20C4243F8044F9A42FBD16CB149
:10591000601E404408F1FF3212F8011FA31A013B38
:1059200004AD4344824245F82130F5D1019B5246F3
:1059300008EB03014046FFF789FC002840F0858012
:1059400044F4006307460546ABEB040C0293661E65
:10595000AC4512D309EB050E04AA1EF8063052F826
:1059600023302BB327B1019A93423CBF1346E31A6D
:105970001D44AC454FF00007ECD209EB0B00029937
:1059800010F024FC8344ABEB040CAC45E2D20020C5
:105990000DF2144DBDE8F08FB9420ABF6D18013108
:1059A000012174E78F4212BF0131ED1901218BE70C
:1059B00057453B4638BF5346B34218D2591EEA18E2
:1059C00041444A44009502E00133B3420ED212F83A
:1059D000010B11F8015F8542F6D09E42009D06D969
:1059E000CAF101022A449D180027B1E7009D5745DE
:1059F0000AF1FF337FD205EB0A024A4408EB0A01A1
:105A00000095CDF80CA002E09F4213D0534611F848
:105A1000015D12F8010D854203F1FF3AF4D0009DBB
:105A2000DDF80CA0013301379F4209D8019B1D44CA
:105A3000E71A8DE701379F42009DDDF80CA0F5D9EC
:105A400070460DF2144DBDE8F08FA4EB0A035345E8
:105A500038BF53460133019344F400630025ABEB98
:105A6000040C0093661EAC4509D309EB050004AA9B
:105A7000835D52F823306BB11D44AC45F5D209EB80
:105A80000B00009910F0A2FB8344ABEB040CAC4577
:105A9000EBD27CE7B24517D20AF1FF3105EB0A02DF
:105AA00041444A44534602E00133B3420CD212F857
:105AB000017B11F801EFBE45F6D0B34204D2CAF122
:105AC00001022A449D18CEE7BAF1000F3FF460AFFF
:105AD00005EB0A01494408EB0A0202E043453FF4A2
:105AE00057AF12F801ED11F8017DBE451346F5D010
:105AF000019B1D44C1E7534695E7012301934FF0F5
:105B0000000AFDE62DE9F0410D46097890B0044603
:105B1000002954D06A78002A00F08280AB78002BEC
:105B200051D0E8782E68002800F081802B79002B76
:105B300056D02846C6F7E4FB064640F400712046DE
:105B400010F044FB86425AD8FE2E00F28880801B5B
:105B500027184022711C6846FFF728FC7EB16A1E98
:105B60005FFA86FC901912F8013F03F03F034033BF
:105B70006B44A91A6144904203F8401CF3D1013CE4
:105B8000A35D03F03F0340336B4413F8403C1C44D7
:105B9000A74203D238E04444A74235D314F806C0E4
:105BA0000CF03F0C0CF140030DEB030C2046324689
:105BB00029461CF8408CFFF749FB0028EBD1204612
:105BC00010B0BDE8F081007842EA0142B8B140EA85
:105BD00003439A42214614F8010FF7D14C1EEEE719
:105BE000227862B131BA01E099421ED042EA032321
:105BF000204614F8012F002AF6D1994215D000242E
:105C0000204610B0BDE8F081BB5DB819002BF6D07E
:105C10004FF4006110F0DAFA0744A742AFD2EEE782
:105C200010B0BDE8F041FFF795BCC41EC7E71204F1
:105C300042EA0162217842EA03230029DFD00246CA
:105C400001E00029DBD041EA0200B3EB002F25463A
:105C50004FEA002214F8011FF3D1AC1EAFE7014652
:105C600033462A46204610B0BDE8F041FFF7FABDA2
:105C7000242B2DE9F84F43D8012B41D080464948C9
:105C80001F468E4675461EF801BB10F80B4014F0F7
:105C90000804F7D1BBF12D0F6FD0BBF12B0F08BF5C
:105CA0009EF800B06FF0004908BF05F1020E73BB0B
:105CB000BBF1300F4BD00A273B460025B9FBF7F666
:105CC000284607FB169A05E03AD007FB00C00125DD
:105CD0001EF801BBABF1300CBCF1090F06D9ABF1DA
:105CE000410CBCF1190F19D8ABF1370C63451EDD1F
:105CF000B5F1FF3FECD08642E6D24FF0FF35E7E743
:105D000006F0B8FA162303600020BDE8F88F102BC8
:105D1000D3D1BBF1300F23D01F46CEE7ABF1610CDE
:105D2000BCF1190F03D8ABF1570C6345E0DC6B1CD9
:105D30002BD054B9002AE8D085BB1160BDE8F88F9C
:105D4000E245C2DA4FF0FF35C2E74042F2E79EF883
:105D5000003003F0DF03582B08D008273B46ACE7A0
:105D60009EF8000000F0DF005828D5D110279EF8DB
:105D700001B03B460EF1020E9FE79EF800B04FF0D7
:105D8000004905F1020E012491E72223C8F80030F2
:105D900032B10EF1FF3148461160CFE78146F8E796
:105DA0004846B2E7A5C8050010B4044C8446134623
:105DB000206810BC0A466146FFF75ABF3010002029
:105DC0002DE9F047074649480E46354616F801EBDF
:105DD00010F80EC01CF0080CF7D1BEF12D0F5AD0F0
:105DE000BEF12B0F03BF96F800E06446AE1C64467C
:105DF0004BB9BEF1300F5CD00A23DFF8F4804FF0CE
:105E0000050A99460AE0102B4AD04FF0FF38B8FB3C
:105E1000F3F803FB08FA6FEA0A0A994600252846B8
:105E200005E02CD009FB00C0012516F801EBAEF10E
:105E3000300CBCF1090F06D9AEF1410CBCF1190FC1
:105E40000BD8AEF1370C634510DDB5F1FF3FECD058
:105E50004045E6D94FF0FF35E7E7AEF1610CBCF104
:105E6000190F03D8AEF1570C6345EEDC6B1C0BD059
:105E700004B140420AB165B91160BDE8F087D4456C
:105E8000D0DD4FF0FF35D0E722233B602846002AC3
:105E9000F3D0711EF0E796F800E00124AE1CA7E7EE
:105EA000BEF1300F11D04FF00F0A6FF070489946D5
:105EB000B4E7337803F0DF03582B0BD008234FF0FF
:105EC000070A6FF060489946A8E7307800F0DF00D5
:105ED0005828E8D14FF0100996F801E04FF00F0A6A
:105EE00002366FF070484B4698E700BFA5C8050022
:105EF0009999991910B4044C84461346206810BC33
:105F00000A466146FFF75CBF301000202DE9F04FD4
:105F1000D9B00C46CDE90C0192460F9303F032F94B
:105F2000036817931846C6F7EBF9A38916901D0668
:105F300003D52369002B00F081870023CDE92D33A1
:105F4000CDE91933CDE91B33129318930B93002439
:105F50000023CDF820A0CDE91434089B1B782FAA8C
:105F60002C929346002B00F0E481DDF820A004E0A1
:105F70001AF8013F002B00F01C81252BF8D1089B5B
:105F8000BAEB030540F01A819AF80030002B00F0BC
:105F9000D08100239AF801508DF893300A930AF1CA
:105FA000010A4FF0FF3907930AF1010AA5F1200316
:105FB0005A2B00F23481DFE813F09B0232013201E8
:105FC00094023201320132016A00320132015C0274
:105FD0006E02320167027B02320174025B005B00D9
:105FE0005B005B005B005B005B005B005B00320101
:105FF000320132013201320132013201C801320173
:106000002A028700C801C801C801320132013201E9
:106010003201B80232013201B500320132013201DF
:1060200034023201A60232013201F8063201320195
:10603000320132013201320132013201C801320132
:106040002A028B00C801C801C801E8028B00800049
:106050003201DE023201D002B900BF0280003201FB
:1060600034027D001C07320132011F0732017D001E
:10607000A5F1300300221AF8015B02EB820203EB68
:106080004202A5F13003092BF5D90A928EE70C9D47
:10609000284603F077F843681B931846C6F730F993
:1060A0001C900446284603F06DF883681993002C71
:1060B00040F06B869AF8005076E7079B9AF80050FC
:1060C00043F0200307936FE7079B43F01003079308
:1060D000079B9C0640F18A810F9B073323F007033F
:1060E0001A46596852F8083B0F920A460029C0F236
:1060F000B185B9F1FF3F00F0EB87079921F08006E9
:1061000053EA020100F050850A2B72F1000180F081
:10611000738730338DF85F310DF25F130796089364
:10612000012634E0079B43F010030793079B13F00D
:10613000200200F04A810F9B073323F00703194622
:106140005A6851F8083B0F91079921F480660021A5
:106150000020B9F1FF3F8DF8930000F0898226F00E
:106160008000079053EA020040F08182B9F1000FED
:1061700040F0B787002940F01C8516F001061BBFD0
:1061800030238DF85F3158AB0DF25F130893002375
:10619000B145CDE9103349469DF893200E93B8BF21
:1061A000314609911393002A4BD0099B013309937F
:1061B00047E0089BBAEB030500F0BB80089B2E9FCD
:1061C000CBE900352D9B01332F44072B2E972D93C0
:1061D00005DC0BF1080B0B9B2B440B93D4E6DDE99C
:1061E0000C012CAA03F00EFE80B90DF1BC0BF2E7F6
:1061F000DDE90C012CAA03F005FE002800F08880E0
:106200000E9B1BB10E990C9802F01EFD0D9B9B89F5
:10621000590601F1D8820B9859B0BDE8F08F002DD6
:1062200000F0878000228DF8FC508DF89320012328
:10623000CDE9102209931E463FAB0E929146139270
:106240000893079B13F0020302D0099902310991C8
:10625000079911F0840405D1DDE909010F1A002F17
:1062600000F33E832E9F8AB12D9A0DF193010132E6
:106270000137CBF80010072A4FF001012E972D921D
:10628000CBF8041000F384830BF1080B83B12D9B32
:1062900025AA01330237CBF80020072B4FF002026A
:1062A0002E972D93CBF8042000F380830BF1080B7D
:1062B000802C00F0F981A9EB0608B8F1000F00F37B
:1062C0003F82079BDA0500F16A81089BCBF800301A
:1062D0002D9BCBF804600133F519072B2E952D93D8
:1062E00000F3A7820BF1080B079B580705D5DDE9E2
:1062F00009239C1A002C00F36B83DDE90A2309991A
:106300008A42ACBF9B185B180B93002D7FF470AFD3
:1063100000232D930E9B1BB10E990C9802F094FC58
:106320000DF1BC0BCDF820A0089B1B78002B7FF44F
:106330001CAE2E9B002B3FF469AF0D9C0C982CAA31
:10634000214603F05FFDA38962E70F9B073323F02B
:106350000703F3E802670F9327F000431F931E968D
:10636000DDE91E01AE4B4FF0FF32CDE91467C6F7F1
:106370009BFF002840F0A084DDE91E01A84B4FF0F0
:10638000FF32C6F773FF002840F0968400220023F6
:1063900030463946C6F760FF002840F05B879DF81D
:1063A0009320079B9F4C23F0800307939E4B472D20
:1063B000C8BF1C4603210023CDE9103308940E9377
:1063C00009910E4699461393EDE60F9951F8043B57
:1063D0000F91079911F010017FF4B6AE079A12F0F1
:1063E000400000F019879BB20A46ADE60F9A52F8BA
:1063F000043B0F92079AD00600F15584079A510684
:1064000040F14D8443F3C03211461BB26EE60F9B40
:10641000002253F8041B8DF893208DF8FC100F9385
:1064200005E70F9F57F8043B089300268DF893600B
:10643000002B00F09E86B9F1FF3F00F00E85089812
:106440004A463146C6F73CF90E90002801F01D81FE
:106450000E9B089A0F97B1469E1A26EAE673CDE97D
:1064600010999DF893200993CDF83890CDF84C9071
:1064700099E60F9B53F8042B0A92002A80F20A84B3
:106480000A9A0F9352420A92079B9AF8005043F0DF
:106490000403079388E52B239AF800508DF8933076
:1064A00082E5079B9AF8005043F0800307937BE551
:1064B000524612F8015B2A2D01F01182A5F130033A
:1064C000092B92464FF000093FF670AD1AF8015BB8
:1064D00009EB890903EB4909A5F13003092BF5D92B
:1064E00064E5079B9AF8005043F0010307935BE5CE
:1064F0009DF893309AF80050002B7FF455AD20237F
:106500008DF8933050E5079B43F0100616F02002FB
:1065100000F089830F9B073323F0070319465A685D
:1065200051F8083B0F91012112E6079B9AF80050A1
:1065300043F00803079337E50F9A079B43F00206E1
:1065400052F8043B0F9247F63002ADF89420374AD8
:106550001892022100227825FAE5079B9E0640F159
:1065600002840F9B0B9A1B681A60D2175A600F9B0C
:1065700004330F93D6E69AF80050079B6C2D00F079
:10658000548443F0100307930EE59AF80050079BDC
:10659000682D00F0418443F04003079304E5652D26
:1065A00040F35381DDE9140100220023C6F74AFEBF
:1065B000002800F049822D9B1D4ACBF800200133B2
:1065C00001370122072B2E972D93CBF8042000F3DF
:1065D0008E850BF1080B269B129A934204DB079BD6
:1065E000DB0701D43D467FE6169B179ADD19CBE900
:1065F00000232D9B2E950133072B2D9300F3FF8352
:106600000BF1080B129B5C1E002C7FF76DAE102C5B
:106610002D9B084F40F37885DDE90C89102611E0A9
:10662000FFFFEF7FA8C90500ACC90500B8C9050088
:1066300044900500E8C905000BF1080B103C102C34
:1066400040F3628501331035072BCBE90076CDE9A5
:106650002D35F1DD2CAA4946404603F0D3FB002836
:106660007FF4CEADDDE92D350DF1BC0BE6E7079EDD
:1066700001293FF449AD022900F0768158AC03F0BE
:106680000701DB0843EA4273D208303153EA0207BC
:10669000204604F8011DF2D1F707089400F1768234
:1066A00058AB07961E1B72E5DDE90923A3EB020830
:1066B000B8F1000F7FF7FFADB8F1100F3A462D9BF0
:1066C000C04F29DD1D9520961024DDE90C65194683
:1066D00006E0A8F11008B8F1100F0BF1080B18DD57
:1066E000013110320729CBE90074CDE92D12F0DD1C
:1066F0002CAA294630460DF1BC0B03F083FB002881
:106700007FF47EADA8F11008B8F1100FDDE92D126D
:10671000E6DC1D9D209E0B460133CBF80070072B55
:1067200008EB0207CDE92D37CBF8048000F30E8586
:10673000A9EB0608B8F1000F0BF1080B7FF7C1AD0C
:10674000B8F1100F3A462D9B9E4F2EDD59460C9CFA
:10675000C3464FF01009B84637462E460D9D06E059
:10676000ABF1100BBBF1100F01F1080118DD013383
:1067700094481032072BC1E90009CDE92D32EFDD35
:106780002CAA2946204603F03DFB00287FF438ADB3
:10679000ABF1100BBBF1100FDDE92D322FA9E6DCB8
:1067A00035463E464746D8468B460133CBF8007007
:1067B000072B08EB0207CDE92D37CBF8048000F357
:1067C00025820BF1080B7CE52D9B7F49CBF800104F
:1067D00001337D1C0121072B2E952D93CBF804103E
:1067E00000F34A850BF1080B002A40F0E084079B78
:1067F000129A03F0010313433FF476AD169B179AE8
:106800005919CBE900232D9B2E910133072B2D9392
:1068100000F3EF850BF1080B089ACBF80020129AD1
:10682000CBF8042001335518072BCDE92D357FF720
:1068300059ADDDE90C012CAA03F0E4FA00287FF43D
:10684000DFAC2E9D0DF1BC0B4EE5129B012B0BF125
:10685000080640F37A81089BCBF800302D9B01336A
:1068600001370122072B2E972D93CBF8042000F33C
:10687000F981169A03F10108179BD519B8F1070F92
:10688000C6E90032CDE92D8500F3F8810836129B68
:10689000DDE9140103F1FF3900220023C6F7D2FC21
:1068A000002840F08B81089CC6F8049008F101088C
:1068B00001344D44B8F1070FCDE92D85346000F364
:1068C000598108361A9A726008F101031544072BA2
:1068D00028AACDE92D353260ABDC06F1080B03E5C3
:1068E000102FDDE92D21DFF8E4802DDD1D934346D7
:1068F000CDE92045B046DDE90C451E4604E0103FD9
:10690000102F0BF1080B19DD013210311023072A6B
:10691000CDE92D21CBF80060CBF80430EFDD2CAAB7
:10692000294620460DF1BC0B03F06CFA00287FF4D9
:1069300067AC103F102FDDE92D21E5DCDDE92045B6
:1069400030461D9B4646804601323944072ACBF823
:106950000080CBF804702E912D9200F3A9839DF84E
:1069600093200BF1080B7DE4189C58A903F00F004D
:106970001B09205C01F8010D43EA0273120953EA76
:106980000200F3D158ABCDE907615E1AFFF7FFBBF8
:10699000DDE90C012CAA1D9303F034FA00287FF4E2
:1069A0002FAC2E9F1D9B0DF1BC0B6FE4DDE90C019C
:1069B0002CAA03F027FA00287FF422AC2E9F0DF1B9
:1069C000BC0B75E4E8C9050044900500F8C9050052
:1069D000102C2D9BDFF8D88223DD4746DDF834905C
:1069E000DDF83080102604E0103C102C0BF1080B71
:1069F00016DD01331035072BCBE90076CDE92D35B7
:106A0000F2DD2CAA494640460DF1BC0B03F0FAF921
:106A100000287FF4F5AB103C102CDDE92D35E8DCC7
:106A2000B84601332544072BCBE90084CDE92D3549
:106A30007FF763ACDDE90C012CAA03F0E3F9002831
:106A40007FF4DEAB2E9D58E4269A002A7FF7BCAE79
:106A5000109E129A089B9642A8BF1646002E1A4412
:106A60001D920BDDCBE900362D9B01333744072BFC
:106A70002E972D9300F39B850BF1080B109D002E94
:106A8000A8BFAD1B002D00F3F081109BDDF8209016
:106A90009944079B5E0500F10D82269C129B9C4247
:106AA00003DB079AD50740F18E84169B179ADD19F0
:106AB000CBE900232D9B2E950133072B2D9300F35B
:106AC000D6850BF1080B129B1C1B1D9BA3EB090623
:106AD000A642A8BF2646002E0DDD2D9BCBF80090C8
:106AE00001333544072BCBF804602E952D9300F32A
:106AF000D8850BF1080B002EA8BFA41B002C7FF734
:106B0000F3AB102C2D9B6B4F40F3FE82DDE90C891B
:106B1000102605E00BF1080B103C102C40F3F4821A
:106B200001331035072BCBE90076CDE92D35F1DDAA
:106B30002CAA4946404603F065F900287FF460AB73
:106B4000DDE92D350DF1BC0BE6E7079BDC073FF5D2
:106B500082AE089BCBF800302D9B03F101087D1C11
:106B60000123B8F1070F2E95CDF8B480CBF804308F
:106B70007FF7A8AEDDE90C012CAA03F043F9002849
:106B80007FF43EABDDE92D852FAE9BE6302900F08A
:106B9000C882089A07963023023802F8013C58ABA5
:106BA0001E1A0890FFF7F3BAB9F1000F7FF4B1AAEB
:106BB000079658AB4E460893FFF7E9BA129B012B94
:106BC0007FF780AE112B3B4F40F3E4824346102405
:106BD000DDE90C8B06E00836A9F11009B9F1100FB8
:106BE00040F3D78201331035072BC6E90074CDE995
:106BF0002D35F0DD2CAA5946404603F003F9002854
:106C00007FF4FEAADDE92D352FAEE5E7DDE90C01C5
:106C10002CAA03F0F7F800287FF4F2AA2E9F0DF1BA
:106C2000BC0BFFF74EBB0F9951F8043B0F9116F0C8
:106C300010010CD116F0400004D00A469BB201218D
:106C4000FFF786BA16F400721CBFDBB202460121C0
:106C5000FFF77EBA5B42079E62EB42022D200121C4
:106C6000FFF777BADDE90C012CAA03F0CBF8002876
:106C70007FF4C6AADDE92D372FAEFAE5DDE90C0178
:106C80002CAA03F0BFF800287FF4BAAADDE92D850D
:106C90002FAEFCE59AF800500F93FFF785B9079ADD
:106CA000920500F1A083DA171146FFF71FBA00BF63
:106CB000F8C90500E8C90500DDE9140102460B46E4
:106CC000C6F7F2FA002840F0BF85612D00F08C84F1
:106CD000412D00F0F684B9F1FF3F00F0A58325F0C7
:106CE0002003472B04D1B9F1000F08BF4FF0010971
:106CF000DDE91412079C002A44F480700990C0F268
:106D0000AA84CDE9221200231D930E93A5F141031D
:106D1000252B00F2BF82DFE813F09103BD02BD0214
:106D2000BD028A038E03BD02BD02BD02BD02BD02CB
:106D3000BD02BD02BD02BD02BD02BD02BD02BD025B
:106D4000BD02BD02BD02BD02BD02BD02BD02BD024B
:106D5000BD02BD02BD02BD02BD02BD02BD02BD023B
:106D6000BD028A038E03079BDD0600F1FC81079BB1
:106D70005C0600F13283079B980540F1F4810F9B7C
:106D80000B9A1B681A70FFF7F2BB199B9AF8005018
:106D9000002B3FF409A91B78002B3FF405A9079BA2
:106DA00043F480630793FFF7FFB8BD4B1893079B2D
:106DB00013F0200200F002810F9B073323F007033A
:106DC00019465A6851F8083B0F910798C1070AD530
:106DD00053EA020107D040F00201079130218DF8FB
:106DE00095508DF89410079921F480660221FFF7E1
:106DF000AFB9079EFFF78ABBAA4B1893D7E7DDE927
:106E00000C012CAA02F0FEFF00287FF4F9A92E9DA8
:106E10000DF1BC0BFFF7F6BB43F400739AF8015079
:106E200007930AF1010AFFF7BFB843F020039AF86D
:106E3000015007930AF1010AFFF7B6B80C984021F8
:106E4000FDF748FF0D9B18601861002800F0B8841A
:106E50000D9A40235361FFF770B808980F97C5F754
:106E60004FFAB1460646FFF7F8BA102D3A462D9B69
:106E70008D4F40F3E081DDE90C48102605E00BF171
:106E8000080B103D102D40F3D68101331032072B33
:106E9000CBE90076CDE92D32F1DD2CAA4146204622
:106EA00002F0B0FF00287FF4ABA9DDE92D320DF12F
:106EB000BC0BE6E71199CDF880A05A4638467A4EC9
:106EC000DDF864A01C9BDDF834B04F464FF010088D
:106ED000DDF84C9081B3B9F1000F00F0FC8009F1AE
:106EE000FF391B99C2E900132D9901311844072974
:106EF0002E902D9173DC08321D9C9AF80010E51B32
:106F00008D42A8BF0D46002D0CDD2D99013128447E
:106F10000729C2E900752E902D9100F308819AF897
:106F200000100832002DACBF4C1B0C46002C12DCAC
:106F30000F4411990029CED1B9F1000FCFD11D9B7B
:106F4000CDF864A0B9469945DDF880A09346074680
:106F500028BF9946A1E5102C2D9940F387840C9DFC
:106F60000893109604E0103C102C02F1080215DD85
:106F7000013110300729C2E90068CDE92D10F2DD9A
:106F80002CAA5946284602F03DFF00287FF438A974
:106F9000103C102CDDE92D102FAAE9DC089B109D78
:106FA0001560013120440729CDE92D10546000F30C
:106FB0000B839AF8001008320F44BAE70F9951F882
:106FC000043B0F91079911F010017FF4FEAE079A70
:106FD00012F0400000F028819BB20A46F5E60C98BA
:106FE00008932CAA594602F00DFF00287FF408A947
:106FF0002E98089B2FAA7FE706F480670996CDE9B3
:1070000007A5DFF8A880199E4FF0000C58AC05E0EA
:107010000A2B72F1000235D353462A46991841F1E2
:107020000001A8FB010525F0030000EB9500091AFB
:10703000581A4FF0CC3562F1000E05FB00F508FB45
:107040000E55A0FB08A005440AF0010E0520AEFB7A
:10705000000E40184FEA5A0A303004F8010C4AEA90
:10706000C57A0CF1010C013C6D08002FD0D03178AD
:107070008C45CDD1BCF1FF0FCAD00A2B72F10002B2
:1070800080F0ED801996DDE9085658ABDDF81CA0BC
:10709000CDF848C0CDE907641E1BFFF778B800BFE4
:1070A000CCC90500B8C90500E8C90500CDCCCCCCD9
:1070B000DDE90C012CAA1D9302F0A4FE00287FF448
:1070C0009FA89DF893201D9B0DF1BC0BFFF7CAB83C
:1070D000079EFFF719B8119901390AF1FF3A11918A
:1070E000FFE60129079E7FF4C6AAFFF712B8DDE983
:1070F0000C012CAA02F086FE00287FF481A82E9FA6
:107100000DF1BC0BFFF767BA01332544072BCBF811
:107110000070CBF80440CDE92D357FF7E3A8FFF7E9
:1071200088BB089A079658AB9E1AFFF730B80C98A0
:1071300008932CAA594602F065FE00287FF460A847
:107140009AF800102E98089B2FAAEBE6DDE90C01B7
:107150002CAA02F057FE00287FF452A82E9F0DF1B2
:10716000BC0BFFF7A8B80F9B0B9A1B681A60FFF7C0
:10717000FEB94E46062E1A4628BF062699460E939D
:10718000BF4B0996CDE910220F9708931392FFF792
:107190000AB8984608F101084D44B8F1070FCDE947
:1071A0002D853760C6F804907FF78BABE2E4169B21
:1071B00017985919CBE900032D9B2E910133072B0A
:1071C0002D9300F316810BF1080B002ABFF624ABB8
:1071D00056421032AB4F80F2CB82DDE90C481025CD
:1071E00005E00BF1080B103E102E40F3C182013375
:1071F0001031072BCBE90075CDE92D31F1DD2CAA3B
:107200004146204602F0FEFD00287EF4F9AFDDE99C
:107210002D310DF1BC0BE6E7079A12F400721CBF8A
:10722000DBB20246FEF790BF079A12F400721CBF51
:10723000DBB20246C9E50133CBF80070072B05EB42
:107240000207CDE92D37CBF8045000F3E0800BF1B5
:10725000080B1AE42D228DF89320FFF7A2B81C9B8F
:107260001B99E41A1A462046FEF79EFA737803B17A
:1072700001364FF0000CCFE6DDE90C012CAA02F03C
:10728000C1FD00287EF4BCAF269A2E9D0DF1BC0BEB
:10729000FFF7AABA4F460223CDE900372AAB049381
:1072A00027AB039326AB02930C98DDE92223C8F7A2
:1072B0008FF9672D089000F00682472D00F0958227
:1072C000089B25F02008B8F1460F03EB070605D10F
:1072D0001B78302B00F0DC82269F3E44DDE9220142
:1072E00000220023C5F7AEFF002800F03C813346A2
:1072F000089A9B1A1293269A1092B8F1470F00F041
:107300002081B8F1460F00F0F681531E612D2693BF
:1073100000F0D682412D40F01C8150210120002B2D
:10732000B6BFC2F101032B222D22092B8DF8A0102C
:107330008DF8A12040F335820DF1AF06524F324651
:107340001046A7FB0312D20802EB8201A3EB410116
:10735000303100F8011C19466329134600F1FF3251
:10736000EEDC303302F8013C831EB34280F0B4827D
:107370000DF1A10213F8011B02F8011FB342F9D16C
:1073800058AB181AA0F1AD031A93129B1A9A012B4D
:1073900003EB020640F32582169B1E4424F480630F
:1073A00043F4807307930023CDE9103326EAE67295
:1073B000139309921D9B002B40F0CE809DF89320E3
:1073C0009946FEF7F0BE1D9A1C1BA2EB0906A642C9
:1073D0003D46A8BF2646FFF78EBB0F9B0B9A1B6846
:1073E0001A80FFF7C4B843F3C01211465BB2FEF730
:1073F0007DBEDDE90C012CAA02F004FD00287EF41C
:10740000FFAEDDE92D31269A0DF1BC0BDDE6DDE99D
:107410000C012CAA02F0F6FC00287EF4F1AE2E9F9F
:107420000DF1BC0BFFF731BB4FF0060960E409F129
:107430000107022330E74F4603232DE726AADDE9A3
:10744000220102F05FFC00224FF07F53C5F792FC4F
:107450000022002306460F46C5F7F4FE002840F040
:10746000B7810A4B079309F1FF33CDE9209B1195B2
:10747000CDE9124ADDF82080DDF81CB01D460DE094
:10748000E0C90500E8C90500CDCCCCCCCCC90500CD
:1074900000220023C5F7D6FEF0B94D46AB4B0022C3
:1074A00030463946C5F766FC0F460646C5F712FF5B
:1074B0000446C5F7F5FB0B46024639463046C5F78C
:1074C000A1FA1BF80430C24608F8013B6B1C05F119
:1074D000FF3906460F46DBD19D4B10950022304602
:1074E0003946119D1194DDE9209B129CCDF848A0EE
:1074F000DDF84CA0C5F7CEFE002840F00A81944B81
:10750000304639460022C5F79DFE18B1119BDF07B2
:1075100000F1FF80109B002BC0F21681109B0133FD
:107520004344302208F8012B4345FBD1089A9B1AAB
:10753000129325F02008DEE6089A2A9B9B1A269AC9
:107540001293D31C109201DB914518DA531E023DB1
:107550002693E9B20020E2E62D228DF893204FF029
:107560000009FEF722BE2A9BB342BFF4C1AE302110
:107570005A1C2A9219702A9B9E42F9D8B8E6129B8F
:10758000934200F3A780E30740F15C81169BD61875
:10759000670502D5002A00F32F81099B079326EA8D
:1075A000E6730993672500231393119302E7DDE93E
:1075B0000C012CAA02F026FC00287EF421AE2E9F9E
:1075C0000DF1BC0BFFF75ABA0C9808932CAA594638
:1075D00002F018FC00287EF413AE9AF800102E98E2
:1075E000089B2FAA0F44A4E478238DF8953030230C
:1075F0008DF89430079BB9F1630F43F0020400F358
:10760000AB8000230E933FAB0893079B43F4817339
:107610000993159B002B21DB00231D93DDE9142327
:10762000CDE92223612D7FF471AB26AADDE9220189
:1076300002F068FB00224FF07F53C5F79BFB00224E
:10764000002306460F46C5F7FDFD002840F0C08028
:10765000404B079307E70023079C0E93DDE91423B3
:1076600003F1004323932D2322921D93DAE7DDE9F2
:107670000C012CAA02F0C6FB00287EF4C1AD269CAA
:107680002E9D0DF1BC0BFFF71EBA4E46CDF824908F
:10769000CDE910009DF893200F9781461390FEF7D7
:1076A00082BDDDE90C012CAA02F0ACFB00287EF4BF
:1076B000A7AD269C129B2E9D1C1B0DF1BC0BFFF74A
:1076C0001ABA582391E7E6077FF536AFC6194FF08F
:1076D000470803E6129B169A9E18109B002B40F356
:1076E000C8806725620500F18880099B079326EA18
:1076F000E673099357E7109A04F00103002A43EA5E
:10770000090340F3D580002B40F0BD80109E662514
:10771000E8E7129B079A2A93D17B18F8013C8B4229
:10772000424609D1302002F8010C2A9A531E2A93AE
:1077300012F8013C9942F6D0392B0BBF079B01335D
:107740009B7ADBB202F8013C4346EFE60000304092
:107750000000E03FB8C905000C9809F10101FDF7F0
:10776000B9FA0890002800F0C980089B0E934CE7F6
:1077700001333144072BCDE92D31CBF80070CBF824
:1077800004607FF747A8DDE90C012CAA02F03AFB60
:1077900000287EF435ADDDE92D310DF1BC0BFFF78E
:1077A0003BB8002840F0818030228DF8A2200DF1F6
:1077B000A302303302F8013B28ABD31A1A93E4E555
:1077C0000C9A0C2313604FF0FF330B93FEF723BD8D
:1077D0004E4B4F4A612D18BF1A460123079226933C
:1077E00041E6E2077FF5DAADD6E5E1077FF5A4AE25
:1077F000089BA846DE1971E5672519990B78FF2BC0
:1078000078D00024109A204603E001300131FF2B8C
:1078100008D0934206DAD21A4B78002BF5D10B78B8
:107820000134F4E71991119013941092099B119A65
:107830000793139B13441C9A02FB036626EAE67324
:107840000993B7E51646A3E6159B324C002B079B20
:10785000A8BF9DF8932023F08003B8BF2D22079383
:10786000B8BF8DF893202C4BFEF7A1BD2B4DFFF731
:1078700097BBC3F101031E44099A079226EAE673F7
:10788000099367258FE6169BD6184E44662529E78F
:10789000DDE9220100220023C5F7D4FC00287FF493
:1078A0001BADC7F10107269717E50DF1A20280E78E
:1078B00043B9099B07930123099366251E4672E687
:1078C00070212BE5099B0793169B5E1C4E4426EA0C
:1078D000E6730993662566E602231A9355E50F9B26
:1078E0009AF80150924653F8042B0F9342EAE2793A
:1078F000FEF75ABB00231393119397E70D998B89D9
:1079000043F0400213468A81FEF782BCCCC90500D1
:10791000B8C90500B0C90500B4C90500E8C905002B
:107920002DE9F04FBDB0CDE906031C460491914608
:1079300018B1836B002B00F03582049A536EB2F9B4
:107940000C20D80702D4910540F1B085130740F10F
:10795000EE80049B1B69002B00F0E98002F01A0303
:107960000A2B00F0F38013AB10930023CDE9113301
:10797000CDE90B3309930DF14C0A0A93039399F85F
:107980000030002B00F0C3814C4604E014F8013FA6
:10799000002B00F0F980252BF8D1B4EB090540F05D
:1079A000F7802378002B00F0B2814FF000034FF0F6
:1079B000000B62788DF83B30CDF808B004F1010976
:1079C0004FF0FF3809F10109A2F120035A2B00F210
:1079D0000C81DFE813F0EF020A010A01EA020A0152
:1079E0000A010A016A000A010A01DF02D9020A013A
:1079F000D400C0020A01BB025B005B005B005B00BD
:107A00005B005B005B005B005B000A010A010A018E
:107A10000A010A010A010A010A010A01D9018500C5
:107A20000A010A010A010A010A010A010A010A01FE
:107A30000A010A0147020A010A010A01BC010A01FE
:107A400011020A010A0173050A010A010A010A0169
:107A50000A010A010A010A010A010A01D901870083
:107A60000A010A010A01AE02870080000A01A10290
:107A70000A0193026905FA0280000A01BC017D0037
:107A800067050A010A0191050A017D00A2F1300390
:107A9000002119F8012B01EB810103EB4101A2F157
:107AA0003003092BF5D902918EE7069D284601F097
:107AB00069FB43680B931846C4F722FC0C900446FC
:107AC000284601F05FFB83680A93002C40F0CB84CA
:107AD00099F8002076E799F800204BF0200B71E729
:107AE0004BF0100B1BF0200F00F02281079B073397
:107AF00023F0070319465A6851F8083B07911146CD
:107B0000002AC0F25B81B8F1FF3F00F0628153EAC6
:107B100001022BF0800B40F05C81B8F1000F40F0C7
:107B20007C85CDF80480CDF814803CAC91E1049DB7
:107B30000698294600F000FE002840F09385B5F92C
:107B40000C2002F01A030A2B7FF40DAF0499B1F94F
:107B50000E30002BFFF607AF4B6EDD0702D4900509
:107B600040F15E850499069823464A463DB0BDE83B
:107B7000F04F00F0A1BD029A07935242029299F889
:107B800000204BF0040B1DE7B4EB090500F0BF80AB
:107B9000119B129A01332A44072BCAE900951292CD
:107BA000119305DC0AF1080A039B2B440393F8E6C2
:107BB0001AB911920DF14C0AF6E70499069810AA29
:107BC00001F040F90023CDE911330028F2D0049BE5
:107BD0005A6EB3F90C30D10740F1A0805B0600F17A
:107BE0004D8503983DB0BDE8F08F002A00F08F80EE
:107BF00000238DF83B3001238DF88C2001930593F1
:107C000023AC4FF000081BF0020602D0019B0233A8
:107C10000193DDE911201BF0840302F1010C6146A0
:107C2000089305D1DDE901535D1B002D00F3368378
:107C30009DF83B50002D00F0FB810DF13B0201301F
:107C4000CAF8002007294FF00102CDE91110CAF847
:107C5000042040F3E98148B110AA0499069801F084
:107C6000F1F80022CDE911220028B0D1002E00F059
:107C7000F28102200FAB1490139301210DF14C0AF5
:107C80000A460AF1080A0131089B802B00F0ED81B9
:107C9000059BA8EB0307002F00F33082059BCAF871
:107CA000004018440729CDE91110CAF8043040F308
:107CB0007482002840F0CF8211901BF0040F00F076
:107CC000AC82DDE901239C1A002C12980DF14C0ABC
:107CD00000F36F82DDE9022301998A42ACBF9B1851
:107CE0005B18039350B10499069810AA01F0AAF802
:107CF0000023CDE9113300287FF469AF00231193ED
:107D000099F800300DF14C0A002B7FF43DAE129B28
:107D1000002B40F094840023119358E79A053FF517
:107D20005DAF049CA06D04F0A3FAB4F90C3055E7E4
:107D3000079A1BF0100F52F8043B079239D11BF041
:107D4000400F32D043F3C0310A461BB2D8E6079D3C
:107D500055F8044B00268DF83B60002C00F035846C
:107D6000B8F1FF3F00F0FD83424631462046C4F79C
:107D7000A7FC002800F05984031B059323EAE37352
:107D80000795B046019364E0079B00228DF83B20E5
:107D900053F8042B079301238DF88C20019305934E
:107DA00023AC2EE700F07CFEC7E51BF4007F40F01B
:107DB0002984D9170A46002ABFF6A5AE5B4261EBBB
:107DC00041012D22B8F1FF3F8DF83B2001D02BF06F
:107DD000800B0A2B71F1000280F0E3823033DBB2BA
:107DE0008DF8EF304346012BB8BF012301930123E7
:107DF00005930DF1EF042CE04BF0100212F020017E
:107E000000F0C082079B073323F007031846596828
:107E100050F8083B07900020B8F1FF3F8DF83B0079
:107E200000F0CC8353EA010022F0800BD1D1012075
:107E3000B8F1000F38D100287FF473AE12F00102C0
:107E4000059200F0FD8230238DF8EF3001920DF1A4
:107E5000EF049DF83B30002B3FF4D5AE019B01337E
:107E60000193D0E64BF0100212F0200100F07B826B
:107E7000079B073323F007031846596850F8083B5F
:107E800007900020B8F1FF3F8DF83B0022F4806B93
:107E900012D022F4906453EA010240F08D835A46D6
:107EA000A346B8F1000FC6D0012800F0B683002326
:107EB0000228194600F0DC813CAC03F00702DB0825
:107EC00043EA4173C908303253EA0105204604F8F9
:107ED000012DF2D11BF0010F00F0D881302A00F003
:107EE000D5813023023804F8013C3CAB1B1A4345D2
:107EF0000593B8BF434604460193AAE71BF0200F41
:107F000000F0BF82079B039A1B681A60D2175A6061
:107F1000079B0433079332E599F800206C2A03BFCE
:107F200099F801204BF0200B09F101094BF0100BDF
:107F300048E599F80020682A03BF99F801204BF41E
:107F4000007B09F101094BF0400B3BE599F800205B
:107F50004BF0800B36E5494611F8012B2A2A00F038
:107F60009F83A2F13003092B89464FF000083FF6AA
:107F70002BAD19F8012B08EB880803EB4808A2F198
:107F80003003092BF5D91FE52B2399F800208DF834
:107F90003B3017E5079B53F8042B0292002AFFF6AB
:107FA000EAAD99F8002007930CE599F800204BF012
:107FB000010B07E59DF83B3099F80020002B7FF47A
:107FC00001AD20238DF83B30FCE4079A52F8043BC6
:107FD000079247F63002ADF83C20B74A09924BF0C1
:107FE000020B00214FF00002B8F1FF3F8DF83B205B
:107FF00000F03E8153EA01022BF0800040F037810F
:108000005A468346022013E7002840F08B829DF8F1
:108010003B200121002A00F081820DF13B021491E6
:1080200013920DF14C0A08460A460AF1080A01317A
:10803000002E3FF429AE0FAB0230CAF800300729FA
:108040004FF00203CDE91110CAF804307FF718AEE3
:10805000002840F07C81089B0022802B4FF001011A
:1080600010460DF14C0A7FF413AEDDE901535F1B9E
:10807000002F7FF70DAE102F40F3F182D6468F4DC3
:10808000CA460026C146A046069C07E0103F102FB6
:1080900002F1020C0EF1080E0A4617DD511C1030D9
:1080A00010230729CDE91110CEF80050CEF8043086
:1080B000ECDD10AA002840F0B980103F0022102FFC
:1080C0004FF0010C10460DF14C0EE7DC4446C8465B
:1080D000D146F2463844BCF1070FCAE90057CDE952
:1080E00011C000F3B181059BA8EB0307002F0AF133
:1080F000080A0CF1010162467FF7D0AD6F4D102FD9
:108100002ADD2B46D4462546069EDDF810A04FF00A
:1081100010081C4607E0103F102F02F102010CF17D
:10812000080C1A4614DD531C1030072BCCE900480C
:10813000CDE91130EFDD10AA002840F08180103F1A
:108140000022102F4FF0010110460DF14C0CEADC1B
:108150002346E2462C461D4638440729CDE9111036
:10816000CAF80050CAF8047003DC0AF1080A0131A9
:1081700094E550B10499069810AA00F063FE00231C
:10818000CDE9113300287FF422AD05981394012323
:108190001490129011930DF14C0A1BF0040F3FF450
:1081A00099ADDDE901239C1A002C0AF1080A7FF73A
:1081B00091AD102C119A40F34F82414F069EDDF88D
:1081C00010B010254FF0000807E0103C102C02F111
:1081D00002010AF1080A1A4614DD531C1030072B5D
:1081E000CAE90075CDE91130EFDD10AA002840F092
:1081F000A480103C0022102C4FF0010110460DF11C
:108200004C0AEADC20440729CAE90074CDE91110C0
:108210007FF760AD002840F09781DDE902230199E6
:108220008A42ACBF9B185B18039367E5049920460C
:1082300000F008FECDE9116600283FF43EAFC6E429
:108240005146304600F0FEFD0023CDE911330028F1
:108250003FF475AFBBE40499069810AA00F0F2FD54
:108260000023CDE9113300283FF427ADAFE4834666
:1082700009983CAC03F00F021B09825C04F8012D45
:1082800043EA0173090953EA0102F3D13CAB1B1B1A
:1082900043450593B8BF43460193DAE5102D40F3FB
:1082A000CB810D96D446064F049ECA461023C14684
:1082B000A046089C0FE000BFB8C9050008CA050029
:1082C00018CA0500103D102D02F1020E0CF1080C29
:1082D0000A4613DD511C10300729CCE90073CDE9A3
:1082E0001110EFDD10AA3146F0B9103D0022102D1B
:1082F0004FF0010E10460DF14C0CEBDC0D9E444688
:10830000C846D146E2462844BEF1070FCDE911E048
:10831000CAF80070CAF804503FF776AE0AF1080AAE
:108320000EF10101724683E4069800F08BFDCDE961
:10833000114410230028D8D049E45946304600F0B3
:1083400081FDCDE9118800283FF453AF3FE4049943
:10835000069810AA00F076FD0023CDE9113300281D
:108360003FF479AE33E4079850F8043B079012F0DD
:1083700010007FF486AD12F0400400F036819BB20D
:1083800001467EE5079850F8043B079012F0100074
:108390007FF441AD12F0400400F02D819BB2014604
:1083A00039E5CDF81480B84FDDF82880CDF804B059
:1083B0000BF480664FF0000C3CAC05E00A2B71F129
:1083C000000136D35B4629465A1842F10002A7FB4A
:1083D000020525F0030000EB9500121A981A4FF0E1
:1083E000CC3561F1000E05FB00F507FB0E55A0FB37
:1083F00007B005440BF0010E0520AEFB000E8018FF
:108400004FEA5B0B303004F8010C4BEAC57B0CF1F2
:10841000010C013C6D08002ED0D098F80020624578
:10842000CCD1BCF1FF0FC9D00A2B71F1000180F053
:10843000B480CDF82880DDF804B0DDF8148025E79D
:10844000CDF804803CAC04E5002840F09480059B06
:10845000A8EB0307002F7FF798AE0020024601210A
:108460000DF14C0A4BE60A9B99F80020002B3FF4D3
:10847000A9AA1B78002B3FF4A5AA4BF4806BFFF749
:10848000A1BA1BF0100F40F09B801BF0400F40F092
:10849000BF801BF4007F00F09380079B039A1B684A
:1084A0001A7035E55A46A9E45A46DDE4049DA86DE4
:1084B00003F0D8FEB5F90C20FFF748BA734B0993C7
:1084C0001BF020011DD0079B073323F0070318463C
:1084D000596850F8083B07901BF0010F09D053EA88
:1084E000010006D08DF83D2030224BF0020B8DF8B4
:1084F0003C202BF4806B75E5654B09931BF0200144
:10850000E1D1079850F8043B07901BF01000E3D12D
:108510001BF0400463D09BB20146DDE710460DF12D
:108520004C0A85E510AA0499069800F08BFC0022FD
:10853000CDE9112200287FF44AAB9DF83B200121B0
:10854000002A7FF46AADE9E70499069810AA00F0C2
:1085500079FC0023CDE9113300283FF45EAEFFF72C
:1085600036BB20460795C3F7CBFE20EAE073B04642
:10857000059001936DE40499069810AA00F062FC3E
:108580000023CDE9113300287FF421AB059BA8EB34
:108590000307002F7FF7F9AD5FE70C9B0B99E41AF7
:1085A0001A462046FDF700F998F801300BB108F1A2
:1085B00001084FF0000C05E7A3467DE4934608E46C
:1085C000079B039A1B681A60A2E44346062B28BF48
:1085D0000623304C059307950193FFF712BB1BF45C
:1085E00000711CBFDBB2214676E712F400711CBF9C
:1085F000DBB2214645E412F400713FF40CACDBB26F
:10860000214608E443F3C0110A465BB2FFF778BA8B
:10861000079B039A1B681A807AE43023FFF7E0BBBC
:10862000886D03F025FEFFF79DBACDF80480CDF8E4
:108630001480079580460CE4174FE64663E60499DC
:10864000069810AA00F0FEFB0023CDE911330028A4
:108650003FF461ABFFF7BBBA0F4F511CD2E50F4D92
:108660008C4637E5049B5B6EDF0707D4049B9B8930
:108670009E0503D4049B986D03F0FAFD4FF0FF3381
:108680000393FFF7AEBA00BFCDCCCCCCCCC905006C
:10869000B8C90500E0C9050018CA050008CA0500E8
:1086A000079B99F80120894653F8041B079341EA78
:1086B000E178FFF787B900BFF0B51F468B89ADF2AF
:1086C0006C4D23F00203ADF80C304B6E1993CB893F
:1086D000ADF80E30CB6907934B6A09931AAB009340
:1086E00004934FF48063154606460293059316A83B
:1086F00000230C46069303F0A9FD2A463B46694633
:108700003046FFF70DF9051E07DB6946304600F0DD
:1087100093F9002818BF4FF0FF35BDF80C305B0609
:1087200003D5A38943F04003A381169803F098FD75
:1087300028460DF26C4DF0BD38B52F4B1B68054631
:108740000C460BB19A6B02B3B4F90C30180723D561
:1087500022695AB313F0010107D061690020494230
:10876000A060A1613AB1002038BD980758BF616987
:10877000A160002AF7D1190658BF1046F4D543F07E
:108780004003A3814FF0FF3038BD184600F088F950
:10879000B4F90C301807DBD4D90628D55A0712D4FF
:1087A000226943F00803A381002AD3D103F4207186
:1087B000B1F5007FCED02146284600F0E7FCB4F9A1
:1087C0000C302269C6E7216B51B104F1400291429D
:1087D00004D0284600F038FAB4F90C3000222263A5
:1087E00022690021C4E9002123F02403D9E70922EA
:1087F0002A6043F04003C4E7301000202DE9F04F19
:1088000003690C69A34283B0C0F28A80013C01F184
:10881000140500F1140855F8243058F824200133C9
:108820009A428E4681464FEA840105EB840708EBA5
:10883000840AB2FBF3F63AD3CDE900150022AC4628
:10884000404613465CF8041B05681FFA81FB06FBD3
:108850000B22090C4FEA124B06FB01BB92B2A9B2E4
:10886000891A19441FFA8BF3C3EB214303EB154319
:1088700089B241EA0341674540F8041B4FEA1B42B5
:108880004FEA2343DED2DDE9001558F8013073B911
:10889000AAF1040AD04504D307E0D04504F1FF341F
:1088A00003D25AF80439002BF7D0C9F810407146AA
:1088B000484600F055FF00282EDB4146002255F8BF
:1088C000040BD1F800C01FFA80FE1FFA8CF3A3EB53
:1088D0000E031344020CC2EB234202EB1C429BB278
:1088E00043EA0243AF4241F8043B4FEA2242E6D258
:1088F00058F8242008EB84036AB9043B984504D354
:1089000007E0984504F1FF3403D253F80429002A04
:10891000F7D0C9F810400136304603B0BDE8F08FFB
:10892000002003B0BDE8F08FF8B5B1F90C30074670
:1089300018070C4639D44A68002A53DDA56A002D71
:1089400031D000223E683A6013F48052E16955D17B
:1089500001233846A847411C02465ED0B4F90C30CA
:10896000A56AE1695B0705D56368D21A236B0BB171
:10897000E36BD21A00233846A847451C40D0002399
:10898000636023692360A389D90400D52065216B26
:108990003E6041B104F14003994202D0384600F0F4
:1089A00053F9002323630020F8BD0E69002EFAD08E
:1089B0009B070D6808BF4B690E6018BF0023AD1BF5
:1089C0008B600CE0D4F824C0E1692B46324638466F
:1089D000E047B0F1000CA5EB0C05664406DD002D68
:1089E000F0DCE0E7CA6B002AA8DCDCE7B4F90C3065
:1089F00043F04003A3814FF0FF30F8BD226DB1E793
:108A00003A68B4F90C308AB11D2A01D0162AEFD188
:108A100023690022C4E90032B9E73B68002B9DD0EE
:108A20001D2B01D0162BE1D13E60BCE762602269AC
:108A30002260DA04AAD4AAE738B50C46054608B184
:108A4000836BA3B1B4F90C00B8B1636EDB0701D43A
:108A5000810515D528462146FFF766FF636EDA07C4
:108A6000054602D4A3899B050ED5284638BD00F0E3
:108A700017F8B4F90C000028E7D10546284638BDA0
:108A8000A06D03F0EFFBE5E7A06D03F0F1FB2846D6
:108A900038BD00BF014900F051BB00BF398A040056
:108AA0002DE9F0478246394803F0DCFBDAF838401C
:108AB000002C66D1DAF80450354ACAF83C2003236A
:108AC000CAE95343DFF8CC90DFF8CC80334F344E03
:108AD00004230AF5AC72CAF854212146EB60C5E9BB
:108AE0000044C5E90444AC606C660822AC6105F141
:108AF0005C00FCF75BFCC5E90759C5E90987EE6234
:108B000005F1580003F0A2FBDAF80850254BEB60A2
:108B10002146C5E90044C5E90444AC606C66AC611B
:108B2000082205F15C00FCF741FCC5E90759C5E9DD
:108B30000987EE6205F1580003F088FBDAF80C5063
:108B4000194BEB602146C5E90044C5E90444AC601B
:108B50006C66AC61082205F15C00FCF727FC05F1AE
:108B60005800C5E90759C5E90A76C5F8248003F01D
:108B70006DFB0123CAF838300448BDE8F04703F024
:108B800077BBBDE8F047014803F072BB201400201A
:108B9000958A0400759D0400999D0400D99D0400E8
:108BA000FD9D04000900010012000200F8B5234FEA
:108BB0000C460646FCF74CFCBB685D6825F00305D7
:108BC00005F6EF73191B21F47F6121F00F01A1F568
:108BD0008054B4F5805F07DB00213046FCF744FC8D
:108BE000BB682B44984204D03046FCF737FC002089
:108BF000F8BD61423046FCF737FC01300DD0104A19
:108C0000BB682D1B45F001055D60136830461B1BDA
:108C10001360FCF723FC0120F8BD00213046FCF76F
:108C200023FCBA68831A0F2BDEDD43F00103536087
:108C3000044B03491B68C01A0860D5E7880500206B
:108C40004C6F00203410002000297CD0F8B50C4671
:108C50000646FCF7FDFB54F8043C774FA4F10805E9
:108C600023F001016818D7F808C04268844522F053
:108C7000030200F08380DB07426000EB020C33D478
:108C800054F8084CDCF804302D1B2144AC6807F183
:108C9000080C644503F0010364D0D5F80CE0C4F877
:108CA0000CE0CEF80840002B00F0818041F0010379
:108CB0006B600160B1F5007F22D27868CB08012299
:108CC000490901338A40024357F833107A6007EBB1
:108CD000C302083AC5E9021247F83350CD60304666
:108CE000BDE8F840FCF7BABBDCF80430DB072BD555
:108CF00041F00103B1F5007F44F8043C0160DCD38E
:108D0000B1F5206F4FEA512353D28B0903F139009B
:108D100003F13802C300F818FB580838984203D111
:108D200063E09B68984204D05A6822F003028A42AA
:108D3000F7D8D868C5E902308560DD603046BDE807
:108D4000F840FCF78BBB7047114407F1080C8368AF
:108D500063453FD0C268DA60936041F001036B6005
:108D60006950A7E7002B61D10A44D0E90213CB6018
:108D7000996042F001036B60AA50B0E70A44D9073A
:108D800007D454F8083CED1A1A44D5E90213CB6015
:108D9000996042F001036B60284BBD601B689342F1
:108DA0009DD8274B30461968FFF700FF97E711441D
:108DB000CDE7142B08D9542B1FD80B0B03F16F00F0
:108DC00003F16E02C300A6E703F15C0003F15B024E
:108DD000C300A0E741F001033D617D61C5F808C013
:108DE000C5F80CC06B60695079E77968921001246E
:108DF00004FA02F20A437A609CE7B3F5AA7F06D828
:108E0000CB0B03F1780003F17702C30083E740F254
:108E10005452934206D88B0C03F17D0003F17C027F
:108E2000C30078E74FF47E737E2274E741F00103BC
:108E30006B60016053E700BF8805002038100020F8
:108E40007C6F00209368002B00F0F6802DE9F04F36
:108E5000B1F90CC01CF0080F83B0904681460C4657
:108E600031D00B697BB31CF00207D8F8006038D012
:108E70000027D4F824B0E169DFF8BCA23D4655458F
:108E80002B463A4628BF53464846C5B1D847002826
:108E900040F3C880D8F808301B1A07442D1AC8F8C8
:108EA0000830002B00F0B48055452B46D4F824B090
:108EB000E16928BF53463A464846002DE6D1D6E937
:108EC00000750836DBE721464846FFF735FC0028E9
:108ED00040F0AD80B4F90CC0D8F800601CF0020777
:108EE000C6D11CF0010A63D12368A1685746184611
:108EF0008B46002F58D01CF4007F00F0B180B9429F
:108F00000A4600F2DD801CF4906F2FD0216962695F
:108F10005D1A02EB420202EBD2726B1C52103B4410
:108F2000934292BF93469B461A461CF4806F00F012
:108F3000E68011464846FBF7CDFE002800F0F5809C
:108F40002A4621690190C3F70BFCA289019B22F4F8
:108F5000906242F08002A2815819ABEB0505C4F87B
:108F600014B02361A5602060BB463A465146019289
:108F7000FCF79CF9A1682368019AA1EB0B011A4444
:108F80003D46A16022600027D8F808305B1BAA4448
:108F9000C8F80830002B3BD02368A168B4F90CC096
:108FA00018468B46002FA6D1D6E900A708369EE7C3
:108FB0003846BB463D46002D40D0002845D03A46B5
:108FC000D4E904C32068A168AA4228BF2A466045A4
:108FD00004D901EB030A524500F38280934272DC0C
:108FE000E169D4F824C05A464846E047B0F1000A87
:108FF00018DDB7EB0A070FD00120D8F80830A3EB33
:109000000A03D344A5EB0A05C8F80830002BD2D1D7
:10901000002003B0BDE8F08F21464846FFF70CFD65
:109020000028EAD0B4F90C3043F04003A3814FF09C
:10903000FF3003B0BDE8F08F0020704775683346FD
:109040000836002DFAD0D3F800B02A460A21584637
:10905000C3F736FB002865D00130A0EB0B07AEE765
:1090600022699A4214D36269BA4211D86FF0004360
:10907000BB4228BF3B46656A93FBF2F3E16902FB02
:1090800003F348465246A847051ECBDD7F1B7BE70E
:10909000B94228BF39460D4618460A465146FCF7E4
:1090A00005F9A1682368491B2B44A16023600029AE
:1090B000ECD121464846FFF7BFFC0028E6D0B1E7D7
:1090C000BB463A4652E759460192FCF7EFF8019A3F
:1090D000A3689B1AA360236813442360924688E721
:1090E00059465246FCF7E2F8236853442360214670
:1090F0004846FFF7A1FC00283FF47BAF92E74846C3
:1091000000F05EFC034600287FF426AF2169484644
:10911000FFF79AFDB4F90C300C2223F08003C9F854
:10912000002081E76A1C17464AE70C22B4F90C308C
:10913000C9F8002078E700BF00FCFF7F2DE9F84365
:109140000746884600F5A6764FF00009D6E9015497
:10915000013D11D4A389012B05F1FF3508D9B4F9DC
:109160000E300133214603D03846C04749EA000992
:109170006B1C04F16804EDD13668002EE6D1484638
:10918000BDE8F883004870472C110020F0B5B1F914
:109190000C300C46990797B007D504F14303012220
:1091A000C4E90432236017B0F0BDB4F90E100029F1
:1091B00005462EDB6A4600F0D1FE002827DB019E23
:1091C00006F470464FF48067A6F50056B6FA86F6A8
:1091D000394628467609FBF77DFD38B3A3891B4A3B
:1091E000EA6343F08003C4E90407A3812060002EF2
:1091F000D9D0B4F90E10284600F0C6FE0028D2D00F
:10920000A38923F0030343F00103A381CBE7B4F95F
:109210000C3013F0800F0CBF4FF4806740273946A5
:1092200028460026FBF756FD0028D7D1B4F90C30AC
:109230009A05B8D423F0030304F1430243F0020378
:109240000121C4E90421A3812260ACE7958A0400CE
:10925000C36C70B505460C464BB153F8240080B181
:10926000026843F824200023C360036170BD2122FB
:109270000421FBF7DBFC0346E8640028EDD1002065
:1092800070BD012101FA04F6721D92002846FBF719
:10929000CDFC0028F3D0C0E90146E4E731B1C36C4E
:1092A0004A6853F82200086043F82210704700BF54
:1092B0002DE9F0410D6907460E461C4601F1140EDA
:1092C0000020DEF800108BB202FB03434FEA134C80
:1092D000090C02FB01CC01309BB203EB0C4385422D
:1092E0004EF8043B4FEA1C44EBDC3CB1B368AB42A4
:1092F00007DD06EB850301355C6135613046BDE86D
:10930000F081716838460131FFF7A2FF8046A8B1AD
:109310003269023206F10C0192000C30C3F720FAD8
:10932000FB6C726853F82210316043F822604646A5
:1093300006EB850301355C613561DFE7024B0348CD
:109340004246B521FBF746FC38CA0500BCCA0500F9
:10935000B0F5803F034636BF030400201020B3F170
:10936000807F3CBF1B020830B3F1805F3CBF1B0114
:109370000430B3F1804F03D3002B06DB013070477C
:109380009B0003D45B0003D4202070470230704759
:1093900003307047036813F00702014607D0DA076D
:1093A0001FD4980721D55B080B600120704798B245
:1093B000A0B11046DAB20AB908301B0A1A0704BF76
:1093C0001B0904309A0704BF9B080230DA0703D454
:1093D0005B0800F1010006D00B6070471B0C1020E9
:1093E000E8E700207047202070479B080B600220B0
:1093F000704700BF38B5C36C04460D464BB1586882
:10940000B0B102685A60002201234561C260036165
:1094100038BD21220421FBF709FC0346E064002843
:10942000EDD1094B094800224FF4A071FBF7D2FBA4
:109430001C2201212046FBF7F9FB0028F1D0012274
:10944000022342608360DEE738CA0500BCCA05001B
:109450002DE9F04FD1F810801569A84585B00E466A
:10946000924605DB2A46534645468A4690461E46A6
:10947000DAF80830DAF8041005EB0804A342B8BFA4
:109480000131FFF7E5FE8446002800F08B8000F1F3
:10949000140707EB840E774505D23B46002243F8BC
:1094A000042B9E45FBD8143606EB88080AF11409F4
:1094B000464509EB850566D2A5EB0A03153B23F06B
:1094C00003030AF1150A043355452CBF9B464FF0A0
:1094D000040BCDF808E00394AE46E24605E0090C23
:1094E0002AD1B04507F104074AD956F8041B8DB2BA
:1094F000002DF4D0CC463C46002301965CF8040BCA
:10950000216886B28AB2000C05FB0622090C1A44B7
:1095100005FB001101EB124192B242EA0142E6451D
:1095200044F8042B4FEA1143E8D8019E47F80B306A
:1095300056F8041C090CD4D03B68002248461D464E
:109540003C469446028801FB02C202EB15429BB2E4
:1095500043EA024344F8043B50F8043B25684FEAD1
:10956000134CABB201FB0C3303EB124386454FEABD
:10957000134CE7D8B04547F80B3007F10407B4D8CF
:10958000DDE902E4D446002C02DC05E0013C03D016
:109590005EF8043D002BF9D06046CCF8104005B0D1
:1095A000BDE8F08F034B0448624640F25D11FBF7C3
:1095B00011FB00BF38CA0500BCCA050012F0030346
:1095C0002DE9F041144607462CD10D46A4101CD0BD
:1095D000BE6C86B3E3074FF0000806D4641014D0C5
:1095E0003068A8B10646E307F8D532462946384622
:1095F000FFF72EFF35B1FB6C696853F821202A6014
:1096000043F8215064100546EAD12846BDE8F081B0
:10961000324631463846FFF71BFF3060C0F8008005
:109620000646E0E7013B0F4A52F823200023FFF7EC
:109630003FFE0546CAE701213846FFF709FE064608
:1096400040B1012340F27122C0E904320023B86422
:109650000360BFE7044B054832464FF4A071FBF7A7
:10966000B9FA00BF2CCB050038CA0500BCCA0500FA
:109670002DE9F0470C4690462769A368496807EB37
:1096800062177D1C9D4206464FEA621904DD5B00AD
:109690009D4201F10101FADC3046FFF7D9FD844615
:1096A000002851D0B9F1000F00F114000EDD09F1CE
:1096B00005024FEA820E03460CEB8202002143F8BA
:1096C000041B9342FBD1AEF114031844216904F149
:1096D000140318F01F0803EB81012DD0C8F12009F5
:1096E00086464FF0000A1A6802FA08F242EA0A02B5
:1096F0004EF8042B53F8042B994222FA09FAF2D8B7
:109700000B1B153B23F00303043304F115029142B4
:1097100038BF042340F803A0BAF1000F00D13D4642
:10972000F36C6268CCF8105053F822102160604648
:1097300043F82240BDE8F087043853F8042B40F882
:10974000042F9942F9D8EAE7034B0448624640F2F5
:10975000D911FBF73FFA00BF38CA0500BCCA0500A3
:109760000B6984460069C01A15D10CF1140C143130
:109770000CEB830210B401EB830301E0944508D2A3
:1097800052F8044D53F8041D8C42F7D004D24FF028
:10979000FF3010BC70477047012010BC704700BFFD
:1097A0002DE9F04F13690F69FF1A002F83B00D46A2
:1097B000904615D101F11406143202EB830206EB38
:1097C000830301E09E4276D253F8044D52F8041D03
:1097D0008C42F7D006D22B4601274546984601E039
:1097E000F9DB00276968FFF733FD8146002876D052
:1097F0002E69C760D8F8100005F1140B08F1140E9B
:1098000009F1140A05F110010EEB80000BEB860242
:1098100057464FF0000CCDF804B05EF8044B51F8F9
:10982000045F1FFA84FBABB2A3EB0B03240C63446D
:10983000C4EB154404EB23449BB243EA0443704554
:1098400047F8043B4FEA244CE7D8A0EB0801153950
:1098500089084C1CDDF804B008F11508A400404547
:1098600038BF04240BEB0405AA42544430D92746E0
:10987000284650F8043B1CFA83FE190C634401EBA4
:109880002E419BB243EA0143824247F8043B4FEA30
:10989000214CEED8013A521B22F00302144423B9A2
:1098A00054F8043D013E002BFAD04846C9F8106038
:1098B00003B0BDE8F08F0021FFF7CAFC8146A8B1D4
:1098C00001220023C0E90423484603B0BDE8F08F1D
:1098D0008900404538BF00210AEB0104DFE7074B50
:1098E00007484A464FF41071FBF774F9034B0448DC
:1098F0004A4640F23221FBF76DF900BF38CA050035
:10990000BCCA0500F0B5012183B016461F46FFF71B
:109910009FFC0546002847D0C7F30A54C7F313033A
:109920000CB143F48013002E019314D101A8FFF76A
:1099300031FD019B6B61012220302A6114B3089B29
:10994000A4F2334404441C60099BC0F13500186044
:10995000284603B0F0BD68460096FFF71BFD019B4B
:1099600000B30099C0F1200203FA02F2C340019350
:109970000A43002BC5E905230CBF012202222A61FC
:10998000002CDCD105EB8201A0F232430869089972
:109990000B60FFF7DDFC099BC0EB42101860284606
:1099A00003B0F0BD009AE4E7034B04482A4640F2B6
:1099B0000A31FBF70FF900BF38CA0500BCCA050021
:1099C0002DE9F84F1646002900F096800C46804697
:1099D00006F10B05FBF73CFD54F8041C162DA4F111
:1099E000080921F0030758D81025AE4258D8AF42D5
:1099F00060DABE4B9A6809EB070C6245DCF804009C
:109A000000F0908020F0010363445B68DA0768D4BB
:109A100020F003003B189D4247DDCB0712D454F8D9
:109A2000083CA9EB030BDBF8043023F003021044DD
:109A300000EB070A554540F3F68007EB020A55454F
:109A400040F3CC8031464046FBF744F906460028F7
:109A500000F0208154F8043C23F001034B44A0F1B2
:109A60000802934200F0B4803A1F242A00F2D78003
:109A7000132A00F2A2800346224611681960516839
:109A8000596092689A6021464046FFF7DDF84046EB
:109A9000FBF7E4FC3046BDE8F88F35F00705A4D5A8
:109AA0000C23C8F80030002618E01F46DCE902232A
:109AB000D3609A60D9F804307A1B0F2A03F00103AF
:109AC00009EB07001DD83B43C9F80430436843F055
:109AD000010343604046FBF7C1FC26463046BDE823
:109AE000F88FC907AED454F8083CA9EB030BDBF898
:109AF000043023F00302A0E7BDE8F84F1146FBF75E
:109B0000E9B809EB05012B4342F00102C9F8043022
:109B10004A60436843F00103436008314046FFF761
:109B200093F8D7E720F00300C21905F1100C624545
:109B300080F29180CA0785D454F8082CA9EB020B57
:109B4000DBF8042022F00302104400EB070AD4459E
:109B50003FF773AF5E46DBF80C1056F8080F3A1F5C
:109B6000242AC160886000F2AE80132A40F2A980E6
:109B70002168CBF808106168CBF80C101B2A00F2A2
:109B8000A88008340BF110022168116061685160EF
:109B9000A16891600BEB0501AAEB050242F00102FE
:109BA00099604A60DBF8043003F001032B43404620
:109BB000CBF80430FBF752FC90E72368036063683E
:109BC00043601B2A3CD804F1080200F1080354E763
:109BD00050F8043C23F003031F446BE73A1F5E4632
:109BE000DBF80C3056F8081F242ACB60996022D885
:109BF000132A1ED92368CBF808306368CBF80C30E1
:109C00001B2A3BD808340BF1100322681A606268E3
:109C10005A60A2689A6034465746D9464AE72146B8
:109C2000FBF744FB2FE7DCE902133A1FCB60996096
:109C3000D5E73346E9E721463046FBF737FBEAE74D
:109C4000A3688360E368C360242A27D004F110026C
:109C500000F1100311E709EB05019960531B43F074
:109C600001034B6054F8043C03F001032B434046CE
:109C700044F8043CFBF7F2FB26462FE7A368CBF839
:109C80001030E368CBF81430242A10D010340BF1D4
:109C90001803BAE74046FBF7E1FB04E723690361D9
:109CA0006169416104F1180200F11803E5E62369D6
:109CB000CBF818306369CBF81C3018340BF1200353
:109CC000A3E7324660E721463046FBF7EFFA074B41
:109CD00060E7A168CBF81010E168CBF81410242AD3
:109CE00006D010340BF118024EE700BF88050020A3
:109CF0002269CBF818206269CBF81C2018340BF1CC
:109D0000200241E7DFF860C0F8B521F000430027EA
:109D1000634504460D461646176022D8844653EA2A
:109D20000C0C1ED0DFF844C001EA0C0C0A46BCF152
:109D3000000F09D10E4B0022C3F71CF86FF0350756
:109D400004460A4621F0004322F0FF421B1522F48C
:109D5000E002A3F2FE3342F07F553B4445F4001588
:109D6000336020462946F8BDFFFFEF7F0000F07FFB
:109D70000000504310B50C46B1F90E1000F042F946
:109D8000002803DB236D0344236510BDA38923F45E
:109D90008053A38110BD00BF2DE9F0410C46B1F9FD
:109DA0000C101F46CB05054616460BD421F48051F6
:109DB000A1813B46B4F90E1032462846BDE8F04179
:109DC00000F0A4B8B4F90E100223002200F0EEF85F
:109DD000B4F90C10EAE700BF10B50C46B1F90E104B
:109DE00000F0E4F8B4F90C30421C0EBF23F48053A9
:109DF00043F480532065A38110BD00BFB1F90E105C
:109E000000F09AB82DE9F04F9368176883B0924636
:109E1000002B74D04FF0000B8B680A6881460C460B
:109E20005D4645E0B4F90C3013F4906F2CD0D4E9C2
:109E30000401161A01EB410202EBD272711C52109E
:109E40002944914292BF904688460A465B0539D51F
:109E500011464846FAF73EFF019000283DD03246B1
:109E60002169C2F77DFCA289019B22F4906242F035
:109E70008002A2819819A8EB0606A660C4F8148097
:109E800023612060A8462E4632465946FBF70EFA5B
:109E9000DAF80810A3682268A3EB08033244491BD0
:109EA000A3602260CAF8081049B3D7E900B50837A3
:109EB00098461046002DF8D09D421E46B2D2A846C4
:109EC0002E46E1E701464846FFF77AFD03460028A3
:109ED000D0D121694846FEF7B7FEA3890C2243F092
:109EE0004003C9F800204FF0FF30A3810022002377
:109EF000CAF80820CAF8043003B0BDE8F08F00208B
:109F00000023CAF8043003B0BDE8F08F38B50C4622
:109F1000084D8446114620461A4600232B606446AD
:109F200002F081F9431C00D038BD2B68002BFBD018
:109F3000236038BD806F002038B5074D00220446ED
:109F400008462A6002F073F9431C00D038BD2B6824
:109F5000002BFBD0236038BD806F002070B50C460D
:109F6000084D03460026204611461C462E6002F08E
:109F700068F9431C00D070BD2B68002BFBD0236018
:109F800070BD00BF806F002038B5074D0022044629
:109F900008462A6002F050F9431C00D038BD2B68F7
:109FA000002BFBD0236038BD806F002038B50C46F5
:109FB000084D8446114620461A4600232B6064460D
:109FC00002F038F9431C00D038BD2B68002BFBD0C1
:109FD000236038BD806F002082B049B15AB16BB1A7
:109FE00013780B601278101E18BF012002B0704762
:109FF00001A9002AF3D1104602B070476FF00100AA
:10A00000F4E700BF38B50C46084D8446114620469B
:10A010001A4600232B60644602F001F9431C00D06D
:10A0200038BD2B68002BFBD0236038BD806F00202B
:10A0300049B1FF2A02D80A70012070478A230360C1
:10A040004FF0FF3070470846704700BF70477047B9
:10A050007FB50BAB059303930A9B02930023CDE9D5
:10A0600000331846C8F7CEF907B05DF804FB014687
:10A0700040F2E73008B54FF47A72002300EBC130AC
:10A080004914C3F7ADFABDE808400DF013B900B5A7
:10A09000C3B06946CDF712FF002803DB9DF80030FE
:10A0A0001BB9419843B05DF804FB6FF01400F9E769
:10A0B000084611460BF0B8BA7FB50BAB0593039376
:10A0C0000A9B02930023CDE9003301221846C8F70A
:10A0D00099F907B05DF804FB70B50D4604460026FB
:10A0E000AE4200D170BDD4E90101C2F77DF910B1D3
:10A0F000206805F0C9FF01361434F1E77FB50BABDA
:10A10000059303930A9B02930023CDE9003318467D
:10A11000C8F778F907B05DF804FBC6F7A7BEC6F725
:10A120002DBFC6F733BF7FB50BAB059303930A9BD7
:10A1300002930023CDE900331846C8F763F907B04E
:10A140005DF804FB0A448A4200D1704711F8013BD4
:10A1500040BA80B25840C0F303134340180380B2A2
:10A160004340580100F4FF505840ECE700EBC100B9
:10A17000408840087047F8B50346FFF7F7FFB0FA8C
:10A1800080F0C0F11F0003EB800CCA00DCF8106007
:10A19000171D0C4606328DB256B9012101FA00F0A6
:10A1A000D9680143D960CCF81040DD539D52F8BD09
:10A1B000F1000431585AD85303EBC0009E52C580B9
:10A1C0005D52F4E710B500EBC104E388994202F157
:10A1D00004010AD1012303FA02F2C36823EA02034D
:10A1E000C360002340F8213010BDA28840F8213020
:10A1F00000EBC20100EBC300CB808280F4E708B51E
:10A200000346FFF7B3FFB0FA80F2C2F11F0218460F
:10A21000BDE80840FFF7D6BF2DE9F843B1FA81F554
:10A22000C5F11F0900EB89080346D8F810200E4637
:10A23000C2B10327D8F8104018462146FFF796FF11
:10A24000B04206D34A461846FFF7BCFF2046BDE899
:10A25000F88303EBC404013FE088C8F8100001D084
:10A260008242E7D1C5F120024FF0FF349440DA6812
:10A270001440EBD094FAA4F2B2FA82F2111D53F812
:10A2800021402146DFE738B50346FFF76FFF0D4653
:10A29000044611461846FFF769FF03EBC505044461
:10A2A000600068801846FFF761FF014423F83140E1
:10A2B00038BD38B50346FFF759FF0C46A51A511AA9
:10A2C00003EBC40405444800608003EBC2006C004B
:10A2D000448023F8321018461146FFF747FF014427
:10A2E00023F8315038BD38B50546FFF73FFF0C461F
:10A2F000014405EBC1035B88DA070AD42846FFF75F
:10A300007EFF21462846FFF731FF22182846FFF737
:10A31000BAFF35F83410611A05EBC1035B88DB071F
:10A320000CD42846FFF76BFF35F834102246611A2B
:10A330002846FFF7A8FF35F83430E41A21462846AE
:10A34000BDE83840FFF717BF61B100680439091A4A
:10A3500021F007030344C9085A8822F001025A80F9
:10A36000FFF7C1BF704770B5056809B9002070BD1F
:10A37000AB68B3EBD10FF9D90B31CC082146284695
:10A38000FFF74AFF06460028F0D001462846FFF7AF
:10A39000EDFEA04207D932192846FFF78AFF114681
:10A3A0002846FFF7E8FE05EBC6021046538843F047
:10A3B000010353800430DAE72DE9F84301F1FF3956
:10A3C00019EA010906680F4614460CD04B420B40AF
:10A3D000042B1A464F4628BF0422994664B900252B
:10A3E0002846BDE8F883042904D8BDE8F84311469F
:10A3F000FFF7B9BF0422F1E7B368B3EBD40FEED98E
:10A4000004F10B013944891AC9083046FFF704FFEB
:10A4100080460028E3D009F1040505EBC0057B1E4A
:10A4200035441D44B5FBF7F57D43A5EB09052C44E8
:10A430002B1F07349B1B24F00704A41BB0EBD30F86
:10A440004FEAD3074FEAE40408D201463A463046C1
:10A45000FFF72FFF41463046FFF78DFE3946304665
:10A46000FFF784FE3844844207D230462246FFF785
:10A4700020FF21463046FFF77EFE06EBC7067388B5
:10A4800043F001037380ABE7043A2DE9F041CC1DA2
:10A49000114424F0070421F007010E1BF708B7FA56
:10A4A00087F2C2F12405AD004FF000080735C2F174
:10A4B0002002ED0804604146A760C4F80C809200B9
:10A4C00004F11000FAF772FF6B0043F001036380A0
:10A4D00004EBC5027B1B5900A4F800805180A2192F
:10A4E00024F83550A2F80280A35304EBC703294691
:10A4F0005A8842F001025A802046BDE8F041FFF739
:10A500003ABE2DE9F04706460D46174698462BB34E
:10A5100098F8004093F80190DB78A40004EB430422
:10A5200098F802301C4444444FF0000ACA4509D34D
:10A53000D8F8042008F1080339463046AC46BDE897
:10A54000F047604714F8013B48F823402046C1F724
:10A55000D7FE013004440AF1010AE7E76FF0150065
:10A56000BDE8F0870020704730B50C688B6814B1E7
:10A570004A689A4202DC01338B6030BD013A9A424C
:10A5800014BF05460025E5548B68F4E700F09EBA39
:10A590000FB407B504A951F8040B019100F096FA25
:10A5A00003B05DF804EB04B070470CB407B504AB1E
:10A5B00053F8042B0193C6F7C7FE03B05DF804EB14
:10A5C00002B07047044608B5084611461A46A0472F
:10A5D000F9F7A4FECCF7BCFB2DE9F041074688460D
:10A5E00015461E461446B44205D30EB1601B08E062
:10A5F0002378002BFAD014F8010B4146B847002805
:10A60000F1DABDE8F0810FB407B504A951F8040BE5
:10A610000191FFF7BBFF03B05DF804EB04B0704796
:10A6200038B50D4604461C220021FAF7BFFEEB6840
:10A63000A361AB6863612B68E3616B6823620022EE
:10A6400062622A6923B1591E194208BF42F0010211
:10A650002261012204F128000021BDE838400CF0FD
:10A6600037BCA0F13003DBB2092B02D80B700020FD
:10A670007047A0F16103052B02D85738C3B2F5E744
:10A68000A0F14103052B01D83738F7E76FF015002B
:10A690007047F7B5054601F0010000EB51069E42F8
:10A6A0004FEA510703D90026304603B0F0BD58B138
:10A6B00028780DF10701FFF7D4FF0028F3DB9DF8A0
:10A6C000073002F8013B013501351744BA42EBD09F
:10A6D00015F8010C0DF10701FFF7C3FF0028E2DBBD
:10A6E0009DF807402401E4B2147015F8020BFFF73F
:10A6F000B8FF0028D7DB9DF807301C4402F8014B57
:10A70000E4E7036800220BB9184670478B4210D16A
:10A710000B6842B942680360914200D14360002354
:10A720000B600120704713604368994208BF426084
:10A73000F5E71A461B68E6E7038B13F0070305D11C
:10A740000368002B0CBF002003207047022B05D1AB
:10A75000408BB0FA80F0400980007047012B05D192
:10A760000368002B0CBF00200520704700207047B5
:10A7700010B50C4600B111B96FF0150010BD081DE1
:10A7800000F0D2F80028F9D1A368032BF6D9F3E73B
:10A790002DE9F0410D4607461946281D90461E46F4
:10A7A00000F0D6F8044638B13346424629463846CA
:10A7B000A446BDE8F0416047BDE8F08110B4EFF376
:10A7C0001182202484F31288BFF36F8F416110BC83
:10A7D0000121C7F71FBB38B50C46054658B151B12A
:10A7E0000B6843B14B6833B11C220021FAF7DEFD40
:10A7F0002C61002038BD6FF01500FBE770B50546F1
:10A800000E46FFF7B5FF041E14DBEFF31182202381
:10A8100083F31288BFF36F8F6B8B2C8B4FF6FF7116
:10A820008B4204F0070407D182F31188BFF36F8FC6
:10A830006FF00A04204670BD022C0CD101336B83EB
:10A8400082F31188BFF36F8F0023224631462846DA
:10A85000FFF79EFFEEE7062C14D8DFE804F00413A0
:10A860001313041A0400002333606B683BB9C5E975
:10A870000066ACB902212846C7F7CCFADAE71E60B9
:10A880006E60F6E782F31188BFF36F8F6FF00404F8
:10A89000D0E782F31188BFF36F8F6FF08504C9E7AB
:10A8A00082F31188BFF36F8FC4E710B5EFF3118205
:10A8B000202383F31288BFF36F8F048B04F0070407
:10A8C000022C0AD0012C0CBF6FF004006FF0850041
:10A8D00082F31188BFF36F8F08E0438B013B9BB27B
:10A8E000438323B92146C7F795FA204610BD204679
:10A8F000EEE738B5A8B1A1B1EFF31185202282F3BC
:10A900001288BFF36F8F048BFFF7FBFE30B104F0AA
:10A91000070085F31188BFF36F8F38BD6FF07700A4
:10A92000F7E76FF01500F8E7034640B1426802F020
:10A930000302022A06D0032A04D0012A05D06FF0B0
:10A94000150070471A68002AF9D0002098607047F7
:10A9500010B54268816002F00302022A03464FF0FC
:10A96000000407D0032A02D05C60002001E01868D0
:10A970005C6010BD18685C600028F6D0FAF7D0F86B
:10A98000F3E7F0B506468F680D68F469E81B84426A
:10A9900098BF001BA4EB000098BF3F19984228BF46
:10A9A00018463368ED1B2B4413600B6803440B609F
:10A9B000F0BD70B445684369EE1AC569AB1B93429C
:10A9C00028BF134670BC0A46011DFFF7DABF70B4FA
:10A9D0000E460146856851F8103FEB1A934228BF96
:10A9E0001346324670BCFFF7CCBF10B5D1E9004327
:10A9F000E41A94420CD31A44C1E900228B68C0695E
:10AA0000D21A904201D9002010BD03448B60FAE7AE
:10AA10006FF01500F8E72DE9F34106460F4615469D
:10AA20004FF000082A4601A93046FFF7C2FF04464E
:10AA300040B1024639460198C1F792FE2D1BA04451
:10AA40002744EFD14246311D3046FFF7CEFF404646
:10AA500002B0BDE8F0812DE9F34107460E461546E8
:10AA60004FF000082A4601A93846FFF7B0FF044618
:10AA700048B12EB1024601993046C1F771FE264415
:10AA80002D1BA044EED1424607F110013846FFF7D6
:10AA9000ACFF404602B0BDE8F0817047002070472F
:10AAA00004F0F4BD0346BFF35B8F53E8000F421C74
:10AAB00043E800210029F8D1BFF35B8F704708B548
:10AAC00000210846C7F7B4FA002008BD1FB50023CF
:10AAD000CDE90201CDE900331A4619461846C7F7F9
:10AAE00091FC05B05DF804FB704700207047002022
:10AAF000704718B140680079C7F7E8BB4FF0FF30E6
:10AB0000FAE738B5436804460D46DA711146C7F7CF
:10AB10003BFC63681D60636801225A71BDE83840E0
:10AB2000FFF7E2BF10B543685B79044613B100211B
:10AB3000C7F72AFC636800225A7110BD70B50E4633
:10AB400015461946044618B9BDE87040C7F728BB3A
:10AB500033B1C2F34A231030120D1844C1F700FE7E
:10AB6000C4E900562046BDE87040C7F731BB7FB549
:10AB70000BAB059303930A9B02930023CDE90033AB
:10AB800002221846C7F73EFC07B05DF804FBF8B593
:10AB900006460D4614461F4604B9F8BD2146284610
:10ABA0003A46B047241A0544F6E707B5D1E9003222
:10ABB0008DF80700526801210DF107009847002029
:10ABC00003B05DF804FB0A2838B504460D4602D1EF
:10ABD0000D20FFF7EAFF29462046FFF7E6FF002099
:10ABE00038BD13B500240094C6F728FC02B010BD90
:10ABF0002DE9F043054687B008460E8891F800908D
:10AC0000D1F808800C461746C7F756FC011EC6F35C
:10AC10008216C9F3C2091EDB4846C7F70FFB03467D
:10AC20002146608851F8102B0196C2F34A22002A6F
:10AC300001EB0204C0F30B1008BF00210022CDE994
:10AC40000407CDE90214009241462846C7F760FC8C
:10AC500007B0BDE8F0830023E2E77047002930B475
:10AC6000044618460BDBA5680844A84207D8E068EC
:10AC70006468214484682468A44630BC60476FF04F
:10AC8000150030BC7047002930B4044618460BDB71
:10AC9000A5680844A84207D8E0686468214484682D
:10ACA0006468A44630BC60476FF0150030BC704744
:10ACB0000029034610B410460BDB9C680844A042F0
:10ACC00007D8D8685B68194483689B682BB110BCAF
:10ACD00018476FF0150010BC70476FF05700FAE787
:10ACE0000029034610B4104609DB9C680844A042C2
:10ACF00005D8D8685B68194410BC01F003BA6FF03E
:10AD0000150010BC704708B5C0688368DB689847B9
:10AD1000006808BDC068704708B5C0688368DB6814
:10AD20009847407908BD7FB50BAB059303930A9B09
:10AD300002930023CDE9003301221846C7F762FBD6
:10AD400007B05DF804FB2DE9F047894616469846A2
:10AD5000044698B38268036913448269334493427A
:10AD600030D80025D4E90170A6EB050A3F1ABA4590
:10AD700015D2B54209D223685246184409EB0501A1
:10AD8000C1F7EEFCA3685344A360B8F1000F1CD0D8
:10AD9000A068A8B12046BDE8F047C7F769BD2368A1
:10ADA0003A46184409EB0501C1F7DAFC6368A36071
:10ADB0002046C7F75DFD18B93D44D3E76FF00D009D
:10ADC000BDE8F0876FF00B00FAE74046F8E700694E
:10ADD000704710F0700F08D100F07F0310F0800F63
:10ADE00018BF1033012098407047002070472DE9AC
:10ADF000F84306460F469046994604254B46424680
:10AE000039463046E6F714FF10F10B0F044603D124
:10AE1000F9F7BEF9013DF1D12046BDE8F8830020E5
:10AE2000C8F736BA006840B150F8043C5B688B4202
:10AE3000A0F1040001D04068F5E77047006850B108
:10AE400050F8043C5B685B689B788B42A0F104007F
:10AE500001D04068F3E7704730B5006888B150F81A
:10AE6000043C5B681A6A1D7F04380023043ADCB294
:10AE7000A54201D84068F1E7013312F833408C4213
:10AE8000F5D130BD08B5C8F7D7FB28B1406810F13F
:10AE9000100F14BF0020012008BD4B1CDBB28170D5
:10AEA000817680F82530C37600F8061C704750E99B
:10AEB0000231D0F89C0018470369002283F84A2029
:10AEC0007047036993F84A0048B193F8480030B1DD
:10AED000D3F8902053685169D0695B1AC01A704743
:10AEE0000369002283F84B207047036993F84900F7
:10AEF00008B193F84B00704708B50246FFF7F5FF1D
:10AF000030B91046FFF7DDFF003818BF012008BD3B
:10AF10000120FCE70369C3E90012704702290369B5
:10AF200008D004290BD001290ED1D3F89430136036
:10AF30000020704793F89B30C3F34003F7E793F882
:10AF40009B3003F00103F2E76FF08500704708B50E
:10AF5000402903693FD013D8102932D006D80129DF
:10AF60001ED0082920D06FF0120008BD2029FAD188
:10AF700093F89C1001F0FB0152B341F0040127E06B
:10AF8000B1F5807F30D0B1F5007F36D08029EAD18D
:10AF900093F89C1001F0EF01D2B141F0100117E0DD
:10AFA000C3F894200020E0E793F89C1001F0FE0124
:10AFB0000AB141F0010183F89C100121C8F7B4FDEA
:10AFC000F0E793F89C1001F0FD010AB141F0020195
:10AFD00083F89C10F2E793F89C1001F0F701002A27
:10AFE000F6D041F00801F3E793F89C1001F0DF017F
:10AFF000002AEDD041F02001EAE793F89C1001F01F
:10B00000BF01002AE4D041F04001E1E770B50469D6
:10B010000546D4F88C00FFF71EFD94F8A0300646D4
:10B02000ABB1D4F88C104B684A699A1ACB699B1A59
:10B030003F2B0CD994F89E3033B16B681B6A2246C3
:10B04000187B0021C8F706FE002384F8A0303046A4
:10B0500070BD08B50122FFF7D9FF013818BF4FF0C6
:10B06000FF3008BD0369D3F8901048694A68C96980
:10B07000121A914204BF002283F84820D3F88C2092
:10B0800091681269914204BF002283F8492001208F
:10B0900070472DE9F04300F5017985B00546484633
:10B0A0000F4690461E46FFF792FE78B13346424661
:10B0B00039464846FFF747FE04463EB3D5F800023E
:10B0C000FFF7CBFD0023C5F800321FE0D5F80032B2
:10B0D000986803F016FF0446D5F80002FFF71AFE41
:10B0E0008368DB689847D5F80002FFF713FE214616
:10B0F00001AA04F02AF8044640B9DDE90112D5F8A6
:10B100000002FFF7EDFD04460028CFD0204605B031
:10B11000BDE8F08330B5054685B0084605F50071F9
:10B12000C7F780FB044698B9D5F80002FFF7F2FD97
:10B13000D5F8003202949A6801925B680093014648
:10B140004FF400732A4605F50170C7F777FC0446F3
:10B15000204605B030BD0321FFF7DCBF08B5012054
:10B16000C6F722FD08B50020C6F71EFD0B68834216
:10B1700004BF01230B71704703785B075FBF03684F
:10B180004288C3F34A2303EB12105DBF173020F04F
:10B19000070080080020704783685B6903B1184787
:10B1A000704783689B6903B11847704708B54368C7
:10B1B000197311B11868FFF7F4FF002008BD40684B
:10B1C0001030CEF759BE10B5406854301C46FFF71A
:10B1D00042FC2060002010BD07B583689B6C1BB942
:10B1E000012003B05DF804FB01AA0421984710F187
:10B1F000580FF5D08630F3D00198003818BF0120E1
:10B20000EFE72DE9F04145681E462B7B0C461746BB
:10B2100093B101EB0208444507D13760D5E901310C
:10B22000012098470020BDE8F081286814F8011B30
:10B2300083685B689847EEE705F13400FFF7EBFBA6
:10B2400005F5DC7330600121BFF35B8F53E8002FFD
:10B2500043E800100028F9D1BFF35B8F002AE1D149
:10B260002868FFF799FFDDE710B54068046800F52E
:10B27000C0700CF0ECF82046FFF793FFA3685B6A00
:10B280000BB120469847002010BD38B50446456BE9
:10B290002868FFF7A1FF38B120460CF0D8F82868DD
:10B2A000BDE83840FFF778BF38BD8268002382F8D8
:10B2B00056308268A2F852308268A2F85030704747
:10B2C00010B50346BFF35B8F53E8000F40EA01025D
:10B2D00043E80024002CF7D1BFF35B8F10BD10B5FD
:10B2E0000346BFF35B8F53E8000F00EA010243E817
:10B2F0000024002CF7D1BFF35B8F10BDF8F702B824
:10B300000EB403B503AA52F8041B0192CAF7E4F97C
:10B3100002B05DF804EB03B0704708B510B1C0F798
:10B32000EFFF80B208BD37B5002304460093836861
:10B3300003F51F75CAF774FDA368B3F8503023B145
:10B340004FF4F67000210BF0B5FF01AA69462846BC
:10B350000CF0BAF903B030BD8B6820B903F51F704B
:10B360000021F9F7DDBB03F52B70F9E738B58368E9
:10B37000D3F87832DB0704461BD4C06900F0FAFC2E
:10B38000606803685B689847054620B9E06800F08C
:10B39000E8FDA3681D75A3685B6C13B129462046C0
:10B3A0009847A3680022C3F82023F8F7B7FFCBF72C
:10B3B000CFFC6FF00F05EEE700F51E7019B14FF4EA
:10B3C0000061FFF77DBF6FF40061FFF788BF00F5F4
:10B3D0001E7011B10421FFF773BF6FF00401FFF776
:10B3E0007EBF08B500F51D7029B10121FFF768FF88
:10B3F00000F0010008BD6FF00101FFF770FFF7E7F3
:10B40000F7F7F8BF73B50901856801F51F710446A8
:10B4100016460D4401AA694628460CF055F9009BD2
:10B4200023B128460CF04DF92046B04702B070BD5C
:10B4300038B583681A7D012A04462DD1D3F87822C5
:10B44000510408D5D3F87422520704D40146DA6CAB
:10B45000C06900F063FCA06840F26762002300F559
:10B460004370FFF74BFF054618B16FF00F052846F4
:10B4700038BD08212046CAF789FB6069C9F76EFA12
:10B480002046C9F72BFC204600F0ABFBA06800F576
:10B490004370FFF7B5FFEAE76FF08505E7E7F8B51A
:10B4A000044680681F46037D022B0D46164607D0D2
:10B4B000BDE8F8404FF4805100F51E70FFF700BF63
:10B4C00040F26762002300F54370FFF717FF58BB97
:10B4D000A368D3F87822100508D49A6C32B9D3F84F
:10B4E0007432990602D5204600F079FA3B4632467E
:10B4F0002946204600F0D5FAA368D3F87822120531
:10B5000008D49A6C32B9D3F874329B0602D520461F
:10B51000CAF786FC606900F091F8A068BDE8F840C1
:10B5200000F54370FFF76CBFF8BD0CB407B504AB72
:10B5300053F8042B0193FFF7B2FF03B05DF804EB5F
:10B5400002B070470EB403B503AB082153F8042BC7
:10B550000193FFF7A4FF02B05DF804EB03B070475E
:10B560000EB403B503AB032153F8042B0193FFF78B
:10B5700096FF02B05DF804EB03B070470EB403B55C
:10B5800003AB012153F8042B0193FFF788FF02B0AE
:10B590005DF804EB03B07047F8B505460F46D1B12E
:10B5A0000846FFF7BAFE0646A86840F26762002325
:10B5B00000F54370FFF7A2FE044618B16FF00F04C8
:10B5C0002046F8BD731C142BA86800D836B900F5C6
:10B5D0004370FFF715FF6FF01504F1E73946FAF7EE
:10B5E00021F8AB6883F83C60A86800F54370FFF76A
:10B5F00007FFE5E710B50446806840F26762002364
:10B6000000F54370FFF77AFE48B92046C9F796F96E
:10B61000A068BDE8104000F54370FFF7F1BE10BD13
:10B6200018B18368D3F8240370476FF01500704792
:10B630008368996409B9FFF738BE704710B502698D
:10B640008368126801680446C0689847236900222D
:10B650001A6010BD38B5CB681B7C022B05460C4622
:10B6600004D10A2802D10D20FFF7F4FF23692268D4
:10B670001B68D554226913680133136023691A6863
:10B6800063689A4202D12046FFF7D8FF002038BDF8
:10B6900008B510B1C0F734FE80B208BD10B5047B08
:10B6A000438922442144B2FBF3F003FB1022B1FB97
:10B6B000F3F003FB1010101A10BD10B5047B438982
:10B6C00021441019B1FBF3F1B0FBF3F0401A10BDA7
:10B6D00030B5057B43892944B1FBF3F403FB141116
:10B6E00001312A4401340180B2FBF3F103FB112242
:10B6F000848001324C1CC480428030BDF8B50E46B7
:10B70000114607461546FAF7FDF90446E0B128460A
:10B71000FFF7BEFFA742054607D214F8013C202BD5
:10B7200002BF0135ADB204F1FF342046FFF7B0FF90
:10B730003388421C5B1B521B33806119204692B236
:10B74000BDE8F840F9F7B2BDF8BD2DE9F0410F466C
:10B7500086B01646044670B1034601AC00F11005F0
:10B7600018685968224603C20833AB421446F7D121
:10B770001868106001AC4FF0000841463246204680
:10B78000CAF79EF808F10108054628B1296838462D
:10B79000C0F72AFE0028F0D1284606B0BDE8F081A7
:10B7A0002DE9F0471C46DDF820809DF82490002309
:10B7B0000F46164623602368BB4205461BD256F847
:10B7C000230000F05AFC2368824618B1013323603D
:10B7D0002846F0E756F8231042462846FFF7B5FF03
:10B7E00048B123685A1C2260B9F1000FE3D08045AC
:10B7F000E1D1236055462846BDE8F08773B503784C
:10B800002D2B04460D46164606D16FF01503336006
:10B810000025284602B070BD00F02CFD0023036017
:10B820002A4601A92046FAF765FB054600F022FDED
:10B830000368222B02D16FF02103E8E700F01AFD24
:10B840000368002BE1D1019BA342DED01B78002BC3
:10B85000DFD0DAE70EB403B503AA52F8041B019255
:10B86000C9F73AFF02B05DF804EB03B0704710B5BA
:10B870000446C0F745FDB4F8503013FA80F038B1F3
:10B88000638FB0FBF3F203FB1200B0FA80F04009C3
:10B8900010BD38B584682046C0F732FDD4F8745224
:10B8A000B4F85230C5F3400580B205FB0300638F46
:10B8B000B0FBF3F203FB1200B0FA80F0400938BD90
:10B8C00010B50446FFF7E5FF18B9A068FFF7CFFFF2
:10B8D00020B16069BDE81040CAF7ACB810BDF8B53A
:10B8E00084680546B4F85020B4F8521004F13000D2
:10B8F000FFF7EEFEA868A78EE68EFFF7B8FF10B13F
:10B900006869CAF797F8B74207D1218E638E284637
:10B91000C91ABDE8F840CAF7A9B8E18EA38E284637
:10B92000C91ACAF78DF8F0E7F8B5044680680D46E5
:10B93000B0F85210B0F8502030300D44FFF7C8FE78
:10B94000A068ADB2B0F852102A463030FFF7B5FE0D
:10B950000746A0682A46B0F852103030FFF79EFE26
:10B96000794206462046CAF76BF831462046CAF7A8
:10B970007DF8A368A3F85250F8BD8368B3F852105D
:10B98000494209B2FFF7D0BF8368B3F85010B3F84B
:10B990005230C91A09B2FFF7C7BF8368B3F85230F3
:10B9A0001BB14FF0FF31FFF7BFBF70478368B3F89B
:10B9B0005220B3F850309A4202D20121FFF7B4BFAF
:10B9C00070478268B2F85210A2F850108368B3F83A
:10B9D00052201344002283F85620CAF71FB810B52E
:10B9E00004468068B0F85020B0F852103030FFF7AD
:10B9F0006FFEA368198E2046C1F10101CAF736F81F
:10BA0000A368998E20460139CAF71AF82046BDE886
:10BA10001040CAF703B82DE9F041054686B00F463D
:10BA200014460026A4B906B0BDE8F081D3F8782208
:10BA30009207FBD5BFF35B8F03F51E7353E8001F1E
:10BA400021F0020143E80012002AF7D1BFF35B8F17
:10BA5000686803682246D3F80C80B9196B46C04762
:10BA6000009A1644A41A002ADCD1AB68197D032978
:10BA7000EED00229DAD803F52B73012101A80BF0CF
:10BA8000EDFD4FF0FF324FF0FF33012101A8F8F731
:10BA9000EFFFA86800F52B700BF013FED8E7FFF757
:10BAA000BABFF7B51E4683681546D3F87422D2068E
:10BAB000044613D593F83E208A420FD0DB8FADF8B1
:10BAC0000430CAF763F8606932462946C9F704FEB4
:10BAD00001A92046CAF77AF803B0F0BD6069324682
:10BAE000294603B0BDE8F040C9F7F6BD0CB407B570
:10BAF00004AB53F8042B0193FFF7D3FF03B05DF8B9
:10BB000004EB02B070472DE9F0418768B7F8506048
:10BB1000B318FF2B05468846144626DCB7F852308A
:10BB2000F61A56331F44B6B2324639463819F9F779
:10BB3000BDFB224641463846C0F712FEAA68B2F85D
:10BB400050302344A2F85030AB68B3F8502013446F
:10BB5000002283F85620AB68D3F87412890706D404
:10BB6000B3F852201444A3F85240BDE8F0813146A6
:10BB70002846BDE8F041CAF7ABB8FFF7C4BF38B5F7
:10BB800005468068B0F85220B0F85040A41AA4B21C
:10BB90009CB156321044411C2246F9F787FBAA6833
:10BBA000B2F85030013BA2F85030611E2846012205
:10BBB000BDE8384089B2CAF78BB838BD10B5836884
:10BBC000B3F8502004465AB1B3F8523043B14FF0A5
:10BBD000FF31FFF7A9FE2046BDE81040FFF7CFBFB9
:10BBE00010BD70B592B00023054601934FF47A74EE
:10BBF0006868036840221E6902A901ABB047019B37
:10BC000013B108B9013CF3D112B070BD70472DE9F2
:10BC1000F04104460F46904603F18E060BF084FA7D
:10BC2000054608B3EFF31185202383F31288BFF391
:10BC30006F8FA368D3F878321A051FD53246414674
:10BC40003846FEF7D5FFA368D3F878321B0502D437
:10BC50002046CAF7E5F80BF067FA98B185F311882A
:10BC6000BFF36F8FBDE8F081A06800F543704FF01F
:10BC7000FF324FF0FF33F7F745FBDAE72046FFF7D7
:10BC8000AEFEDBE7A06800F54370BDE8F041F7F7D2
:10BC9000B1BB2DE9F04143681C68E369A2685F68A5
:10BCA0009B68D2F874621B79012B0D46C6F300160F
:10BCB00006D0032B01D0BDE8F0812046FFF78FFEB0
:10BCC00033462A4639462046BDE8F041FFF79FBF7C
:10BCD00043681B68D3E90632BFF35B8F53E800CF9C
:10BCE0008C4443E800C00028F8D1BFF35B8F936811
:10BCF000BFF35B8F53E8000F084443E80002002ABB
:10BD0000F8D1BFF35B8F704710B513460C460A4657
:10BD100001461846FFF7C3FE204610BDF8B58B68F4
:10BD2000BFF35B8F04460D46174603F51E7353E8B9
:10BD3000001F41F4005143E80012002AF7D1BFF37D
:10BD40005B8F6868036801219B689847064680B945
:10BD5000D4E90410FEF764FC3A4620682946FEF751
:10BD6000D0FE63685B685D60A3681E60A368012203
:10BD70001A71F8BD10B504460068FEF7D3FEA3683B
:10BD800002221A7110BD0EB403B503AA52F8041BA7
:10BD90000192C9F7A1FC02B05DF804EB03B0704753
:10BDA0000020704783690020186070470EB403B507
:10BDB00003AA52F8041B0192C9F78EFC02B05DF889
:10BDC00004EB03B0704708B50168FFF7E5FB0020FE
:10BDD00008BD8368BFF35B8F03F51D7353E8001F35
:10BDE00021F0200143E80012002AF7D1BFF35B8F56
:10BDF000002070478368BFF35B8F03F51D7353E822
:10BE0000001F41F0080143E80012002AF7D1BFF3F8
:10BE10005B8F002070478368BFF35B8F03F51D7352
:10BE200053E8001F21F0100143E80012002AF7D167
:10BE3000BFF35B8F002070478368BFF35B8F03F510
:10BE40001D7353E8001F21F0080143E80012002A87
:10BE5000F7D1BFF35B8F002070478368BFF35B8F20
:10BE600003F51D7353E8001F21F0020143E800129F
:10BE7000002AF7D1BFF35B8F002070478368BFF3C0
:10BE80005B8F03F51D7353E8001F41F0100143E879
:10BE90000012002AF7D1BFF35B8F00207047836840
:10BEA000BFF35B8F03F51D7353E8001F41F02001C2
:10BEB00043E80012002AF7D1BFF35B8F00207047E0
:10BEC0008368BFF35B8F03F51D7353E8001F41F0D8
:10BED000020143E80012002AF7D1BFF35B8F002074
:10BEE000704708B58368D3E900210A6051600021DA
:10BEF000C3E900111A895B8900681A440C32FEF705
:10BF0000AAFD012008BD0023C3607047F8B51F4695
:10BF10000346164653F8044F9C4202D10020388055
:10BF2000F8BDC568B1B9002DF8D0AC4202D10023EC
:10BF3000C360F3E76C68C460002CEFD0228904F181
:10BF40000C013046C0F70CFC23893B800022F254E0
:10BF50000120E5E7002DEED08368AB42E7D02C68E6
:10BF6000E9E738B50446051D6368AB4204D02046B6
:10BF7000FFF7B7FF0028F7D138BD2DE9F04F02F1E8
:10BF80000C050368C5F1000ADB690AF0030A85B0F5
:10BF900055449D4204460191174610D80023C360C2
:10BFA0006AB1466800F1040BB3450BD05EB133892A
:10BFB000934208D106F10C00F9F748F918B905B019
:10BFC000BDE8F08F1E464FF00009236819699A6892
:10BFD000914201BFC3E90299C3E90599C3F80490EE
:10BFE000C3F810902068436842699A1AC3699B1A83
:10BFF000AB4228BF2B4603AA011DFEF7C2FC8542B7
:10C00000804627D92068436842699A1AC3699B1AF7
:10C01000AB4228BF2B4603AA011DFEF7B2FC8542A6
:10C0200019D1738943447381A844039D01992F81D9
:10C030003A46A5F80AA005F10C00C0F791FB636829
:10C04000C5E9003B5D60206865604246011DFEF762
:10C05000CCFCB4E7E9D020680022011DFEF7C5FC46
:10C0600063689B45B1D02046FFF73BFFADE7031D5A
:10C07000C0E901330023C360704710B5044628B1FE
:10C08000C0F73EF9002380B2984201D8002010BDCD
:10C09000E25C3F2A03D02A2A01D00133F4E70120D1
:10C0A000F5E710B5044680684FF48072002100F572
:10C0B000AB70F9F77BF9A068B0F8502000F1560199
:10C0C00000F5AB70C0F74CFBA06800F5AB70C9F78A
:10C0D00031FCA46804F5AB70C0F712F90130A4F884
:10C0E000540010BD10B504468068B0F8542000F527
:10C0F000AB715630C0F734FBA368B3F85420A3F8F3
:10C10000502010BD2DE9F0418768FB6804460D46BC
:10C1100016469847BB682BB1324629462046BDE8F3
:10C12000F04118476FF05700BDE8F0817FB50BABC9
:10C13000059303930A9B02930023CDE90033012268
:10C140001846C6F75FF907B05DF804FB01460068C2
:10C15000CAF79CB908B5CAF70BFABDE80840CAF798
:10C160000BBA7FB50BAB059303930A9B0293002395
:10C17000CDE9003301221846C6F744F907B05DF84F
:10C1800004FB00210120CAF781B961B662B680F3D1
:10C190001188BFF36F8F704772B6002383F3118845
:10C1A000BFF36F8FBFF34F8F30BF62B6BFF36F8F98
:10C1B000704772B6002383F31188BFF36F8FBFF30C
:10C1C0004F8F20BF80F31188BFF36F8F62B6704727
:10C1D000202809D9B0F1004F08D80138B0FA80F012
:10C1E000C0F11F0040007047082070473E20704794
:10C1F0007FB50BAB059303930A9B02930023CDE914
:10C20000003301221846C6F7FDF807B05DF804FBBD
:10C21000002070474FF0FF307047002070470846FD
:10C220001146CBF74BB808461146CBF75BB84FF039
:10C23000FF307047002070470228CCBF002001204B
:10C2400070474FF400534B600020704710B5044610
:10C250001420F8F72FFD2060BDE810400AF04EBD15
:10C26000F8F730BD4FF0FF324FF0FF33F7F74AB821
:10C27000F7F7C0B8F6F78CBD2DE9F04F85B08A46C8
:10C2800015460293044600283ED000293CD0002BDE
:10C2900000F00C810A46A046294618F8010BCBF79E
:10C2A0005BF80346C0B23F281778064627D013F044
:10C2B000C00F0BD1C8B12A2837D029463846CBF752
:10C2C0004BF8864202F101022DD01DE05B287AD0A6
:10C2D0005C28F2D1EB07F0D46078CBF73DF810F092
:10C2E000FF0618BF04F10208E7E7EC0601D52F2F7F
:10C2F00002D0381E18BF012005B0BDE8F08F1FB175
:10C300002F2F03D1A8070DD50120F5E72E2F09D136
:10C31000690707D55245F7D0AB0703D512F8013CA2
:10C320002F2BF1D001324446B5E76078CBF714F8F3
:10C33000C1B22A2918D02E2F09D16F0707D552452F
:10C34000E2D0AE0703D512F8013C2F2BDCD079B92F
:10C3500015F00200D0D0ED0600F1AA802F21104682
:10C36000F9F7F8F80038C5E718F8010F2946DDE7B6
:10C370002F2908D1AC0706D51046F9F7EBF802468D
:10C380000028D0D1C0E7029B164603F1FF3925F003
:10C39000040A05F00207B34629469BF80000CAF7D5
:10C3A000DBFF10F0FF0406F10106ADD04B4652460C
:10C3B00059464046FFF760FF01289DD12F2CEAD156
:10C3C000002FE8D098E7002F9ED02F2F01D1A8078B
:10C3D0009AD43846CAF7C0FF6378212B814601D032
:10C3E0005E2B1DD10234012314F8010B0193294661
:10C3F000CAF7B2FFC6B25D2E15D04FF0000B2F2E3C
:10C4000048D05C2E07D1EB0708D414F8010B29465D
:10C41000CAF7A2FFC6B2002E3FF476AF234605E06E
:10C4200044460023E0E723464FF0000B21782D29F6
:10C4300037D1607803932946CAF78EFF10F0FF00CA
:10C44000039B18D05D2816D05C2804F102030CD1A0
:10C4500015F0010F09D1E31CA0780393CAF77CFF04
:10C4600010F0FF003FF450AF039B4E4503DC4845FE
:10C47000A8BF4FF0010B1C46294614F8010BCAF760
:10C480006BFFC6B25D2EBAD1019B5B453FF43CAF5A
:10C49000611C03D15B2F7FF437AF44460132A046C5
:10C4A00041E74E4508BF4FF0010BE4E7032023E7C7
:10C4B000084621E74023FFF7DFBE704700230382D1
:10C4C0004369C3607047416A8968CBF755B8EFF399
:10C4D0001182202383F31288BFF36F8F00230B6038
:10C4E000436833B9C0E9001182F31188BFF36F8F3D
:10C4F000704719604160F7E710B50346EFF311810B
:10C50000202282F31288BFF36F8F006828B15C6825
:10C5100002681A60A04208BF5A6081F31188BFF315
:10C520006F8F10BD027A01320272704703461846BF
:10C530005B68002BFBD17047426810B52AB10B46EF
:10C540001C465B68002BFBD16260416010BD10B5DA
:10C55000044620B90B7A01330B72084610BD03461E
:10C5600018465B68002BFBD1FFF7E6FF2046F5E796
:10C5700010B508B14B6843604C68002308464B6017
:10C58000CBF778F8204610BD83680B4403607047F2
:10C5900003680B6043684B6083688B6070478388D7
:10C5A000026819448180D018704730B484880568C7
:10C5B000A3188380281930BCC0F7D2B810B583887F
:10C5C00002685C1C8480D154D01810BD03460068FA
:10C5D0009A88401A11441860998070478288521ACC
:10C5E000034682800068084418607047034600686C
:10C5F0009A88521A01449A801960704710B50368EE
:10C600001C880221FFF7EAFF204610BD10B5036821
:10C610001C8864BAA4B20221FFF7E0FF204610BDD7
:10C6200002688068101A70478388C2888168D21AAD
:10C6300003685B1AD01A70477FB50BAB0593039361
:10C640000A9B02930023CDE900331846C5F7DAFEB2
:10C6500007B05DF804FB0020704730B5D0E9004218
:10C660000D68531E68682344834208D3AB68013BBE
:10C6700003449C4205D84B689A4288BF4A60012017
:10C6800030BD0020FCE708B5C26900685143FEF7E1
:10C6900027FBBDE80840CBF7FDBD38B5C56900688C
:10C6A000144605FB01411A46049BFEF7ECFABDE86F
:10C6B0003840CBF7EFBD38B5C5690068144605FBB7
:10C6C00001411A46049BFEF7C9FABDE83840CBF792
:10C6D000E1BD7FB50BAB059303930A9B0293002347
:10C6E000CDE900331846C5F78DFE07B05DF804FBB1
:10C6F0004FF0FF324FF0FF3300F58070F6F702BEC7
:10C70000F6F778BEF8B543681D6904460E4617462D
:10C710002846FFF7EDFF21683B46324605F17C00D5
:10C7200004F0A6FD044605F58070FFF7E9FF2046FA
:10C73000BDE8F840CBF7A0BDF8B543681D690446D5
:10C740000E4617462846FFF7D3FF21683B46324680
:10C7500005F17C0004F0A3FD044605F58070FFF7A9
:10C76000CFFF2046BDE8F840CBF786BDF8B543685B
:10C770001D6904460E4617462846FFF7B9FF216893
:10C780003B46324605F17C0004F08BFD044605F57E
:10C790008070FFF7B5FF04EAE470BDE8F840CBF71E
:10C7A0006BBD38B543681D6904462846FFF7A0FFF6
:10C7B000216805F17C0004F0F5FD044605F5807064
:10C7C000FFF79EFF204638BD70B543681D690446DB
:10C7D0000E462846FFF78CFF2168324605F17C00A3
:10C7E00004F061FD044605F58070FFF789FF2046DF
:10C7F000BDE87040CBF740BD38B543681D690446BD
:10C800002846FFF775FF216805F17C0004F02EFD36
:10C81000044605F58070FFF773FF2046BDE83840F9
:10C82000CBF72ABD70B543681E6904463046FFF752
:10C830005FFF216806F17C0004F016FD054606F551
:10C840008070FFF75DFF2046CBF702FD2846BDE86C
:10C850007040CBF711BD70B543681E690546C2B084
:10C8600030460C46FFF744FF29686A4606F17C0013
:10C87000EEF7DAF9054606F58070FFF741FF002D67
:10C8800017DD9DF800309A1E534253412370019BDF
:10C89000C4F80431FF2202A9601CF8F785FF0023C9
:10C8A00084F800310025284642B0BDE87040CBF73F
:10C8B000E3BCF8D16570F5E738B50346084619467C
:10C8C0001D69CBF7B9FC04462846FFF711FF214646
:10C8D00005F17C00EDF706FF044605F58070FFF7D3
:10C8E0000FFF2046BDE83840CBF7C6BCF8B504467C
:10C8F0000846214625691746CBF79EFC2146064689
:10C900003846CBF799FC04462846FFF7F1FE22464D
:10C91000314605F17C00EDF753FF044605F58070C4
:10C92000FFF7EEFE2046BDE8F840CBF7A5BC38B5D2
:10C930000346084619461D69CBF77EFC0446284687
:10C94000FFF7D6FE214605F17C00EEF77BF80446A2
:10C9500005F58070FFF7D4FE2046BDE83840CBF7E0
:10C960008BBC70B5034614461E69D6F8E420926964
:10C970002260D6F8E420D2696260D6F8E420126A18
:10C98000A26008461946CBF757FC3046FFF7B0FEC9
:10C9900006F17C0004F015FD054606F58070FFF7F2
:10C9A000AFFE002DA1BFA3685B1BE36000252846F6
:10C9B000BDE87040CBF760BC70B50346C2B0084616
:10C9C00019461E691546CBF737FC04463046FFF77B
:10C9D0008FFE21466A4606F17C0004F021FC0446E5
:10C9E00006F58070FFF78CFE002C10DB9DF8003000
:10C9F0009A1E534253412B70019BC5F80431FF220C
:10CA000002A9681C0024F8F7CFFE85F800412046F3
:10CA100042B0BDE87040CBF72FBC03898B420AD9E6
:10CA2000436803EBC10053F831302BB94368002B46
:10CA300008BF0020704700207047F0B50378858854
:10CA40008779C679CE71002013F0070F0860C3F311
:10CA5000C10308788F7114BF03240124012B28BF60
:10CA6000012344EAC30320F01F006DBA034352BA06
:10CA70000B704A808D80F0BD37B505460C460846E0
:10CA8000FFF71CFD45F8044B08232046238250F88D
:10CA90000C4F1C44FFF7C8FD0022034600920321FF
:10CAA000224628460AF002F803B030BD2DE9F04FC7
:10CAB00085B005460E4690461F4609F023FD20B975
:10CAC0006FF04C0005B0BDE8F08F00234FF0140963
:10CAD0003B6009FB086934464FF0010A02A9284669
:10CAE00009F00AFDDDE90232009368BB284609F02F
:10CAF00034FD0028E4D00020E4E7A14598BF344687
:10CB000061688A4214D1216800980192F8F79EFB6F
:10CB1000019A68B9237CD3B9D4E9023128469847F1
:10CB2000C0B184F810A03B68013314343B60D5E7F2
:10CB300014340BF1010BD845DFD10021284609F050
:10CB4000D8FD0028CAD1D1E74FF0000BF3E76FF012
:10CB50006F00B7E76FF02200B4E70D2809D006D8C0
:10CB6000022806D003280CBF0520012070470E289C
:10CB7000F9E70320704710B5C2B00C466946CBF701
:10CB80009DF910F1160F09D0831C09D050B99DF8FA
:10CB900000304BB9419B236042B010BD0220FBE73F
:10CBA0000320F9E70120F7E70420F5E7042804D87B
:10CBB000022807D808D00120704706280CBF05209E
:10CBC00001207047052070470320704708B50020FA
:10CBD000C4F7EAFF00B5C7B021AB0190029301A8EA
:10CBE00004AB0393CCF780FA47B05DF804FB38B58B
:10CBF000044600F11005002200232846F6F74AFCFF
:10CC0000014600B938BD2046FFF7E4FFF3E7CAF755
:10CC100031BD70B505460E46CCF7E4FF044618B1A9
:10CC2000336B1BB129469847204670BDEA7A05F15F
:10CC300018011830BFF794FDF6E710B5044640B16F
:10CC40004B6B0BB1183098472046BDE81040CAF72F
:10CC500011BD10BD4FF48070704710B504460068D8
:10CC600018B1FFF7D4FF0023236010BD10B586B0C4
:10CC700003461446009103AA052104A8C4F7AAFF9D
:10CC8000042104A8A04706B010BD2DE9FF410368A8
:10CC900004460E4615462BB1012D09D8002004B0DC
:10CCA000BDE8F081CCF79EFF20600028F4D1F5E7C5
:10CCB000378841F204439F423BD040F606139F421F
:10CCC000ECD12068FFF7FAFB2068028A50F80C3F8D
:10CCD00003EB0208FFF7A8FC023D01460095B31CD8
:10CCE00003AA4046C4F7F6FF38BB2268039B118AAB
:10CCF0000B44138240F606139F4207D12068038A33
:10CD0000012B1AD90C30FFF781FCA0802368A18881
:10CD10001A8A8A42C2D310D8D9680020FDF712FAC5
:10CD2000034650B921680A8A023A0A8220682360C1
:10CD3000B5E723681B8A002BC6D12046FFF78DFF7D
:10CD4000ACE730B585B014460A888B78ADF8002082
:10CD500005460D2200210DF103008DF80230F8F791
:10CD600025FB6A4669462846E1F7A6F928B9BDF8C9
:10CD700000209DF802302280A37005B030BD13B5AD
:10CD80000C4601AA0331FFF7DCFF48B9032201A9D1
:10CD90002046F8F75BFAB0FA80F0400902B010BD07
:10CDA0000020FBE770B5CE1C05460C46304603213B
:10CDB000E1F780F960B9637903F03F0343F0400382
:10CDC0006371224631462846BDE87040FFF7B9BF7F
:10CDD00070BD10B50C46017822788A428AB00FD017
:10CDE0006946CDF7C9F905A92046CDF7C5F9102246
:10CDF0000DF115010DF10100F8F728FA0AB010BD88
:10CE0000012A06D0022A07D072B940886388C01A66
:10CE1000F4E740686368FAE71022611C01300AB049
:10CE2000BDE81040F8F712BA6FF01500E6E7042AE3
:10CE30000AD0102A0DD0022A4FF0000315D103703A
:10CE40000B88438001207047012303700B68436007
:10CE5000F8E7022300F8013B01F1100351F8042B1D
:10CE600040F8042B9942F9D1ECE7184670470123AA
:10CE700010B50621044600F8013BE1F71BF918B98B
:10CE8000A37963F03F03A37110BD0B6803608B8827
:10CE900083808B798371037823F0020303707047DA
:10CEA0000078C0F34000704738B50446807ACAF76E
:10CEB00039FB6169054649B1637ADB0704D4436AEB
:10CEC0001B6820469B6898470023636121462846DB
:10CED000BDE8384009F0EEBF2DE9F04101F10C0842
:10CEE0000C46054600F10C01404617461E46FFF76A
:10CEF0004FFB4046FFF794FB012310FA87F068824E
:10CF00006B722F8239464046FFF768FBE368736017
:10CF1000628A0023E3607281638234602846BDE840
:10CF2000F08138B5D1E90032DA600B684A895A825B
:10CF30000C4605460868CAF79DFB204610220021D2
:10CF4000F8F734FA2846BDE83840FFF7ADBF438A0A
:10CF500023B9C068B0FA80F04009704700207047DC
:10CF6000D0F8A03083B15A7BD1070DD5D2060DD5AC
:10CF70001B7B102B14BF032304234372807A984237
:10CF80008CBF0020012070470223F6E70323F4E75B
:10CF90000F2807D80D280BD8052808BF032018BF75
:10CFA00002207047132803D01A2808BF0120F6E793
:10CFB0000120704710B50346BFF35B8F53E8000FA5
:10CFC00040EA010243E80024002CF7D1BFF35B8F55
:10CFD00010BD7FB50BAB059303930A9B029300230F
:10CFE000CDE900331846C5F70DFA07B05DF804FB2C
:10CFF000BFF35B8F50E8003F0B4040E80032002A4F
:10D00000F8D1BFF35B8F7047C0F307231070000E99
:10D010005370D0700023C1F30720090E9370137171
:10D0200050719371D17170470120704781767047BC
:10D03000704710B503884288934219D8052B17D939
:10D04000B2F5486F14D88388B3F5FA7F10D2C08840
:10D05000A0F10A0189B240F67644A14208D8013312
:10D060009BB25343B3EB800F34BF0120002010BDAF
:10D070000020FCE74FF44070704708B5D5F7B8F8CA
:10D0800018B1C089003818BF012008BD70B5064628
:10D090000D4640F206400321CDF7C8FD044668B1B5
:10D0A00003210C30FFF77BFA0680857021460022B1
:10D0B000BDE8704040F20640CEF7CEB96FF0680090
:10D0C00070BDC368187808B1CDF766BB1846CEF7B7
:10D0D00099BB38B50221054642F21600CDF7A6FDF0
:10D0E000044668B102210C30FFF759FA2B880380FF
:10D0F00021460022BDE8384042F21600CEF7ACB916
:10D100006FF0680038BDF8B507460E4642F22200BF
:10D1100006211546CDF78AFD044678B106210C306C
:10D12000FFF73DFA3B880380468085802146002238
:10D13000BDE8F84042F22200CEF78EB96FF06800E9
:10D14000F8BD2DE9F0478146884642F232000721BA
:10D150009DF820A017461E46CDF768FD0546A0B1F4
:10D1600007210C30FFF71BFAB9F80030038080F874
:10D170000280C7700671A0F805A029460022BDE80C
:10D18000F04742F23200CEF767B96FF06800BDE8B1
:10D19000F08708B500200021CEF7E0F818B1BDE80F
:10D1A0000840CDF79DBFBDE80840D0F77DBB0331F7
:10D1B00038B5C9B205460E20CEF78CFC03210446D3
:10D1C0000C30FFF7ECF901230370A0F80150204662
:10D1D00038BD70B505460E460F200421CEF77AFC07
:10D1E000042104460C30FFF7DAF901220670427080
:10D1F0004580204670BD08B50722F8F727F8B0FA39
:10D2000080F0400908BD0B6803608B8883808B79B0
:10D2100083717047F8B50F46144630BB272142F2A0
:10D220002700CDF703FD054610B327210C30FFF78B
:10D23000B6F93946FFF7E7FF06462246C31D04F15B
:10D24000100152F8040B43F8040B8A42F9D1102262
:10D25000002106F11700F8F7A9F829460022BDE8D9
:10D26000F84042F22700CEF7F7B86FF01500F8BD8E
:10D270006FF06800FBE7037A5B07024605D50146BD
:10D280002A3211F8010BFFF7C5BF70477FB50BAB12
:10D29000059303930A9B02930023CDE900331846BC
:10D2A000C5F7B0F807B05DF804FB38B501210546B5
:10D2B00042F22D00CDF7BAFC044658B129460C3095
:10D2C000FFF77CF921460022BDE8384042F22D00EC
:10D2D000CEF7C2B86FF0680038BD10B400F110038B
:10D2E000BFF35B8F53E8002F22F4004143E80014A2
:10D2F000002CF7D1BFF35B8F130403D510BC0121C1
:10D3000000F08BB910BC70472DE9F041D1F80480D2
:10D3100086B004460D46B8F1000F1DD1037A5B07B5
:10D320001AD50E68411C701CFFF765FF2A361622BD
:10D33000414607466846F8F739F8102269463046F4
:10D34000F7F784FF30B1102204F12A013046F7F7D5
:10D350007DFF00B107B16C6006B0BDE8F081BFF39E
:10D360005B8F0369BFF35B8F1B0600F110020ED5C4
:10D37000BFF35B8F52E8003F43F4004342E80031C3
:10D380000029F7D1BFF35B8F002100F046B9704749
:10D3900010B50C4630B919B1D4F7E8FE00B1441C01
:10D3A000204610BD0024FBE718B111B10846CEF7A6
:10D3B000FFBB6FF01500704713B5044680B106211E
:10D3C0006846E0F777FE48B99DF80530694603F0F6
:10D3D0003F0320468DF80530FFF7E6FF02B010BD91
:10D3E0006FF01500FAE7003818BF01207047037A84
:10D3F000D90704D523F001030372CEF747BC990780
:10D4000004D523F002030372CEF728BD704703460C
:10D4100010F4004F0CBF07200620DA0348BF00F0CD
:10D4200005009B0348BF00F0FB007047BFF35B8F14
:10D430000068BFF35B8F704710B50346BFF35B8F87
:10D4400053E8000F00EA010243E80024002CF7D162
:10D45000BFF35B8F10BD7FB50BAB059303930A9BA6
:10D4600002930023CDE900331846C4F7CBFF07B081
:10D470005DF804FB012310B403FA01F1044662B124
:10D48000BFF35B8F54E8003F0B4344E80032002AAF
:10D49000F8D1BFF35B8F10BC704710BCC943FFF7D6
:10D4A000CBBF2DE9F04F87B005469DF84860DDF809
:10D4B00040909DF844A00C4690460021102202A8FE
:10D4C0001F46F7F773FFEEB9CDE90248012202A922
:10D4D00042F20800CEF758FF044678B9BAF1000FBF
:10D4E0003ED11035BFF35B8F55E8003F43F0040396
:10D4F00045E80032002AF7D1BFF35B8F204607B022
:10D50000BDE8F08FCDF7E8FD8346E4B937BB584658
:10D51000BEF7F6FE0923012ECDE901B48DF80030E7
:10D520008DF80100CDF80C80D0D1CDF810D0059643
:10D530000222CCE714F83320083A012A25D9013316
:10D540009845F7D1E2E70023FAE717F83320083AC5
:10D55000012A1AD901339945F7D1D8E70023FAE710
:10D56000022E4FF0010208BF059202A908BF324601
:10D5700042F2090008BFCDF810D0CDE90279CEF70C
:10D5800003FF0028ADD00446B8E76FF01504B5E7F7
:10D5900008B500F110031846FFF748FF820505D4CF
:10D5A0001846FFF743FFC0F3002008BD0220FCE748
:10D5B000436813F008000AD05A0307D403F4C06389
:10D5C000B3F5806F14BF022001207047012070471F
:10D5D00070B5064686B00D4642F20A000121CDF72D
:10D5E00025FB0446B0B10C3095B10121FEF7E6FFF2
:10D5F00006F1100203A9204600950723CDF704FB8E
:10D600000022214642F20A00CDF726FF06B070BD87
:10D610002946EBE76FF06800F8E7FFF7D9BF18304D
:10D6200009F032BD0368D90444BF43F4806303604A
:10D6300003689A0444BF43F40063036070477FB5F6
:10D640000BAB059303930A9B02930023CDE90033B0
:10D650001846C4F7D7FE07B05DF804FB01F12003BC
:10D66000013813F8012D00F8012F8B42F9D17047D2
:10D6700000230B60436813B9C0E9001170471960BB
:10D6800041607047D0F8B000003818BF01207047E3
:10D69000084689691160C2691A60C27A002118308F
:10D6A000F7F784BEBFF35B8F0068BFF35B8F7047F3
:10D6B00010B50346BFF35B8F53E8000F40EA010249
:10D6C00043E80024002CF7D1BFF35B8F10BD73B586
:10D6D0000446CDE900320D4622B9D0F8A8606B4669
:10D6E00001AAB0472846C9F7C5FF019B23B100999D
:10D6F0006FF06D022046984702B070BD7FB50BAB4E
:10D70000059303930A9B02930023CDE90033184647
:10D71000C4F778FE07B05DF804FB2438CFF71ABDD4
:10D72000036800220BB9184670478B4210D10B6872
:10D7300042B942680360914200D1436000230B600C
:10D740000120704713604368994208BF4260F5E7C3
:10D750001A461B68E6E710B50446006918B1C9F718
:10D7600089FF0023236110BD10B5034600F1C802F4
:10D770001046FFF797FF80B1BFF35B8F411C52E863
:10D78000004F844204D142E8001CBCF1000FF6D1E6
:10D79000BFF35B8FECD1184610BD0346FBE72DE9C4
:10D7A000F84307460E46904600244FF0D009B44295
:10D7B00003D100231846BDE8F88309FB0470FFF786
:10D7C000D3FF034658B1457B012D02D0073D012D03
:10D7D00003D81A884245EDD01846CFF79DFE013494
:10D7E000E5E710B5437B023B0446062B16D8DFE87D
:10D7F00003F009041515150B0900017300212046DB
:10D80000CFF7B4FE002010BD0088FFF73FFC0028D2
:10D81000F9D1637B072BF5D10821F0E76FF07F008A
:10D82000F1E710B50446D0F8A00028B9207A04F139
:10D830007001D4F7DDFC38B1E278C3892AB913F05E
:10D84000210F14BF0120002010BD13F0240FF8E7B2
:10D8500038B5037A8B420446154615D100F17001A4
:10D8600007222846F7F7F2FC80B1E378072243B994
:10D8700004F17E012846F7F7E9FCB0FA80F0400990
:10D8800038BD04F17701F5E70020F9E70120F7E75B
:10D8900020B18378194214BF01200020704738B5A9
:10D8A0000A4603210446FFF7F3FF48B3637B072BC7
:10D8B00029D1130602F07F050BD54FF40041201D3E
:10D8C000FFF7F6FEA5722046D3F7E2FEA8B90020C6
:10D8D00038BD637AAB42FAD2A37AAB42F7D2BFF338
:10D8E0005B8F231D53E8001F21F4004143E8001221
:10D8F000002AF7D1BFF35B8FE4E7637AA372E7E70F
:10D900006FF01500E4E76FF07F00E1E708B5032151
:10D910000246FFF7BDFF00B1507A08BD08B50121EE
:10D920000246FFF7B5FF08B102F1700008BDF8B577
:10D9300007460D4642F213000E21CDF777F9064651
:10D94000D0B10E210C30FEF72AFE0E220446002133
:10D95000F7F72CFD3B8823802B8863806B88A3809E
:10D96000AB88E380EB88238131460022BDE8F84094
:10D9700042F21300CDF770BD6FF06800F8BD70473C
:10D980007FB50BAB059303930A9B02930023CDE96C
:10D9900000331846C4F736FD07B05DF804FB704746
:10D9A00010B400F14C030122BFF35B8F53E8001F5A
:10D9B00043E80024002CF9D1BFF35B8F41B9034643
:10D9C00053F8482B8164D2F8B41029B9C2E92C333A
:10D9D000006810BCCFF7FEBC0B60C2F8B430F7E7AC
:10D9E00010B50368D3F8B02042B1D3F8B440116841
:10D9F000C3F8B010A24208BFC3F8B4104C300023E3
:10DA0000BFF35B8F50E8002F40E800310029F9D1C7
:10DA1000BFF35B8F10BD70B5D0E9003504464BB342
:10DA2000D3F8B020483000216AB1904234D1A26CC2
:10DA300051BBD3F8B410C3F8B020884201D1C3F869
:10DA4000B4200023A36404F14C030022BFF35B8FD6
:10DA500053E8001F43E800200028F9D1BFF35B8F93
:10DA600004F13006236BD3B96B680BB1204698479D
:10DA700000232360E3680BB1204698472B6AB3B1BB
:10DA80002046BDE8704018470A60D3F8B4209042A1
:10DA900008BFC3F8B410D4E711461268C4E70022E7
:10DAA00000233046F5F7F6FCC9F7E4FDDAE770BD70
:10DAB00038B5406B30B150F8084904B1083CFFF765
:10DAC000AAFF04B938BDA5682DB12046083DFFF76F
:10DAD000A2FF2C46F7E72046BDE83840FFF79BBF82
:10DAE00038B5436B0D46BBB1184650F8084904B130
:10DAF000083C53F8043C9B680BB1294698475CB13D
:10DB00002046A468436824B19B68083C002BF4D1EC
:10DB1000F6E79B68002BF0D138BD406B30B1838BAA
:10DB20008B42A0F1080001D08068F7E7704710B57C
:10DB30004AB989B2FFF7F1FF28B143689B6913B175
:10DB4000BDE81040184710BD38B50D460521FFF758
:10DB5000E4FF00231A462946D0F7E4FA044610B140
:10DB60002846C9F787FD204638BD406B30B1838910
:10DB70008B42A0F1080001D08068F7E7704770473A
:10DB80000346006828B1596802681A60884208BFD5
:10DB90005A6070470346002003B970471A8A5B68D1
:10DBA0001044F9E710B5D4682378023113B9217015
:10DBB000012010BD8B42FBD0038A023B0382002070
:10DBC0001061F6E70620704773B514460146054616
:10DBD0004FF49572206800F04DFE207500BB237A4B
:10DBE0002068ABB1A3F11802534253419B0001934B
:10DBF000638A0093AE68238AE2682946B04700280A
:10DC000008DB238A83420ED100232375012008E01C
:10DC10000223ECE710F1FF0F05D34042C0B220759C
:10DC2000002002B070BD0E20F9E71FB5CDE9012339
:10DC3000002300931A46D2F799F805B05DF804FB6B
:10DC4000F8B59368166805460F46144663B95068E0
:10DC500001210C30FEF7A3FCA0602B681B78002B81
:10DC600014BF022301230370A3681B78012B03D088
:10DC7000022B1FD000201CE02B681B78002BF9D151
:10DC8000606804210C30FEF78AFCE06007802A6897
:10DC9000E36852885A806168728D738B088A9A4251
:10DCA00094BFC0EB0200C0EB0300042894BF002027
:10DCB0000120F8BD2B681B78022BDBD16068122194
:10DCC0000C30FEF76CFCE06007802B68E268591CA2
:10DCD0000232113351F8040B42F8040B9942F9D186
:10DCE0006168728D738B088A9A4294BFC0EB020000
:10DCF000C0EB03001228D9E770B405686A6A52B312
:10DD0000136803B1A83BA2F1A8040022114600E069
:10DD1000A83B844207D0668D648BB14238BF314640
:10DD2000A24238BF22461C462BB1D3F8A830002BA4
:10DD3000EED18442EFD1438D408B8B4201D890428B
:10DD40000BD9824238BF02469942286838BF19462B
:10DD500070BCD2F73BBE1146EDE770BC7047D0688F
:10DD60000378043113B90170012070478B42FBD056
:10DD700091680B8A0020043B0B82106170477FB5CD
:10DD80000BAB059303930A9B02930023CDE9003369
:10DD90001846C4F737FB07B05DF804FB2DE9F04FD8
:10DDA000044685B0104690469946FFF7F3FE638B14
:10DDB000628D934228BF134683428B4640F2938084
:10DDC000636803934046FEF7B1FB4FF0000A064636
:10DDD0004046FFF7DFFE628B638D06F10C079A4227
:10DDE00094BFC0EB0205C0EB03053846FEF71CFCF0
:10DDF000854217D24046FFF7CDFE628B638D9A4273
:10DE000094BFC0EB0205C0EB03058DBB98F80A0078
:10DE1000C9F788FB00220023FEF755FB064630B900
:10DE2000574636E03846FEF7FFFB0546EDE701466C
:10DE30004046FEF78CFB4046FFF7ACFE628D638BDD
:10DE400006F10C079A4294BFC0EB0205C0EB030534
:10DE50003846FEF7E9FB85421FD24046FFF79AFE9F
:10DE6000628D638B9A4294BFC0EB0205C0EB030541
:10DE7000F168328ACDF80090DBF8047003980A4408
:10DE8000ABB25946B847071E0CDABAF1000F18BFFB
:10DE90005746384605B0BDE8F08F3846FEF7C4FB5C
:10DEA0000546E5E70E9BB3B9394606F10C00FEF7CF
:10DEB00076FB4046FFF76EFE638D628B934228BF70
:10DEC0001346B9448342BA441FFA89F9A8D9AF422C
:10DED0003FF47EAFA4E70F9A0E9B39463046984731
:10DEE0000028E1D19CE70027D3E70368002203B9AB
:10DEF00070478B420FD10B683AB942680360914278
:10DF000000D1436000230B6070471360436899425F
:10DF100008BF4260F6E71A461B68E8E7062070472C
:10DF2000BFF35B8F50E8003F43F0080240E8002158
:10DF30000029F7D1BFF35B8FC3F3C000704773B5FF
:10DF40001668054600237068137314462946952207
:10DF500000F090FC207380B9CDE900002946A38829
:10DF6000A2683046FFF71AFF002809DA10F1FF0F08
:10DF700026BF4042C0B20E202073002002B070BD08
:10DF80000120FBE72DE9F34116680746002370687E
:10DF9000137314463946952200F06CFC0546207335
:10DFA00008BBA068718B728D038A914294BFC3EB4A
:10DFB0000103C3EB0203012B15DD02210C30FEF738
:10DFC000EEFACDE900558046A388A268394630466E
:10DFD000FFF7E4FE031E0ADA13F1FF0F26BF5B42D0
:10DFE000DBB20E232373002002B0BDE8F081A8F855
:10DFF00000300120F8E72DE9F04104468868FFF77A
:10E00000C9FD638B628D934228BF134683420D4640
:10E010001DD3E165D1F8088000278F60F6F768F816
:10E0200041462046D0F708FD064638B1C5F80880BD
:10E03000E765F6F771F83046BDE8F081618D638BD6
:10E04000994228BF1946284600F086FCF1E76FF098
:10E050007906F0E738B5BFF35B8F0B68BFF35B8FD2
:10E06000DB07054617D550F8040CA0B1AB6D93B98A
:10E070000430FFF785FD044668B10146281FFFF70D
:10E08000BAFF002807DA55F8043C5A6822609A68FB
:10E090005C6002B99C6038BD2DE9F041446A0746D6
:10E0A0003CB354F8A86906B1A83E00231D4607F109
:10E0B000040801E034461646E26D9AB905B98BB9F9
:10E0C0004046FFF75DFD054658B101462046FFF783
:10E0D00092FF00280DDA7B682B60BB687D6003B976
:10E0E000BD6023462EB1D6F8A820002AE2D0A83A77
:10E0F000E0E7BDE8F08170B504460E46002200233B
:10E100000846F5F7C7F9054658B101462046D0F74D
:10E1100093FC044618B12946304608F0CBFE204651
:10E1200070BD6FF00104FAE7F8B50546071F00F16E
:10E13000540350F8044CBFF35B8F53E8001F21F0E9
:10E14000040143E80012002AF7D1BFF35B8F04B348
:10E15000AB6D8BB963687BB1201DFFF711FD0146E4
:10E1600006463846FFF747FF002812DA6368336037
:10E17000A368666003B9A66005F15C013846FFF745
:10E18000BAFF30B104F10C013846BDE8F840FFF7A2
:10E19000B2BFF8BD38B504460D46D0F74DFC30B1DE
:10E1A000294604F16000BDE8384008F078BE38BD6B
:10E1B0002DE9F041884617460121042205461E46F6
:10E1C000D0F7D0FB044670B104210C30FEF7E7F91C
:10E1D00080F80080A0F80170C67021462846BDE88E
:10E1E000F041FFF7D7BFBDE8F08137B50C460546D3
:10E1F00001F10C00FEF702FA228A0192E268009215
:10E200000346132212212846D0F7C0FD03B030BDCB
:10E2100037B50C46054601F10C00FEF7EFF9228AEE
:10E220000192E26800920022034611462846D0F788
:10E23000ADFD03B030BD07B5CA681388528800929F
:10E240000C210D22D0F7CCFF03B05DF804FB07B51D
:10E25000CB6800221B8800920A210B22D0F7C0FF56
:10E2600003B05DF804FBF8B5CB681F88BBB2162B72
:10E27000054619D90321D0F767FE0646B0B1022141
:10E280000C30FEF78CF900246FF008030370447023
:10E2900031462846FFF77EFFF72328466B836F85BC
:10E2A000FFF72AFD2046F8BD0420FCE70E20FAE720
:10E2B000D1F708BD0A8AC9680023D1F72DB970B516
:10E2C000054650F8043C55F804690446002B32D04A
:10E2D00031B1836D7BB31B7CDA072CD505231DE0A0
:10E2E0003046D2F787FB737A012B24D0A46D14B388
:10E2F000237CDB071FD5E368002BEFD06269617CCC
:10E300002846D0F72FFB064638B1D4E90512E3685A
:10E31000984750B13046C9F7ADF90E230022284680
:10E320001146BDE87040D1F7F7B831462846D0F71E
:10E3300083FB0028EED170BD70B50E46D0F786FD88
:10E34000044628B93046C9F795F96FF07F0070BDD3
:10E3500000F10C052846314608F0A1FD606A38B18D
:10E3600050F8A84904B1A83C2946FFF7C4FE20B9DB
:10E370000020ECE71C466FF00100002CF8D0D4F828
:10E38000A83023B90230F5D020461C46ECE7A83B64
:10E39000F8E738B505460C46F5F7AAFE2846D0F74B
:10E3A00055FD20B9F5F7B8FE6FF07F0038BD0023AA
:10E3B000236083683BB9C0E90144FFF76DFEF5F7C0
:10E3C000ABFE0020F2E71C608460F6E70120704796
:10E3D00008B5D0F73BFD98B1436A8BB1BFF35B8FB3
:10E3E000A83B03F1580252E8000F20F0080042E871
:10E3F00000010029F7D1BFF35B8FD3F8A830ECE719
:10E4000008BD08B50421FFF7B0FB30B1BFF35B8F47
:10E41000406DBFF35B8FC0F3C00008BD10600020EB
:10E42000704710B5029CA36833B1B1F5807F28BF57
:10E430000E21CAB221469847A37DE268013BDBB2B8
:10E44000A37522B11BB92046BDE81040104710BD8E
:10E45000106091800020704708B50722F6F7F6FE9D
:10E46000B0FA80F0400908BDBFF35B8F0068BFF3CE
:10E470005B8F704710B5012303FA01F1BFF35B8F87
:10E4800050E8003F43EA010240E80024002CF7D1A5
:10E49000BFF35B8F194214BF0120002010BD0B6831
:10E4A00003608B8883808B798371704710B5034636
:10E4B000BFF35B8F53E8000F00EA010243E800243A
:10E4C000002CF7D1BFF35B8F10BDF8B5994204461D
:10E4D000089EDDE906070D4601D90020F8BD9142EE
:10E4E00001D20120FAE760B98FB933880A9A013B5B
:10E4F00033802946099B204698473388002BEDD16D
:10E50000EBE72168FEF765FC0028EDD0E9E7E3685A
:10E51000BB42E6D1E9E770B50D46064611F8010B9E
:10E52000CFF7E6FB044610B12C89CEF7F5FFA87AA9
:10E5300005F10B01CFF7DCFB28B16B8A9C4238BF99
:10E540001C46CEF7E9FFAB8AA34207D0AB69AC8289
:10E5500023B121463046BDE87040184770BD7FB5F5
:10E560000BAB059303930A9B02930023CDE9003381
:10E570001846C3F747FF07B05DF804FB38B5BDF890
:10E580001040A242154611D874B123B92046BDE807
:10E590003840D1F75DB9A21A8A42A8BF0A4694B2A0
:10E5A00022465919BEF7DCF8204638BD6FF0060048
:10E5B000FBE730B585B0C96814461D46D1F706F9AA
:10E5C00000B10089ADF80E0002230093BDF82020B1
:10E5D0000DF10E0329462046FFF7D0FF05B030BDF0
:10E5E0001FB50C461946E3681C781046BDF8182084
:10E5F0003CB110240133069404B0BDE81040FFF78D
:10E60000BDBF5B88ADF80E30022300930DF10E0301
:10E61000FFF7B4FF04B010BD30B585B01D46002330
:10E6200014468DF80C30D1F783F810B1037A8DF8C9
:10E630000C3001230093BDF8202003AB294620466F
:10E64000FFF79CFF05B030BD2DE9F04114461D4693
:10E65000BDF81870CCF740FD0646BDF751FE80B2FC
:10E66000069033463A4629462046BDE8F041FFF77A
:10E6700085BF30B585B014461D46FEF7FBFC02236E
:10E68000ADF80E000093BDF820200DF10E032946D1
:10E690002046FFF773FF05B030BDF0B507683D7841
:10E6A00089B006461446E5B97B88B3F5245F04D0EB
:10E6B00011D8A3F52053032B13D8ADF80A1002226A
:10E6C0000DF10A012046D1F727F970B16FF015025C
:10E6D000C4F8842106E003F55643FF339BB2042BB4
:10E6E0001DD90125284609B0F0BD7B88ADF80A3058
:10E6F00002220DF10A012046D1F70EF90028E5D1DA
:10E70000009003AA776813233146B847021EDFDB67
:10E7100003A92046D1F700F90028E2D0D6E7ADF8EA
:10E720000A1002220DF10A012046D1F7F5F800285F
:10E73000CCD17B88ADF80A3002220DF10A01E8E75E
:10E7400010600020704770B500F170060546314634
:10E75000007AFEF792FC04463146287A3CB1D1F7A4
:10E7600015F818B1002303604360836070BDD1F7D2
:10E770000DF80028FAD0046044608460F6E7022AAD
:10E7800010B508D1002300F170011A46007AD1F7C4
:10E790008DF8022010BDFFF7D6FFFAE738B5044622
:10E7A0001546FFF713FE50B12046D0F7C1FF30B138
:10E7B000037ADB0703D500210C30FFF75BFE35B988
:10E7C000207A04F17001D0F7E1FF00B1856038BD17
:10E7D00013B5044610B9002002B010BD00238DF817
:10E7E0000430006842F6030301A9ADF80630FEF7D5
:10E7F000F0FA0028EFD1E36898880028ECD1204691
:10E80000D1F784FA013080B2E6E770B5CC6888B001
:10E8100008461E46A3798DF80C301546FFF7D8FF41
:10E82000ADF80D00246823786BB96388ADF80F301C
:10E8300005230093BDF8302003AB31462846FFF78F
:10E840009DFE08B070BD631C0DF10F02113453F82A
:10E85000041B42F8041BA342F9D11323E9E71FB5B7
:10E86000CDE90123002300931A46D1F77FFA05B0C2
:10E870005DF804FB38B54C8AD3070546C4F30E0493
:10E8800004D514F0950F2AD04B6843B3900704D5F4
:10E8900014F4957F25D08B681BB3144014F4DE7FED
:10E8A0000DD0EB7A2BB92846FEF7BBFFD8B905206F
:10E8B00038BD14F0300F04D114F4C07F07D100200C
:10E8C000F6E72846FFF722F80228F5D8EFE7D5F853
:10E8D000A030002BEBD05B7BDB06E8D5EFE7022016
:10E8E000E6E70320E4E70F20E2E7F8B506460F4627
:10E8F000D0F71EFFD0B1037ADB0717D500F10C0467
:10E900002046FFF7B1FD10F001050FD17FB16FF088
:10E9100002012046FFF7CAFD10F00207304608D07A
:10E92000FFF756FD29462046FFF7A4FD012528469E
:10E93000F8BDFFF74BFD0028F9D03046FFF761FD29
:10E940000028F4D06FF002012046FFF7AFFD3046FB
:10E95000FFF73EFD3946E6E7704707207047BFF3F3
:10E960005B8F0068BFF35B8F084100F001007047C8
:10E9700010B50346D9B1C88910F0240F17D01A7DFD
:10E980005C7B097BA24228BF2246914201D900202C
:10E9900010BD820604D4187A003818BF0120F7E7AA
:10E9A0000521181DFFF7DBFF0028F4D1EFE7012058
:10E9B000EEE701238B40DB43BFF35B8F50E8002F72
:10E9C0001A4040E800210029F8D1BFF35B8F70475F
:10E9D000072070477FB50BAB059303930A9B029307
:10E9E0000023CDE900331846C3F70CFD07B05DF8EE
:10E9F00004FB01238B40BFF35B8F50E8002F1A43C9
:10EA000040E800210029F8D1BFF35B8F704708B5BB
:10EA10000E21FFF7EEFF002008BD70B5051D0E4664
:10EA200028460421FFF79BFF68B100220021002344
:10EA30000846CFF731FB044640B904212846FFF7CA
:10EA4000D8FF204670BD4FF47022EFE701210C3053
:10EA5000FDF7A5FD0670F4E738B504210446FFF77D
:10EA6000DCFF054698B110210C30FDF798FD04F14C
:10EA7000270304F1370253F8041B40F8041B9342A8
:10EA8000F9D120462946D2F747F8002038BD0820A2
:10EA9000FCE770B5D0F8EC30DB78012B044619D1D7
:10EAA000CD68061D10213046FFF783FF2B4604F189
:10EAB000B70205F1100153F8040B42F8040B8B4226
:10EAC000F9D107213046FFF74AFF28B10921304626
:10EAD000FFF78FFF002070BD0A213046FFF73FFF90
:10EAE0000028F3D12046BDE87040D2F7DBB90720FB
:10EAF0007047072070470720704730B5012303FA9D
:10EB000001F1CA43BFF35B8F50E8003F03EA020400
:10EB100040E80045002DF7D1BFF35B8F194214BFC9
:10EB20000120002030BD70B500F1700604460D468E
:10EB3000072209683046F6F789FB40B96B681A6806
:10EB400022679A88A4F874209B7984F8763070BD87
:10EB500038B50446031D0025BFF35B8F53E8002F33
:10EB600043E800510029F9D1BFF35B8F04F5A07091
:10EB700008F08AFA2572BFF35B8F54E8003F44E83F
:10EB80000052002AF9D1BFF35B8F20460121BDE876
:10EB90003840FFF72EBF2DE9F84FDDF82C80BDF887
:10EBA0002890044692461F46D2F70CF805460028E6
:10EBB0005AD0061DB9F1000F27D15AEA070324D114
:10EBC00003213046FFF7CBFED0B301213046FFF7DB
:10EBD000C6FEA8B32C7D6B7B9C4228BF1C462246F8
:10EBE00005F147014046BDF7BBFD0F2C06D8C4F127
:10EBF0001002002108EB0400F6F7D8FB3046012193
:10EC0000FFF7F7FE0120BDE8F88FD4F8A030F3B984
:10EC100004F1700B217A5A462020D3F78BFAC4F8FE
:10EC2000A00030B9217A5A460120D3F783FAC4F8FC
:10EC3000A000B9F1000F0AD15AEA070704D006E094
:10EC4000D4F8A030002BE3D0D4F8A01071B90F2174
:10EC50003046FFF784FE20B1022206212046CEF77F
:10EC6000F3FF2846FFF774FF0020CCE7CB899B0613
:10EC7000EDD50C7B1A312246B4E76FF08500704762
:10EC800070B504460820D1F7F5FE0546E0B1061D33
:10EC900008213046FFF78DFEBCB30721FFF789FE40
:10ECA000234605F1970204F1200153F8040B42F8C2
:10ECB000040B8B42F9D10A213046FFF750FE70B1A8
:10ECC00009213046FFF795FE0720D1F7D3FE044611
:10ECD000E8B1D1F793FF0146C8B1204612E01021F8
:10ECE0003046FFF73CFE09210028EAD13046FFF705
:10ECF00036FE0028E8D02846D2F7D4F8014600288E
:10ED0000E2D02846D2F724FEDEE70B21F9E770BDFA
:10ED100070B50446A0F1EC0650F8543BE83CD3F83B
:10ED2000A05008F0B1F903212046FFF718FEA0B16A
:10ED300008213046D2F770FD3DB1EB8913B16B7BF2
:10ED40009B0702D5284600F029F830464FF4BC72E4
:10ED5000BDE870400021F6F729BB01212046FFF7EE
:10ED6000FEFD0028E4D10F212046FFF7F8FD002822
:10ED7000DED1E1E770B504460D461646D3F7DAF961
:10ED800038B931462846D3F7A1F910B1C3891C43DD
:10ED9000C48170BDC3891943C181704710B5037A1E
:10EDA0005B07044601D5CDF759F820464022BDE85F
:10EDB00010400021F6F7FABA531E1944024411F824
:10EDC000013900F8013B9042F9D1704710B5431E5C
:10EDD00000F11002073013F8011F12F8014D1C70EA
:10EDE00083421170F7D110BDF0B597B014460E46AE
:10EDF0002022014605A81D461C9FFFF7DDFF2022AB
:10EE000031460DA8FFF7D8FF2146102201A88DF842
:10EE10005450FFF7D1FF3B46412205A901A8D3F783
:10EE20008FFA044610B93846FFF7D0FF204617B0D6
:10EE3000F0BD2DE9F04397B00446164605A8102210
:10EE40001D46DDE91F98219FFFF7B6FF10223146CE
:10EE500009A8FFF7B1FF102229460DA8FFF7ACFF64
:10EE60001E99032211A8FFF7A7FF4946D9F8010010
:10EE700011F8013B8DF8473012908B88ADF84C307B
:10EE8000062212A8FFF798FF4146062211F8013B1F
:10EE90008DF84E30D8F80130CDF84F300DF14F00DD
:10EEA0008B88ADF85330FFF787FF2146102201A869
:10EEB000FFF782FF3B46412205A901A8D3F740FA9C
:10EEC000044610B93846FFF781FF204617B0BDE869
:10EED000F0837FB50BAB059303930A9B029300234A
:10EEE000CDE9003301221846C3F78CFA07B05DF86C
:10EEF00004FB08B507F06CF8002818BF6FF00D0090
:10EF000008BD2038704710B50369C0E905330023F8
:10EF1000C360837F044613B1407AE3F781FD012388
:10EF2000237700236377E377A37710BD7FB50BAB1F
:10EF3000059303930A9B02930023CDE900331846FF
:10EF4000C3F760FA07B05DF804FBF4F7DBB9F4F738
:10EF500051BA38B50446E2F7C1F8054660B1037A04
:10EF60006BB120460024E3F7DFFD2846AC77FFF7BE
:10EF7000CAFF2C72204638BD6FF01500FBE76FF01A
:10EF80007700F8E770B504460E461546E2F7EAFE4C
:10EF900030B906B925B12046BDE87040E2F742BF5E
:10EFA00070BDC343C3F3C01300F00F0000EB0310A8
:10EFB000704708B5E2F7CCFF818208BD08B5E2F7DB
:10EFC000C7FFEFF31183202282F31288BFF36F8F04
:10EFD00002690A60027B2AB9807D83F31188BFF33E
:10EFE0006F8F08BD0420F8E70369C9B20C2201FB4A
:10EFF0000233186C00F00700704770B5C9B203699E
:10F00000EFF31185202484F31288BFF36F8F0C2651
:10F0100006FB0134246C14F0C00408D0A24206D0D0
:10F0200085F31188BFF36F8F4FF0FF3070BD7143D0
:10F030000B4401221A6485F31188BFF36F8F436874
:10F040000B445B6898470020F0E78022FFF7D5BFAC
:10F05000F8B5069F0469C9B2EFF31186202585F340
:10F060001288BFF36F8F0C2569430C44256C05F0A3
:10F07000070CBCF1010F0BD1276486F31188BFF395
:10F080006F8FC4E90E2343685B5898470020F8BD92
:10F0900005F0C005AF4286F31188BFF36F8F0CBF38
:10F0A0006FF077004FF0FF30F1E713B58024009444
:10F0B000FFF7CEFF02B010BD10B40069CBB21C2424
:10F0C00003FB0400002110BC10470020E8F714B82F
:10F0D000002001F09BB81046F4F70EBA00207047EC
:10F0E00008461146CCF784BAF7B51C4616460023ED
:10F0F00082682360A36053690D4601AA6946984758
:10F10000019B5A1E01921BB96FF0150003B0F0BDB0
:10F110000098A26847682168676085B9B31AD0F87B
:10F1200000C0634528BF63461A4403FB07112160F2
:10F13000A26002689A4206D808300090E0E76B1A95
:10F14000B3FBF7F3EBE70020E0E713460022FFF7FD
:10F15000CBBF2DE9F047836886B05B69884691464E
:10F1600001A902AA98470024A2462546029BAB4269
:10F1700002D806B0BDE8F087019F07EBC50700265F
:10F180007B6804933A68B2420AEB060302D8013561
:10F190009A46EBE703940593494603A8C047002825
:10F1A000E7D0049B01361C44ECE74FF40012002327
:10F1B000C1E900230020704718B901F11800F4F7E5
:10F1C0009BB970477FB50BAB059303930A9B0293E2
:10F1D0000023CDE900331846C3F714F907B05DF8F2
:10F1E00004FB1FB5002188420CBF0623042301A89D
:10F1F000CDE9011103918DF80430E4F795F800286A
:10F2000018BF6FF0040005B05DF804FB7FB5FF2266
:10F2100002288DF803200DF103020CBF35230523CE
:10F22000002101920122CDE9022103A88DF80C30C2
:10F2300001AB04910593E4F777F80028A8BF9DF887
:10F24000030007B05DF804FB10B50269BFF35B8FE4
:10F25000044602F1300353E8001F013943E800106F
:10F260000028F8D1BFF35B8F92F8343013B909B995
:10F27000E8F752FF2069BDE81040F4F73DB9036993
:10F28000BFF35B8F303353E8001F013143E80012B6
:10F29000002AF8D1BFF35B8F00694FF0FF324FF0C7
:10F2A000FF33F4F763B910B50C4601F031F80023D1
:10F2B000C4E90003184610BD38B505460C4601F0F8
:10F2C00027F8002D07DBA84205D9401B84428CBFDC
:10F2D0000020012038BD0020FCE77FB50BAB059373
:10F2E00003930A9B02930023CDE9003301221846C1
:10F2F000C3F788F807B05DF804FB43685B68D3F890
:10F3000010350B600020704743685B6802EA01001B
:10F3100021EA0201C3F80805C3F80C150020704764
:10F3200043685B680020C3F80815704743685B6852
:10F330000020C3F80C15704743685A68D2F80435AA
:10F3400021EA03000B40C2F80805C2F80C35002082
:10F35000704710B503695868F8B1884219D19C68A4
:10F3600008685860A14200D19860002008602AB166
:10F370005A680A609A68596002B99960002010E0E2
:10F38000814206D10868206098688142EDD19C6076
:10F39000EBE7044600680028F2D1002AE8D16FF0BC
:10F3A000150010BD13B54FF080520829136E526E30
:10F3B00028BF082112BA00921BBA0C460A466946B9
:10F3C0000193BDF7CDF9204602B010BD30B54368BA
:10F3D0001360057A446804EBC504A34202D36FF0BE
:10F3E000010030BD5C798C4201D00833F0E7002089
:10F3F000F7E743681B68D3F88004C3F880047047BC
:10F4000042681368D3F8100150B1D2690020127815
:10F410000A70C3F81001D3F8102101221A60704756
:10F420004FF0FF307047002A0FDD42681368D3F8B1
:10F43000100158B10020C3F81001D269D3F81001AF
:10F4400012780A700120186070470020704710B5CC
:10F45000436819680369EFF31182202080F3128852
:10F46000BFF36F8F1868002484731B680120D87362
:10F470004FF48003C1F8043382F31188BFF36F8F18
:10F4800010BD03691A68012191731B680022DA73A9
:10F490007047026911680346C87B40B15B681B680E
:10F4A000D3F8580118B100230B611368988970478D
:10F4B00043681B68D3F81001003818BF012070475B
:10F4C00043681B681022C3F80423704743681B6815
:10F4D0001022C3F80823704743681B684FF400727A
:10F4E000C3F80423704743681B684FF40072C3F8E5
:10F4F0000823704738B543681D68D5F804335B02AC
:10F50000044605D4D5F8040310F0100006D138BD28
:10F51000FFF7BFFF0028F5D00120F8E72046FFF7EE
:10F52000C7FF003818BF0120F1E7012070470369C9
:10F53000186801601B685A60704702680346D2F879
:10F54000580140B95B68DB0706D4D2F820010038C7
:10F5500018BF012070470120704710B4436802694A
:10F560001B68D3F80413C90517D5D3F82011A1B12E
:10F57000EFF31181202484F31288BFF36F8FD3F847
:10F58000204134B10024C3F82041D3F820410124A4
:10F59000DC6081F31188BFF36F8F1168D3F8584195
:10F5A00071B17CB100240C611168C97B19B94FF4A9
:10F5B0008001C3F8081311688C7B1CB100238B7386
:10F5C00010BC7047D3F8241121B10021C3F82411D5
:10F5D000D3F8243112681368002BF1D0516810BCA5
:10F5E00018472DE9F041066933689C89BFF35B8FAA
:10F5F00094420546A8BF14461033012753E8002F54
:10F60000002A03D143E800700028F7D1BFF35B8FD5
:10F610000CBF3B4600232BD1336822469868BDF7C8
:10F620009FF8EFF31188202383F31288BFF36F8FC5
:10F6300069680846FFF781FF326840B910610446E7
:10F6400088F31188BFF36F8F2046BDE8F0810B6807
:10F650009268C3F844250022C3F84845C3F8202126
:10F66000D3F82011C3F85821D3F858219F60E7E759
:10F670001C46E9E700F150039B009BB203F1804375
:10F6800003F5883300221A601B68704708B5E4F759
:10F690009BFF08BD00B1C160704770B504460D46C0
:10F6A00006F02DFF18B9002000F0010070BD2946BA
:10F6B000204606F0FFFE30B12B68FF2B07D9206AE9
:10F6C0000C21FFF7E7FF204606F049FFEBE7204655
:10F6D00006F015FF0028F6D0204606F0E9FC08B336
:10F6E0000021204605F1080606F0FFFE98B13146DC
:10F6F000204606F001FF70B1002385F83030204627
:10F7000006F0DDFC204606F026FF0028DBD0204670
:10F7100006F021FFC8E7204606F0CDFC30B92046B0
:10F7200006F0CDFC204606F01AFFCCE7012120466A
:10F7300006F0DBFE0028F2D0204606F0E0FE0028AE
:10F74000EDD0204606F0B4FCC8B1204606F0D7FE46
:10F7500070B13146204606F0CCFE30B1EB68102B7C
:10F7600011D0206A0C21FFF795FF204606F0F7FE26
:10F77000204606F0A0FC00BB204606F0A0FC204678
:10F7800006F0EDFECBE7204606F0E5FE0028EFD0C0
:10F7900000232B76204606F092FC012205F1190188
:10F7A000204606F076FE0028E9D06B7E012B27D993
:10F7B0000B21206AFFF76EFFE1E7204606F09FFE6F
:10F7C0000028D9D03146204606F093FE30B1EB68D0
:10F7D000082B07D0206A0C21FFF75CFF204606F0BB
:10F7E000BEFEC9E706F10801204606F066FE0028C5
:10F7F000F4D0204606F0AFFE0028BDD00123C8E7B4
:10F80000012205F11A01204606F043FE0028B6D079
:10F81000AB7E013B012BCBD805F11C01204606F045
:10F8200049FE0028ABD0EB69FF2B01D90C21C0E7C2
:10F8300005F12001204606F05CFE00289FD06B6A8F
:10F84000062BF3D1204606F086FE00283FF467AF72
:10F8500005F12801204606F02DFE00283FF45FAF99
:10F86000AB6AB3F5803F04D3206A0C21FFF712FF87
:10F8700055E7012341E770B50D460221044607F024
:10F88000E7F818B9002000F0010070BD2B68FF2BCD
:10F8900007D9236A0BB10C22DA60204607F0E4F89E
:10F8A000F0E72946204607F07FF80028F5D003212D
:10F8B000204607F0CDF80028EFD095F83060B6B9B3
:10F8C0003146204607F08AF8002838D005F10801B3
:10F8D000204607F09AF890B30321204607F0BEF8BF
:10F8E0000028DAD00221204607F0B8F8CBE7012E35
:10F8F00025D13146204607F071F800B30521204696
:10F9000007F0A6F8D8B12B7E002B3BD1314620461C
:10F9100007F09EF880B1EB68102B04D0236A43B146
:10F920000C22DA6005E005F10801204607F06AF8CC
:10F9300048B9204607F098F8204607F095F8204689
:10F9400007F092F8A9E70121204607F087F8002880
:10F95000F2D0697E002931D1204607F03FF8002817
:10F96000EAD0A97E02292CD1204607F037F80028DA
:10F97000E2D0EB69FF2B27D9236A002BDCD00C22C5
:10F98000DA60D9E7012BD7D10221204607F060F8D1
:10F990000028D1D0EB68082BC0D105F1080631460C
:10F9A000204607F02FF80028C3D005F110012046AB
:10F9B00006F0FDFF0028BCD00221C5E70129BBD11C
:10F9C000CAE70129B8D1CFE705F11C01204606F0AE
:10F9D000EBFF0028B0D06B6A062BCDD105F12001DA
:10F9E000204607F00FF80028A6D00521204607F092
:10F9F00035F80028A3D0AB6AB3F5803F05D3236A5E
:10FA0000002B9CD00C22DA6099E705F128012046F2
:10FA100006F0CAFF5FE770B5044600F128063046DD
:10FA200000F097F8054640BB206BE5F767F92068C2
:10FA3000C4E90C5510B1E5F761F9256004F108033C
:10FA4000BFF35B8F53E8001F013143E80012002A27
:10FA5000F8D1BFF35B8FBFF35B8F0434002254E80F
:10FA6000003F44E800210029F9D1BFF35B8FDB0799
:10FA700006D5BDE87040E4F7E9BFE5F73FF9CEE70A
:10FA800070BD10B5262090B0E5F722F9044668B1A4
:10FA90003422002103A8F5F789FC012304A802936E
:10FAA00000F07BF930B12046E5F728F90024204624
:10FAB00010B010BD0190204600F015F801AB02AA6D
:10FAC0002621E4F74FFF0028EDD10199204600F0F0
:10FAD0000EF8ECE710B44368D4184460083310BC47
:10FAE0001844BCF73DBE4368083318447047436868
:10FAF00019440833416018447047406870474160BA
:10FB000070474068704710B54268914228BF11465F
:10FB1000521A0C460831426001440830F5F7C6FB22
:10FB2000204610BD42689142034628BF1146521A32
:10FB300008465A6070470023C0E90033704700232D
:10FB40000B60436813B9C0E9001170471960416048
:10FB500070470346006828B1596802681A608842F5
:10FB600008BF5A60704700687047D0E90032511CE6
:10FB700013444160187A7047D0E90032911C134455
:10FB800041605A7A187A42EA0020704703681BB134
:10FB90005B684068181A70471846704770B505468C
:10FBA000FFF7F4FF90426B6828BF104604462868B0
:10FBB0000E4603F10801234401446B60224630469F
:10FBC000BCF7CEFD204670BD10B50246FFF7DEFF44
:10FBD000884221BF5368106803F10804C91826BF82
:10FBE00000195160002010BDF8B504460E46FFF71D
:10FBF00088FF05462046FFF780FF00210746204684
:10FC0000FFF77DFF02212046FFF771FF023DC5F39C
:10FC100007230370457001212046FFF768FF037832
:10FC20001E43067039462046BDE8F840FFF767BF1F
:10FC3000F8B50F4615461C460646FFF79DFF38806F
:10FC40003046FFF792FF00F01F012970069B003934
:10FC5000C0F3801218BF012121701A70079BC0F3F6
:10FC6000C0101870F8BD08B5FFF74BFFC0F5007065
:10FC7000033008BDFFF745BF10B50C460221FFF762
:10FC800036FF230A0370447010BD10B540F2032004
:10FC9000E5F71EF8044658B10221FFF728FF0023BC
:10FCA0000370437001212046FFF721FFC02303703A
:10FCB000204610BDC021FFF797BFF8B5044608687D
:10FCC0000D46BCF71DFB06462046FFF7CCFFAF688C
:10FCD0007B1D3344984220D302212046FFF707FFC3
:10FCE000C7F307230370477002212046AF88FFF750
:10FCF000FEFE3B0A0370477001212046FFF7F7FE26
:10FD00000670296832462046FFF7E4FE2046D5E912
:10FD10000221FFF7DFFE0020F8BD6FF00B00FBE7CC
:10FD20007FB5002305930DF10D03019303AB049000
:10FD300000930DF10A020DF10B030DF10E0104A861
:10FD4000FFF776FF9DF80B305BB19DF80D309DF805
:10FD50000C209DF80A1004A8E4F7E4FF07B05DF852
:10FD600004FB04A8E5F720F8F8E77FB50BAB059393
:10FD700003930A9B02930023CDE900331846C2F790
:10FD800041FB07B05DF804FB08B5E5F733FFBDE8BC
:10FD90000840E6F757B8E5F7A5BE012380F82830FC
:10FDA000E5F7A8BEE6F786B8E5F7F4BE034630B13E
:10FDB000006820B15868003818BF012070477047AC
:10FDC0007FB50BAB059303930A9B02930023CDE908
:10FDD000003301221846C2F715FB07B05DF804FB9B
:10FDE000E5F7BABA7FB50BAB059303930A9B029371
:10FDF0000023CDE9003301221846C2F703FB07B008
:10FE00005DF804FB10B500F118030446BFF35B8FE7
:10FE100053E8002F22F0020143E800100028F7D138
:10FE2000BFF35B8F930704D5206A04F0DFFE002345
:10FE3000236210BDBFF35B8F8269BFF35B8F9207B4
:10FE4000034643BF8184002098626FF00F00704723
:10FE50007FB50BAB059303930A9B02930023CDE977
:10FE600000331846C2F7CEFA07B05DF804FB7FB541
:10FE70000BAB059303930A9B02930023CDE9003358
:10FE800001221846C2F7BEFA07B05DF804FB30B590
:10FE900085B01C4600238DF80A308DF80B30039393
:10FEA0000DF10B031046009303AA0DF10A0321463E
:10FEB00000F065F9051E10DB9DF80A300BB1E5F77F
:10FEC0007DF803982946E5F79BF89DF80B300BB1B8
:10FED000E5F77AF9204605B030BD6FF00D00FAE77E
:10FEE00010B514460A4601462046E4F791FE022862
:10FEF00004D12046FFF78FFD032010BD20B9204616
:10FF0000FFF789FD0120F8E70020F6E738B5144631
:10FF10000B6852689A4228BF1A460D460A6021684B
:10FF2000BCF71EFC2A6823686068134423602B68B2
:10FF3000C01A6060B0FA80F0400938BD38B5144688
:10FF400092F8202094F82130D21A0B689A4228BFE8
:10FF50001A460A600D4694F821100C312144BCF772
:10FF6000FFFB2A6894F8213094F820001344DBB298
:10FF7000984284F821308CBF0020012038BD2DE943
:10FF8000FF411D460DF10B03CC680093002780460E
:10FF90000DF10A031046294603AA8DF80A708DF860
:10FFA0000B70039700F0EBF8061E2ADD9DF80A306F
:10FFB00043B16068F4F786FE4FF48050F4F77AFEA0
:10FFC000C4E901076368FBB1A0680399184432468D
:10FFD000BCF7C6FBA3683344A3609DF80B3063B144
:10FFE000201DFFF7FDFE18B113214046FDF7F9FB78
:10FFF0006068F4F767FE00236360284604B0BDE83C
:020000025000AC
:10000000F0816FF00D00F9E76FF01000F6E77FB5B3
:100010000BAB059303930A9B02930023CDE90033B6
:1000200003221846C2F7EEF907B05DF804FB7FB56E
:100030000BAB059303930A9B02930023CDE9003396
:100040001846C2F7DFF907B05DF804FB037D33B152
:1000500003681878A0F1FF03584258417047806840
:10006000B0FA80F0400970477FB50BAB059303935E
:100070000A9B02930023CDE9003301221846C2F700
:10008000C1F907B05DF804FB0121E6F7CFBC38B534
:10009000054614200C46F4F70DFE30B1C0E90154BA
:1000A0000023012203700273036138BD38B5054691
:1000B00014200C46F4F7FEFD30B10123C0E90154D1
:1000C000037003730023036138BD2DE9F34100235E
:1000D0000B7017461268012A04460D4606D80C23F9
:1000E00003610326304602B0BDE8F081027B12B105
:1000F00001220A700373267866BB3A6802F1FF3862
:10010000A268424505D82B7843F002032B70904635
:10011000012661684246681CBCF722FB08F1010316
:100120003B60636843446360A368A3EB0803A36078
:100130002378012BD6D13B68013B019301A9D4E977
:100140000132681C9847032806D13D232361002310
:100150003B60C6E70026EBE7019B002B03F10102A1
:100160003A6008BF0226012801BF2B7843F0020342
:100170002B700646B6E700697047F4F7A3BD30B5AB
:10018000039D78B172B16BB165B159B1047804F0D7
:1001900001041C7010F8013BC3F340032B70106086
:1001A000481E30BD6FF01500FBE77FB50BAB059324
:1001B00003930A9B02930023CDE9003302221846E1
:1001C000C2F720F907B05DF804FB08B506F05EF948
:1001D00000280CBF6FF04C00002008BD08B506F0E9
:1001E00052F900280CBF6FF04C00002008BD0047FA
:1001F00006F066BCC00000F1804000F5F830C0F8A1
:100200001015C0F814257047E7F7C8BCE6F7EABE3A
:10021000F7B5019001A8DDE9084716461D46E6F747
:10022000F3FF019BB6F1000C18BF4FF0010C00EB7F
:1002300083000B1E18BF0123002D43EA4C0314BF9B
:100240004FF00C0C4FF0000C002C43EA0C0314BFD1
:100250004FF4E06C4FF0000C002F43EA0C03D0F891
:10026000002714BF4FF4403C4FF0000C43EA0C034E
:1002700022EA030301B109780EB1367876001943FA
:100280000DB12D78AD0031430CB1247824022943FF
:100290000FB13F783F040C433C43C0F8004703B024
:1002A000F0BD1FB50DF10F03019300238DF80F1062
:1002B00000931A461946FFF7ABFF05B05DF804FB43
:1002C00038B5054608460C46E6F7F0FFB0B10846DB
:1002D000E6F7E0FF90B90846E6F7D0FF2A68012369
:1002E0008340C2F808332A6803B202EB8303D3F8D1
:1002F000102522F00302C3F8102538BD2046002146
:10030000BDE83840FFF7CDBFE7F756B8FFF7D8BFD5
:100310004FF080531A695869504370474FF080532B
:10032000186970474FF080535869704700F1804357
:100330001A68002A1FBF00221A601B68012008BF2C
:10034000002070474FF080434FF46072C3F80423DD
:1003500070474FF080434FF46072C3F80823704732
:1003600008B5E7F7CBFBBDE80840E6F719BF022365
:10037000E7F75EBC0323E7F75BBC00210220E7F749
:10038000E7BE0368013304D04068431C584258411B
:1003900070470120704710B504680B689C4209D073
:1003A00040684968884205D08C4203D0181A18BFAB
:1003B000012010BD0020FCE740F30903B3F1FF3F2B
:1003C00008BF0130C0F309000430704710B5031FA7
:1003D0000439083053F8042F51F8044F834282EA5D
:1003E00004021A60F6D110BD0346006830B95A689D
:1003F0002AB99868B0FA80F0400970470020704729
:1004000008B503681B0D024613F4E06005D0101D0B
:10041000FFF7C1FFB0FA80F0400908BDC36E426D1E
:100420001944891AB1FBF3F203FB1211836D8B425D
:1004300008D9CA08406E01F0070101238B40815C96
:100440000B43835400207047024608B50846FFF767
:10045000B3FF136803441360002008BD036B194405
:10046000C1F30903003B18BF012321F0004141EA19
:10047000C3710163002070470368013303600020EB
:1004800070472DE9F04F87B0DDE911480493836E82
:10049000139EDB691746A2199A4281468A4600F2EA
:1004A000A680C36E1BB1109A934240F2A080049BB9
:1004B000013B05930EB3BAF1000F3ED0DAF80030DD
:1004C000109A934239D1DAE9015305EB030BA345A6
:1004D00033D9A54213D8ABEB040BB345DAF80C10B3
:1004E00028BFB346651B40465A462944BCF738F935
:1004F000B6EB0B06D8445C44E0D1002074E02D1B21
:10050000B54228BF35463B68109A93421BD1D7E9C4
:1005100001130B44A34216D9A14210D81B1B9D42C4
:1005200028BF1D46FB68611A40462A461944BCF79D
:1005300017F9A8442C44761BBCE73546E3E7091BB2
:100540008D4228BF0D46049BB34220D8D9F86800DD
:100550004369B4FBF3F203FB1242C2B9B34216D8AB
:10056000B5FBF3F203FB1253A5EB030BCDF800B080
:100570000393436810999C4622464346E04700286F
:1005800032D1039B5B1BD8445C441E4492E7109B12
:100590003B60D9F8683005995A69B4FBF2F302FB65
:1005A0001343E21A7A60D9F86850D5F814C001EB09
:1005B0000C002044B0FBFCF10CFB1101401AE9696E
:1005C0001B1B884294BF1B185B18A96A8B4228BF6B
:1005D0000B46BB60D9F8680000934568FB6810992A
:1005E000A84700283FF467AF07B0BDE8F08F6FF071
:1005F0005300F9E71FB5C3F309040294069C019464
:1006000000240094E7F774FE04B010BD30B5134623
:1006100087B00268044604AD0820916E03900295ED
:10062000586801901B680093CB69104602F11001D5
:10063000FFF727FF30B9211D2846FFF7ACFE003831
:1006400018BF012007B030BD10B5836E5B6B044648
:1006500013B9C068F4F736FBA36E9B6B13B9E0695E
:10066000F4F730FBA36EDB6B13B9606EF4F72AFB73
:10067000002010BD2DE9F04F87B00646119F884637
:1006800091469A4600240DF1100BA74203D8002092
:1006900007B0BDE8F08F3D1B109B082D28BF082533
:1006A000E318CDE900A3CDE902B5A9EB0403424666
:1006B00000213046FFF7E5FE0028E9D1129B2A46CB
:1006C00018685946EAF7FAFA129B2C441860DCE7DE
:1006D0002DE9F04F87B00746129E884691469A460C
:1006E00000240DF1100BA64201D800201BE0351BA1
:1006F000109B082D28BF0825E318CDE900A3CDE9FC
:1007000002B5A9EB0403424600213846FFF7B9FEC3
:1007100048B9119B2A4619195846F4F797FD002845
:1007200004D005DA012007B0BDE8F08F2C44DAE7E9
:100730000220F8E730B513468268C1F3090585B099
:10074000AA4228BF2A460292416801915968009145
:1007500001681B6804460846FFF7BAFF28B9A3687A
:10076000AB4202D034BF0120022005B030BD7FB5BE
:100770000BAB059303930A9B02930023CDE900334F
:100780001846C1F73FFE07B05DF804FB1FB5002314
:10079000CDE9023301934FF0FF330093E8F75EF8A1
:1007A00005B05DF804FBF8B5C6690D68083EB542B2
:1007B0000F4613D3B5FBF6F00138BCF72BFF841CB2
:1007C000A5EB8404B4FBF6F42046BCF723FFA5EBAD
:1007D000800504FB16553D602046F8BD0020FCE76F
:1007E0002DE9F04F89B00646DDF84C8005920F46A2
:1007F0004BB94FF0FF32C8F80020149A0020136064
:1008000009B0BDE8F08F846E013B07A9204607932D
:10081000FFF7C9FF12A905462046FFF7C4FF4FF0B6
:10082000040A81460DF1140BA945059A03D3129BC6
:10083000C8F80020E1E7A5EB0904B4FA84F495FABE
:10084000A5F3B3FA83F3C4F11F049C4228BF1C46EE
:10085000A300CDE90023CDE902BA04233A460021E2
:100860003046FFF70EFE0028CAD10123A340ED1A3F
:10087000DAE72DE9F04F89B00746DDE9120A88462C
:1008800091461E46E0B10138059005A9B86EFFF704
:100890008AFF0DF1180B044614983146D04778B9F9
:1008A00074B104F00105C5F102039B00CDE90060BD
:1008B000CDE902B34A4641463846FFF7E2FD10B1A2
:1008C00009B0BDE8F08F069925B91498D0470028E3
:1008D000F6D1012008AB03EB8000023D50F8086C14
:1008E0002C44D9E77FB50C4604310646E8F77CFC7A
:1008F000054680BB21463046E8F776FC054650BBEE
:100900002246042342F8080FCDE902230190226811
:100910000092014632463046FFF7B3FD10B110F1A8
:10092000540F1BD1B36E5A6A002A0BDDA368013243
:1009300042F00102013B1344B3FBF2F102FB11321E
:100940009B1AA3604FF0FF330422C4E90323002263
:10095000C4E90523E361284604B070BD0546FAE703
:10096000C368184710B50C46826AE068FF21F4F7A7
:100970001DFD4FF0FF33236010BD38B581660B6A53
:10098000C3664B6B04460D46002B3BD0C360AB6B7C
:10099000002B43D0E36128462146FFF7E3FFA06E1A
:1009A00004F11001FFF7DEFFA56EEB6B002B3CD0CE
:1009B00063662B6C002B08BFFF2323676B6C002B37
:1009C00008BF6FF000436367AA6C40F2FE33002A51
:1009D00008BF1A46A2672B6DE367591C2CD1002370
:1009E000E36700204FF0FF33C4E90833C4E90A008D
:1009F000C4E90F00C4E90C00C4E912006064A063FC
:100A0000206538BD886AF4F755F9E0600028BED14A
:100A10002046FFF719FE6FF00B00F2E7A86AF4F723
:100A200049F9E0610028B6D1F2E7E86AF4F742F943
:100A300060660028BDD1EBE7002BD2D1EB6CA96A30
:100A40004BB18A424FEAD30328BF0A469A4294BF69
:100A5000E267E367C5E7EB69F3E72DE9F0430D468D
:100A600009689846CB1C85B00646174603D9002076
:100A700005B0BDE8F083806EAC6882691444013C27
:100A8000B4FBF2F302FB1343E41A0094D0F808908D
:100A9000EB686A68C8470028EAD1B8F1000F04D1B2
:100AA000B06E2946FFF75EFFE1E74FF0FF333B6092
:100AB0000294EB6801936B6800932B6822463946D9
:100AC0003046FFF705FE0028D2DBE9D06FF0530077
:100AD000CEE72DE9F74FDDE90D5A0F9F06460C468C
:100AE000904699464FF0000B67B9384639E00C9BA9
:100AF0002360B36E9A69B5FBF2F302FB1353EB1A52
:100B0000C4E9013B23680C9A9342F0D16068A84283
:100B1000EDD8B36E9A6A0244AA42E8D9521BE36840
:100B2000BA42A5EB000028BF3A465146184401924C
:100B3000BBF716FE019A636815449244BF1AA26877
:100B4000EB1A934238BF1346A360B26E926A9A4280
:100B5000CAD14B46424621463046FFF77EFF002869
:100B6000C2D003B0BDE8F08F2DE9F04F91B0CDE9D0
:100B700007230B6BDC0206460D461BD54C6B089B0E
:100B8000CA6AE318934238BF1346C26F9A4211D221
:100B9000CC63C36E0366E8F795FB2B6B044630B15C
:100BA00043F400232B63204611B0BDE8F08F23F4FB
:100BB00080132B63089B059305F140030493059B69
:100BC0000BB9089CEFE72B6B9A030CD5B26EE96B5F
:100BD000D269914240F0A680DB021FD56FF001037D
:100BE000AB636B6B3CE013F48013F7D16A6BAAB173
:100BF0000F930FAB0293013A05F138030193009272
:100C0000D5E90A2304993046FFF7EAFD044608B106
:100C10002B6BC5E70499B06EFFF7A4FEF36E336645
:100C2000AB6B09936B6B0693013B0B930DA930469D
:100C3000E8F7DAFA04460028EAD1DDF83490B06E1D
:100C40004946FFF78DFE044630B114F1540FDFD151
:100C50004FF0FF332B64E9E7069B1BB9C5F83890CA
:100C6000EB635BE0B76E0B9B0E930EA93846FFF764
:100C70009AFD0E9B03F10108FB69CDF83880984579
:100C800073D1013090FAA0FB099B0F93BBFA8BFB49
:100C90000BF1010AA0460FAF4FEA88030A93042321
:100CA000CDE902734FEA8803CDE90093049901234B
:100CB00032463046FFF70DFF0F9B04460028C4D193
:100CC000C34557D108F10108C245E5D8C5F83890A9
:100CD0004FEA8A03C4E7099B0093CDE9027BCDF874
:100CE00004A0A8EB0A03324600213046FFF7C9FBF7
:100CF000044600288CD1CDE9027BCDE9009A049905
:100D0000012332463046FFF7E4FE044600289CD11A
:100D10000AF1010AD045DED8C5E90E982B6B43F4E1
:100D200000332B63B36EDF69EB6BFF1A059B9F42A9
:100D300028BF1F46079B03970293EB6B0193AB6B96
:100D400000930499012332463046FFF7C2FE044661
:100D500000B310F1540F7FF45BAF29463046E8F73B
:100D6000B1FA04460028E5D052E7A2464FF0010B45
:100D70000FAFCFE70422CDE902720A9A0146CDE90E
:100D80000032304604233246FFF77BFB044600283E
:100D900098D03DE76B6B3B446B63EB6B3B44EB6381
:100DA000079B3B440793059BDB1B0593F36E336660
:100DB00005E7F0B585B0CDE902231D464B680193E8
:100DC0000B6800930C4617460023024600F1100101
:100DD000FFF77FFE064640B9E0682A463946E9F744
:100DE0006DFF6368E0602B446360304605B0F0BD82
:100DF0002DE9F04F064687B010469946FFF7DCFA1A
:100E00004B6893464A69034493420C46804641D856
:100E10008B682BF0004A8AEA03031BBA059305AAE4
:100E200004233046FFF7C5FF054678BBBBF1000F32
:100E3000A8F1040720DA0DF1130B2FB30123CDE93C
:100E400002B3D9F80430043B4344DB1B0193D9F8C7
:100E50000030009332463B4600213046FFF711FB3D
:100E600040B901235A4621463046FFF7A2FF013F11
:100E70000028E2D0054609E03B464A462146304676
:100E8000FFF797FF0028F5D1C4F808A0284607B05F
:100E9000BDE8F08F6FF01B05F8E713460A46D0E96E
:100EA0000001FFF7A5BFF0B50B6B0C46590397B0D7
:100EB000054608D5DA0258BF4FF0FF3223F48023ED
:100EC00058BF22642363216B8B0302D4002017B028
:100ED000F0BD11F48011666BE76A3FD1542201A87E
:100EE000F4F764FAA36ACDE90B370123CDE90D3697
:100EF00095E80F0011AF87E80F004FF0FF372F6024
:100F0000626BE36A9A4212D304F1400701232A4636
:100F100039462846FFF7A1FD20B310F1540FD6D172
:100F200021462846E8F7CEF90028EFD0CFE7012385
:100F30000DF1030201A92846E8F716F80028C6DBE0
:100F400001230DF1030221462846FFF70DFE00287C
:100F5000BDDB2B680133D3D01197D0E7BE422CBF45
:100F600066636763A36BA362636BE362236B23F423
:100F7000003343F48033C4E90C36A7E72DE9F74387
:100F80001E460B6B17465A0305460C4619D4216BB7
:100F90000B051DD4D4F834806B6F08EB06029A421F
:100FA0002FD811F4003919D033463A462146284645
:100FB000FFF7DAFD002808DB236B23F4002323630B
:100FC00003E0FFF770FF0028E1D003B0BDE8F08335
:100FD000E36A626B934288BF6363DBE7E36A984529
:100FE000E2D96363636B9845DED901230DF10702F3
:100FF000214628468DF80790FFF7B6FD0028F1DA64
:10100000E3E76FF01A00E0E72DE9F0438DB00C46FE
:1010100004A9BDF85490054617469846FFF762FCB0
:10102000064628BBE37D8DF82730A3690A93E36960
:101030000B93BDF85830CDE90193149B00933A46C9
:10104000434604A92846E8F7A5FA002814DB049FC4
:10105000059AA7610123E261E37505F120012046AD
:10106000FFF799F920B9B9F1000F01D1C5E908726C
:1010700030460DB0BDE8F0830646F9E72DE9F341AF
:1010800006461446486B726F0D4613B1012B29D1E9
:10109000044494422AD8844221D02B6B5B0331D57F
:1010A000D6F86880EA6BD8F81C309A422AD00090B3
:1010B00069464046FFF777FB01A907464046019481
:1010C000FFF771FB87421DD16B6C019A934219D8CF
:1010D000A96C0B449A4215D26C63EA63204602B0B5
:1010E000BDE8F081022B04D09042F8D96FF01500D2
:1010F000F5E7D1E90B31890302D5834238BF0346B6
:101100001C44C6E729463046FFF7CDFE0028E6D14D
:101110006C63E3E710B50446E8F774FD002806DBCE
:1011200005D020460021BDE81040E8F7EFBE10BD15
:1011300070B50B6B1E0386B005460C4653D4FFF703
:10114000B2FE216B20B141F40021216306B070BDD5
:10115000CA0348D504F108063046FFF712F9002803
:1011600041D111F480131FD0E36CE26A40F20120F8
:10117000A18842EA812242EA0052CDE90223226D8F
:10118000936843EA812343F08153049353680593A2
:1011900002AA022331462846FFF7BCFF236BF8B1B1
:1011A00043F400232363D1E729464FF0FF3241F88F
:1011B000102B28462A46FFF750FC0028C6D1A86EFF
:1011C000036998470028C1D1236BDB02CCD4D4E952
:1011D0000A016B4683E80300082240F20220C7E7B9
:1011E00023F4803323630020B0E770B505460C4636
:1011F000FFF79EFFAB6A064605F128021BB19C4231
:10120000196808D11160236D1B6813B9E06CF3F7FE
:1012100059FD304670BD1A460B46EFE7FFF714BA8A
:1012200070B58AB016460191002301AA02A90546AD
:10123000E7F73CFD041E0FDB01982F21F4F78AF934
:1012400010B1230D022B0AD1C4F38922334602A91F
:101250002846E7F70DF9044620460AB070BD6FF046
:101260001304F9E7E8F78CBFFFF7BFBFFFF760BFD4
:101270002DE9F0411F460B6B9B0305460C461646B5
:1012800007D43B46324621462846BDE8F041E7F701
:101290006BBEFFF708FE0028F3D0BDE8F081FFF732
:1012A0006DBEFFF7EBBE2DE9F041161E86B0054678
:1012B0000C4674DBD1E90B3292034F6B02D5BB4273
:1012C00038BF3B469E424FD2EB6F9E422ED8002342
:1012D0001A4621462846FFF7D1FE00285CDB4FF076
:1012E000FF332B60EA68334621462846E7F73CFE89
:1012F000002851DB236BE06C6FF00102C4E90A2681
:1013000043F4A8132363002322646364AB6E9B6AD7
:10131000A364E9683246BBF723FA00233A46214624
:101320002846FFF7ABFE00EAE07035E0214628468C
:10133000FFF7B9FD80BB05AB029304F138030193BD
:10134000731E00930590D4E90A2304F14001284656
:10135000FFF746FA00BBA36B6663C4E90A36236B4A
:1013600043F4A0232363D8E7D7D9022300222146E0
:101370002846FFF783FE00280EDB4FF00008636B62
:101380009E42CAD9012305AA214628468DF8148019
:10139000FFF7F4FD0028F2DA06B0BDE8F0816FF047
:1013A0001500F9E7486B7047836A00F128021BB10A
:1013B0009942186802D11060002070471A4603460F
:1013C000F5E7E7F771BF4FF48C720021F3F7EEBF3A
:1013D00018B14FF48C71ECF75BBB704710B40C463E
:1013E000012C11461A4606D814B910BCE9F790BF73
:1013F00010BCE9F7CFBD6FF0200010BC70472DE99D
:10140000FF4701291E468046DDE90C34154658D8B1
:1014100082B32A0758D1002949D10DF110091D4482
:10142000EC461A4603F1100A674610685168E64612
:10143000AEE8030008325245F446F6D1224619467A
:101440004046E9F765FFB0B933582258534023505E
:1014500004301028F8D132463B4603CB4B45106090
:1014600051601F4602F10802F6D1AA45534604F125
:101470001004D5D1002004B0BDE8F087C25851F85F
:1014800003C082EA0C02E2500433102BF6D122464C
:1014900021464046E9F77EFD0028ECD1103D04F1DD
:1014A0001003214606D01C460023781BE6E7314690
:1014B0005F19F9E754F8042B46F8042B9C42F9D144
:1014C000D8E76FF02000D6E76FF02100D3E72DE9D1
:1014D000F04144681F46A36805460E46904633B166
:1014E00010210120ECF7E0FAE06038B10446C4E9CD
:1014F0000178266000206C60BDE8F0816FF0690023
:10150000FAE770B504680D1B002D02DC6FF05F0078
:1015100070BD94F900602378002E0ADB631C036021
:10152000237813600368C91A13688B42EED8002031
:10153000EEE703F07F035C1E032C13D89D42E5DD2C
:101540000024146004680134046004681568247879
:1015500044EA052414600468013B04F101040460BA
:10156000F3D1DFE76FF06300D2E770B404680E1BBD
:10157000002E07DD26789E4208D10134046070BC3D
:10158000FFF7BFBF6FF05F0070BC70476FF0610086
:10159000FAE773B51D46134601AA0446FFF7E5FFB7
:1015A00018B9019A1AB96FF0630002B070BD2368D0
:1015B00093F90030002BF6DB06462368197839B121
:1015C00006B10192042AEED809D10B06EBD406E04D
:1015D0000133013A23604FF00106EED1019200235E
:1015E0002B60019B013BE0D322682968127842EA14
:1015F00001222A60226801322260F3E737B5012315
:10160000154601AA0446FFF7B0FF58B9019B012B0C
:101610000AD123681B78003B18BF01232B60236885
:101620000133236003B030BD6FF06300FAE7134667
:101630000222FFF7AEBF70B5032305460E46FFF743
:1016400094FF98B9136893B1013B13602B681B7822
:101650001371072B0ED82B6801332B60936012682F
:101660001344B3422B6018BF6FF0650070BD6FF07C
:101670005F00FBE76FF06300F8E72DE9F04F85B0FE
:101680001746984603AA30239DF838A09DF83CB031
:1016900004460E46FFF769FF054608BB2368039A18
:1016A00013449E4219D06FF0650519E05A1C226060
:1016B00093F8009009EA0703434522D103AA314673
:1016C0002046FFF71EFFD0B909EA0A0159452268F2
:1016D000039B09D022681A4422602368B342E5D3F1
:1016E000284605B0BDE8F08F10990029F2D0DDE959
:1016F00010C049460193E047019B0028EAD0054607
:10170000EEE76FF06105EBE738B503230446FFF71A
:101710002CFF18B9136813B96FF0670038BD013B8F
:10172000136023681A78002AF6D101332360F5E7A5
:1017300010B500B910BDC468ECF7BCF92046F8E755
:101740002DE9F34190461F4601AA302305460E4677
:10175000FFF70BFF0446F0B92B68F61A002E34DDB4
:1017600042461B7842F8043B019B2E681E443146DA
:1017700006232846FFF7F9FE044660B92B68D8F81F
:101780000420C8F808309918B142296007D10C210B
:101790003846ECF77DF9204602B0BDE8F0819B5C4D
:1017A0003A46314642F8043B2B6801332B60284609
:1017B000FFF7A7FE60B92B687A68BB601344B34299
:1017C0002B6018BF6FF06504E5E76FF05F04E2E798
:1017D0000446E0E710B500B910BD8469ECF76AF97A
:1017E0002046F8E77F2A10B503461AD9144601208F
:1017F000240A00F10100FBD11C68641A844212DB48
:1018000019684C1E1C6001F8012C120AF8D101283D
:1018100006D01A68511E196000F17F0302F8013CDE
:1018200010BD0120E8E76FF06B00F9E70368591A73
:101830000029C1BF03F1FF310160012003F8012C31
:10184000D8BF6FF06B00704738B5A0F14003054674
:101850000246DBB25A214120E9F736FFA5F14603E3
:101860002A460446DBB27A216120E9F72DFF6B1D81
:101870002A460443DBB239213020E9F725FFE4B2E0
:101880002B2105F114032A460443DBB20846E9F78D
:101890001BFFE4B22F2105F111030443DBB22A46FA
:1018A0000846E9F711FFE4B22043013840B238BDE1
:1018B0000139002901DA0020704750F82130002B4F
:1018C000F6D0B3FA83F00131C0EB4110704739B163
:1018D00001F18041013900EB81018142034600D2D0
:1018E00070471B680A681BBA12BA40F8042B41F80B
:1018F0000439F2E72DE9F0411C4613F0030318BF49
:10190000012303EB94038B4206460D46904613D801
:1019100079B18F003A460021F3F748FD2CB1381B0E
:10192000224641463044BAF71BFF29463046FFF7AE
:10193000CEFF0020BDE8F0816FF00700FAE7B3EBBF
:10194000810FF8B516464FEA810415D81946A14211
:1019500007D11F4600218F4210D19C4218D300208E
:10196000F8BD21F0030501F003024559D200D5402E
:10197000EDB29DB90131EAE72746EBE721F003021A
:1019800001F003058258ED00EA4072540131E2E7AC
:101990001A1B00213019F3F709FDE0E76FF007008B
:1019A000DEE7B3EB810F70B504464FEA81051046C0
:1019B00019D95A1B86180021F3F7F8FC30462B463C
:1019C000C21800218B4210D1002070BD22F003010B
:1019D00002F003066158F600F140C9B281B9013244
:1019E000AA42F3D1ECE71A46FAE721F0030001F02E
:1019F00003052058ED00E84002F8010D0131E1E750
:101A00006FF00700E1E7F8B50546500988420C463B
:101A100002F01F0601D80AD136B1A20028460021E3
:101A2000BDE8F840F3F7C2BC1F2A02D8F8BD1F2A50
:101A30000FD9820005EB8003291F05EB8407BB4209
:101A40001AD1201A38BF0022002105EB8000F3F7DD
:101A5000ADFC002EEAD005EB84040022C6F1200084
:101A6000AC42E3D054F8041C21FA06F3134344F8C3
:101A7000043D01FA00F2F3E753F804CB41F804CF38
:101A8000DDE71F2AF8B503460D464FEA521402F06F
:101A90001F0613D96FF0030000FB04300A4694427E
:101AA00002F1FF3113D3621BAC4288BF00222A44EB
:101AB000184692000021F3F779FC034636B103EB98
:101AC00084030021C6F12007AC4206D3F8BD50F8CC
:101AD000212043F821200A46E1E7186800FA06F2BF
:101AE0000A4343F8042B013420FA07F1ECE7F0B580
:101AF0000024844620469C4200D1F0BD51F8245079
:101B000052F824702E182CBF01250025BF194CF85F
:101B1000247045F100000134EDE7F0B500240646DD
:101B200020469C4200D1F0BD51F824C052F82470E8
:101B3000ACEB0005AF4294BF4FF0000E4FF0010E2A
:101B4000ED1B46F8245084452CBF70460EF1010071
:101B50000134E6E78B422DE9F04728BF0B46964655
:101B6000DE08089A0446C91A03F0070875460346BA
:101B7000B44600200CF1FF3CBCF1FF3F03F1200311
:101B800005F1200511D104EB46140EEB46164FEA81
:101B9000880C06EB880E2546764540F0818064442B
:101BA000013980F08B80BDE8F08755F8207CA2FBDE
:101BB000079710EB090953F8200C47F1000710EBC9
:101BC000090043F8200C55F81C0C47F10007A2FB54
:101BD00000093F1853F81C0C49F10009C01943F8DB
:101BE0001C0C55F8180C49F10009A2FB000719EB71
:101BF000000953F8180C47F1000710EB090043F8EF
:101C0000180C55F8140C47F10007A2FB00093F1807
:101C100053F8140C49F10009C01943F8140C55F895
:101C2000100C49F10009A2FB000719EB000953F859
:101C3000100C47F1000710EB090043F8100C55F8A1
:101C40000C0C47F10007A2FB00093F1853F80C0CDD
:101C500049F10009C01943F80C0C55F8080C49F17A
:101C60000009A2FB000719EB000953F8080C47F123
:101C7000000710EB090043F8080C55F8040C47F175
:101C80000007A2FB000A17EB000953F8047C4AF195
:101C9000000017EB090740F1000043F8047C69E7F6
:101CA00056F8043BA2FB0337C318286847F1000726
:101CB000C31845F8043B47F100006DE723681B1883
:101CC00044F8043B2CBF0120002069E72DE9F347CD
:101CD000DDF8289015464A440F469200002106463A
:101CE0009846F3F763FB002405F1010A4C4502D145
:101CF00002B0BDE8F08758F82430009306EB84006A
:101D00002B463A465146FFF725FF0134EEE70168BE
:101D1000881C400000F008000844032300FB01F287
:101D2000C2F10202013B02FB00F0F7D140427047D2
:101D30002DE9F04F87B091460493109B0293DDE9A3
:101D40001183139D05934FEAC80283468A460432E5
:101D500000212846F3F72AFB08F102032E4600244F
:101D60000393444515D105EB84012346029A51F8AB
:101D700024505846FFF7D1FE6840E9F74FFDA60012
:101D80000A4600235946109607B0BDE8F04FEAF71F
:101D90006FBC5AF82430D9F80020376803990093B3
:101DA00002FB0377059A049B574330464A46FFF7E8
:101DB000D1FE3046DDE9022100974346FFF7CAFE17
:101DC00004360134CDE738B50D460121044600F054
:101DD000BCF988B9E9882046890100F021FA58B990
:101DE0002A462146204600F070FC28B9E9882046A2
:101DF000BDE8384000F043B938BD2DE9F04712F096
:101E0000030418BF012404EB92048C420646884662
:101E100017461D464FEA840AC2EB840919D84A4680
:101E20000021F3F7C3FAA8EB04029200002106EBAD
:101E30000A00F3F7BBFA08983A4606EB0901A847EF
:101E4000054618B921463046FFF741FD2846BDE852
:101E5000F0876FF00305F9E74901502934BF0122EB
:101E6000032201239340033358430130704710B5D8
:101E700086B00B9C04940A9C039400240294099C51
:101E80000194089C0094E9F745FD06B010BD10B51B
:101E900086B00B9C04940A9C03944FF02A3402945D
:101EA000099C0194089C0094E9F734FD06B010BD2C
:101EB00030B50546104600229A4200D130BD51F897
:101EC0002240241A45F8224034BF0120002001326C
:101ED000F2E7034600EB810100208B4201D1E9F7D4
:101EE0009DBC53F8042B1043F7E71FB5089C0394DF
:101EF000069C0092CDE90134079AFFF719FF04B060
:101F000010BD30B587B01C460B9D03950A9D00920D
:101F10000123CDE9014505AA0593FFF709FF07B0A5
:101F200030BDF7B51646C388CA889A42054628D1FF
:101F30008088C0F34000E9F707FE04468888C0F3B4
:101F40004000E9F701FE2B6800930B68019304F051
:101F5000010384EA000783F0010102A800EB81017C
:101F600000EB830351F8081C53F8080CE9F796FCC2
:101F700044403C40444004F001043460002003B07D
:101F8000F0BD6FF00300FAE700220123C0E900234F
:101F9000704710B5044648B1006818B1E18889005F
:101FA00001F016FE00220123C4E9002310BD42F215
:101FB0001073994270B504460D4602D96FF00F00B8
:101FC00070BDC3888B4201D30020F9E70421284665
:101FD000EBF76AFD06460028F0D0216841B1E2889F
:101FE0009200BAF7BDFBE1882068890001F0F0FD9E
:101FF000E5802660E8E7F8B50D46C9880446164630
:10200000FFF7D5FF0746A8B93046E9F79DFDB4F9BB
:102010000420B5F904100646E9F7A2FDA080334676
:10202000EA8829682068E9F75DFCEB88F643E288D6
:102030009A4201D83846F8BD216851F82320324031
:1020400041F823200133F2E738B504460D4619B9AB
:10205000FFF79FFF002038BDC2888A4207D1006881
:1020600092000021F3F7A2F90123A380F2E7FFF722
:1020700090FF29462046BDE83840FFF798BF42F25E
:102080001073994270B50A46054602D96FF00F00E9
:1020900070BDC3888B4207D8BDE87040FFF787BF8B
:1020A000296851F8231011B9013B002BF8D15C1CB1
:1020B000944238BF144604212046EBF7F5FC06464F
:1020C0000028E3D0296839B1A200BAF749FBE988B2
:1020D0002868890001F07CFDEC802E600020D7E7A5
:1020E000884270B505460E4609D0C988C28841B9F4
:1020F0002AB10123838092000068F3F757F900208A
:1021000070BD4C1E8CB90134B6F90430AB80A242CC
:1021100012D221462846FFF74AFF0028F0D1316845
:102120002868A200BAF71CFBE9E7336853F82430AB
:10213000002BE8D1013CE5E72868121B9200002142
:1021400000EB8400F3F732F9E9E770B50C460121A2
:102150000546FFF72CFF064688B9EA88014692003B
:102160002868F3F723F984EAE472A2EBE472E40F3F
:10217000C4EBC4342B68640001341A60AC80304670
:1021800070BDC388B1EB431F3FBF03684A0901F02C
:102190001F0153F822003ABFC84000F001000020A0
:1021A0007047C1880022914201D80020704703681F
:1021B00053F8223033B193FAA3F0B0FA80F000EB79
:1021C000421070470132EEE7C1880068FFF770BB2C
:1021D00008B5FFF7F9FF0730C00808BD70B50E4617
:1021E00012F0030118BF012101EB920105461446CC
:1021F000FFF72AFF38B9E988286823463246BDE848
:102200007040FFF777BB70BD13460A46C18800686F
:10221000FFF795BB13460A46C1880068FFF7C1BBAC
:1022200038B504460D46FFF7CFFFE3882844B0EBEE
:10223000431F06D82068E1882A46FFF722FC0020C9
:1022400038BD10F01F0118BF012101EB50112046CD
:10225000FFF7ADFE0028EDD0F2E708B50A46C188C9
:1022600011B10068FFF7CFFB002008BD10B5C3888F
:1022700023B9CA885AB9ABB1012017E0026802EB52
:10228000830252F8042C002AF3D1013BF0E70C68DA
:1022900004EB820454F8044C0CB9013AEAE7934287
:1022A000EAD80FD3013B5A1C01D1002010BD0268AF
:1022B00052F823400A6852F823209442DCD803F1F4
:1022C000FF33F0D24FF0FF30F0E730B5C38823B9C9
:1022D000CA885AB9002B3DD136E0026802EB83026E
:1022E00052F8042C002AF3D1013BF0E70C6804EB10
:1022F000820555F8045C4DBB013AEAE7B1F9045098
:1023000003D2B1F90400404226E0B0F90420002ACB
:1023100003DD002D0CDA01201EE0002D08DD3AB1AE
:102320004FF0FF3018E003F1FF330BD2504213E0BF
:10233000013B016851F8235054F823108D42F2D923
:10234000104609E0591CF4D1002005E0002BD8D03C
:102350009342D3D9B0F9040030BD1FB581EAE173CF
:10236000A3EBE173C90FC1EBC13149000193013106
:102370000123ADF80C10ADF80E3002A901AB0293A9
:10238000FFF7A3FF05B05DF804FB90422DE9F04193
:1023900005460F46144602D0884206D1274601233F
:1023A000AB80FC883CB9002003E0FFF799FE0028D1
:1023B000F4D0BDE8F0813B6803EB84034FEA840866
:1023C00053F8043C0BB9013CECE721462846FFF7E3
:1023D000EEFD0028EDD12E683A682346314630469E
:1023E000FFF785FB06EB08030746002FDBD0EA88E2
:1023F000A24204F1010608D831462846FFF7D7FD6E
:102400000028D6D12B6803EB84031A68D21943F84D
:10241000042B2CBF012700273446E6E72DE9F041C5
:10242000D48805460E4690463CB9F188A1420ED2AA
:102430006FF009073846BDE8F081D8F8003003EBAB
:10244000840353F8043C002BEFD1013CECE7284611
:10245000FFF7ADFD07460028ECD1F28894420BD27D
:10246000AE4209D028683168121B920001EB84014A
:1024700000EB8400BAF774F9EA88F088824207D941
:102480002B68121A9200002103EB8000F2F78EFFF6
:10249000D8F80020316828682346FFF73EFB024643
:1024A00010B90123AB80C5E72968EB8801EB8401F3
:1024B0001B1B0846FFF7FCFC0028F2D0B8E72DE90B
:1024C000F843B1F90440B2F804C01CFB04FC6646B2
:1024D000734381460D4617461CD511462846FFF723
:1024E000C5FEB0F100080DDB3A4629464846FFF725
:1024F00095FF98B9B8F1000F08BF0124A9F804406E
:1025000000200BE02A464846FFF788FF30B96442B6
:1025100024B2F3E7FFF739FF0028EFD0BDE8F883D6
:102520000123FFF7CCBF4FF0FF33FFF7C8BF1FB544
:1025300082EAE273A3EBE273D20FC2EBC232520023
:10254000019301320123ADF80C20ADF80E3002AA40
:1025500001AB0293FFF7E4FF05B05DF804FB1FB584
:1025600082EAE273A3EBE273D20FC2EBC2325200F3
:10257000019301320123ADF80C20ADF80E3002AA10
:1025800001AB0293FFF7CFFF05B05DF804FB2DE927
:10259000F047012386B0164688424FF00002CDE98D
:1025A0000223CDE9042307460D4606D102A8FFF712
:1025B00097FD0446002833D102ADB74206D1394613
:1025C00004A8FFF78DFD044650BB04AEB5F80680A5
:1025D000B8F1000F2ED1B6F80690B9F1000F33D143
:1025E0004FF0010A09EB08013846FFF7E0FC04460A
:1025F000B0B901463846FFF7A8FD044680B9CDF8CA
:1026000000903368296838684246FFF75FFBBAF1EB
:10261000000F22D1AB88B28813FB02F31BB2BB8040
:1026200004A8FFF7B6FC02A8FFF7B3FC204606B0EB
:10263000BDE8F0872B6803EB880353F8043C002BBC
:10264000C9D108F1FF38C3E7336803EB890353F8B6
:10265000043C23B909F1FF39BFE70123DFE7B8FAEA
:1026600088FA4FEA5A1ABDE72DE9F341CF880546AB
:10267000884616463FB1D8F8003003EB870353F87D
:10268000043C3BB146B90021284602B0BDE8F04108
:10269000FFF75BBD013FEDE7791C2846FFF787FC9C
:1026A000044670B941462846FFF71AFD044640B972
:1026B000013E0096D8F80020E98828683B46FFF7DD
:1026C00049FA204602B0BDE8F08170B504460D46D7
:1026D000104600211646FFF740FE002824DB2A465C
:1026E000334621460020E9F749FA054638B1284625
:1026F00070BD324621462046FFF712FF90B90021F7
:102700002046FFF72AFE0028F3DB31462046FFF77C
:10271000DCFD0028EBDB324621462046FFF703FFB5
:102720000028F2D00546E2E76FF00905DFE72DE962
:10273000F04F89B0DDE9125806468B462846002145
:1027400091460593FFF709FE002805DC6FF00304AE
:10275000204609B0BDE8F08F2B681B68D907F5D576
:1027600000214846FFF7F9FD0028EFDB4846FFF758
:102770002BFDB0F5005FE9D82846FFF725FDB0F541
:10278000005FE3D8B9F8061031B90121304609B02D
:10279000BDE8F04FFFF7D9BCE888FFF75DFB0421E7
:1027A0008246EBF781F90746002800F0AA80002254
:1027B0000123CDE906234FEA8A0AB8F1000F0DD1B3
:1027C000294606A8FFF7FFFA044600B351463846EB
:1027D00001F0FEF906A8FFF7DCFBB9E7D8F80030F6
:1027E000002B6ED106AB18462946FFF7ECFA06AB74
:1027F000044640B15146384601F0EAF9D8F80030B5
:10280000002BA5D1E6E793E8030088E803005946CA
:102810003046FFF765FC0446002867D10123B380EA
:1028200029463046FFF751FD002857DAE98830463F
:10283000FFF7BDFB0446002858D12868FFF767FA68
:10284000069B0090029701933168EB882A680490F8
:102850000846FFF74AFB059B0698B9F80620316841
:10286000B3F12A3FEB880192CDE90207D9F80020A5
:1028700000922A68084641D1FFF709FB049B0197A3
:1028800000933168EB882A680846FFF73AFBBBF9EA
:1028900004B0BBF1FF3F29D1D9F800301B68DB073A
:1028A00024D5F1883068FFF714FB01225946E9F777
:1028B00057F93246B08029463046FFF731FE0446CC
:1028C00014E0E9884046FFF772FB0446002891D1E6
:1028D00098E8030008AB03E9030098E72A4631466D
:1028E0003046FFF7F2FE044600289FD05146384696
:1028F00001F06EF9B8F1000F80D16BE7FFF7B7FA7E
:10290000BCE76FF00F0423E713B5049CCDE9003456
:102910000023FFF70CFF02B010BD2DE9FF4101239A
:102920000546164668460022CDE90023CDE902237C
:102930008846FFF7D5FB0446002855D1314602A84A
:10294000FFF7CEFB044600284ED16846FFF729FC6E
:10295000074602A8FFF725FC064650B9214602A803
:10296000FFF70FFC28B941462846FFF7B9FB04469C
:102970003AE00123ADF80C30ADF804300021684690
:10298000FFF7EBFC50B9B742394602A828BF3146E1
:10299000FFF746FC044638BB02A9E5E76846FFF7A7
:1029A00000FC01466846FFF758FC0446E0B902A85F
:1029B000FFF7F7FB014602A8FFF74FFC044698B962
:1029C00002A96846FFF781FC002817DB02AA6946C6
:1029D0006846FFF723FD044630B901216846FFF73A
:1029E0003CFC04460028C9D06846FFF7D2FA02A88A
:1029F000FFF7CFFA204604B0BDE8F08102A96A468D
:102A00000846FFF70BFD04460028EDD1012102A87E
:102A1000E5E7F7B50E1E044615461F4614DB1046C3
:102A2000FFF79BFC00280FDDE9882046FFF70CFB31
:102A300040B9089BCDE900733146E3882A682068D5
:102A4000E9F738F803B0F0BD6FF00300FAE72DE9BD
:102A5000F041064692B08846104601211546FFF720
:102A60007CFC002840F34381002301272A4641468D
:102A70006846CDE90237CDE90437CDE90637CDE91F
:102A80000837CDE90037CDE90A37CDE90C37CDE974
:102A90000E37CDE91037FFF740FF0446002840F01D
:102AA000978039466846FFF758FC002840F01C81A3
:102AB0002A46414602A8FFF708FE0446002840F0D7
:102AC000878002A904A8FFF70BFB044600287FD1EA
:102AD00029460AA8FFF704FB0446002878D12946B6
:102AE0000CA8FFF7FDFA0446002871D1394606A864
:102AF000FFF72BFB044600286AD1014608A8FFF720
:102B000024FB0446002863D101460EA8FFF71DFBF5
:102B1000044600285CD1394610A8FFF716FB04468E
:102B2000002855D1049B1B68D8073CD50C9B1B681B
:102B3000DB0740F182800CA904A8FFF7C6FB002840
:102B4000C0F2AB8004A90CAA0846FFF7ECFC0446CF
:102B500000283DD106A90EAA0846FFF7E4FC04466A
:102B6000002835D110AA08A90846FFF7DCFC044666
:102B700070BB002104A8FFF7F0FB0028D2D1002190
:102B80000EA8FFF7EAFB0028C0F29A8029460EA89B
:102B9000FFF79BFB002880F29D800EA93046FFF7CF
:102BA0009FFA044614E0012104A8FFF756FB0446EF
:102BB00070B9069B1B68DF0729D4089B1B68DC07DC
:102BC00025D4012106A8FFF748FB044600282FD092
:102BD00002A8FFF7DEF904A8FFF7DBF906A8FFF764
:102BE000D8F908A8FFF7D5F96846FFF7D2F90AA87F
:102BF000FFF7CFF90CA8FFF7CCF90EA8FFF7C9F93A
:102C000010A8FFF7C6F9204612B0BDE8F08106A96A
:102C10000AAA0846FFF784FC04460028D8D108A970
:102C200002AA0846FFF77FFC04460028C9D0CFE778
:102C3000012108A8FFF711FB71E701210CA8FFF79C
:102C40000CFB04460028C3D10E9B1B68D90713D484
:102C5000109B1B68DA070FD401210EA8FFF7FDFABD
:102C600004460028B4D1012110A8FFF7F6FA044663
:102C700000283FF45BAFABE70EA90AAA0846FFF7AE
:102C80004FFC04460028A3D110A902AA0846FFF76A
:102C90004AFC04460028DFD09AE70CA904AA08469B
:102CA000FFF741FC0446002892D10EA906AA084667
:102CB000FFF739FC044600288AD108AA10A953E777
:102CC0000EA92A460846FFF72BFC044600283FF4CD
:102CD00056AF7DE70EA92A460846FFF724FC0446B6
:102CE00000283FF453AF73E76FF00D0470E76FF007
:102CF000030488E770B550F8214050F82260049D25
:102D0000344440F8214050F8256074404FEA344480
:102D100040F8254050F82360344440F8234050F8F0
:102D2000226074404FEA345440F8224050F8216049
:102D3000344440F8214050F8251061404FEA316199
:102D400040F8251050F82340214440F8231050F853
:102D5000223059404FEA716140F8221070BD2DE9D0
:102D6000F04792B004460D46034602AE00F140071C
:102D700018685968324603C20833BB421646F7D179
:102D80000A2608234FF00C090DEB03000422002152
:102D90004FF00D08CDF80090FFF7ACFF0E27092388
:102DA00005220121CDF80080FFF7A4FF4FF00F0AA4
:102DB0000A23062202210097FFF79CFF0B2307221C
:102DC0000321CDF800A0FFF795FF0A23052200217B
:102DD000CDF800A0FFF78EFF0B2306220121CDF8CE
:102DE0000090FFF787FF082307220221CDF800801B
:102DF000FFF780FF0097092304220321FFF77AFFE2
:102E0000013EBED12268029B134402936268039B79
:102E100013440393A268049B13440493E268059B44
:102E2000134405932269069B134406936269079B2A
:102E300013440793A269089B13440893E269099B12
:102E400013440993226A0A9B13440A93626A0B9BF8
:102E500013440B93A26A0C9B13440C93E26A0D9BE0
:102E600013440D93226B0E9B13440E93626B0F9BC6
:102E700013440F93A26B109B13441093E26B119BAE
:102E80001344119304462B4612AD224603CAAA42AC
:102E900018605960144603F10803F6D1402102A8D6
:102EA000EAF7F6FD12B0BDE8F08710B54021044600
:102EB000EAF7EEFD40216018EAF7EAFD4023C4F886
:102EC000803010BD10B18421EAF7E2BD704710B523
:102ED00002630B6843634B6883638B68C363402161
:102EE00004460844EAF7D4FD4023C4F880300020AB
:102EF00010BD2DE9F04704460D4690461F460026BA
:102F0000AE4232D1002525F03F09B14404F1400A18
:102F10004E4530D1AB096FF03F0202FB03559DB126
:102F200004F1400920464946FFF719FF236B01339E
:102F30002363374408EB06020020011D8D4230D286
:102F4000A84235D3C4F880500020BDE8F087234460
:102F500018F8062093F840305340BB55D4F8803021
:102F60000133C4F880300136CAE7D4F880303F2BF3
:102F7000EDD9AD1BC7E720465146FFF7F0FE236BA6
:102F800001332363002008EB060CBA1921185CF802
:102F90000030096C4B40135004304028F6D14036C5
:102FA000B6E7231816581B6C73403B500846C4E71D
:102FB00019F80030115C4B403B540130C0E730B58C
:102FC000D0F8D02012F00F0485B005460DD00F22A6
:102FD00000216846F2F7EAF9C4F11002694605F1EA
:102FE000840000F0E8FE05B030BD2046FBE710B5D8
:102FF0000446FFF75AFF04F1840000F0D4FE0023DA
:103000000022C4E93423C4E936230023C4F8E030A5
:1030100084F8E43010BD10B5044680B1FFF752FFCC
:1030200004F1840000F0C2FE00230022C4E934232E
:10303000C4E936230023C4F8E03084F8E43010BD3E
:10304000E8F736BF70B5164690B000220546FFF788
:103050003EFF0446F0B9014640226846F2F7A6F961
:103060006B466A4640212846FFF743FF044688B96D
:10307000694605F18400EAF723FD044650B90023B0
:103080000022C5E93423C5E936230123C5F8E03021
:1030900085F8E46068464021EAF7FAFC204610B063
:1030A00070BD30B4D0F8E030012B0AD1D0E934350E
:1030B0009B1845F10005C0E93435843030BC00F080
:1030C0007ABE6FF0530030BC70472DE9F0411F46C7
:1030D000D0F8E03016465A1E012A04460D4633D871
:1030E000012B18D0D4E936325B1942F10002C4E951
:1030F000363294F8E430BBB12A46314604F18400FC
:1031000000F059FE70B93B46324629462046BDE8DC
:10311000F041FFF7EEBE0223C0F8E030FFF74FFFAB
:103120000028DFD0BDE8F0813B46324629462046E4
:10313000FFF7DFFE0028F5D12A46394604F1840066
:10314000BDE8F04100F037BE6FF05300EAE77FB50D
:10315000D0F8E03004460D4683B3012B1AD1FFF7B7
:103160002EFFA8B90323C4F8E030D4E93423CDE915
:103170000023D4E936238434CDE9022369461022A2
:10318000204600F018FE18B92946204600F055FEEA
:1031900004B070BD022BD0F8D860E3D116F00F0652
:1031A000E0D00F2200216846F2F700F9C6F11002C4
:1031B000694604F1840000F0FEFDD2E76FF0530091
:1031C000E6E72DE9F04715460A461946DDE9089A73
:1031D000DDE90A780C9E0446FFF734FF90B95246A9
:1031E00049462046FFF75DFF60B943463A46294607
:1031F0002046FFF76AFF28B931462046BDE8F04770
:10320000FFF7A5BFBDE8F08710B586B00B9C04940E
:103210000A9C0394099C0294089CCDE9003413464F
:103220000A460021FFF7CDFF06B010BD70B58AB089
:103230000C461099119D02910E9906AECDE9003110
:10324000CDE90356134601212246FFF7BAFF58B9CC
:103250000F981022314600F052F828B12846214636
:10326000EAF716FC6FF055000AB070BD10B50446C1
:10327000FFF7D1FE2046BDE81040EAF71BBC10B5B1
:10328000E8210120EAF710FC044608B1FFF7AFFE81
:10329000204610BD10B50446FFF714FE2046BDE8D9
:1032A0001040EAF707BC10B584210120EAF7FCFBC7
:1032B000044608B1FFF7F9FD204610BD10B50446DD
:1032C000FEF786F82046BDE81040EAF7F3BB10B5DC
:1032D0004FF48C710120EAF7E7FB044608B1FEF7D2
:1032E00072F8204610BDE7F7D1BDE7F703BDFEF742
:1032F00086B8FEF773B848220021F2F757B870B5C8
:10330000044600200346934200D170BDE55CCE5CCC
:10331000754028430133F6E7A4220021F2F746B8AE
:1033200010B50446C0B18378012B12D1043000F0EF
:1033300011FB04F16400FEF72CFE04F16C0000F0B8
:1033400005FB04F1840000F001FB04F19C00FEF792
:1033500020FE00232380A37010BDF8B5046C073451
:10336000E4089C420E4628BF1C46114605462246EC
:103370003046FEF733FF0746D0B92B6CB3EBC40FD2
:103380004FEAC4010DD3343529463046FEF79DFF80
:1033900000280DDB2A4631463046BDE8F840FFF7ED
:1033A000C2B8C91A3046FEF758FF0028EBD00746CE
:1033B0003846F8BD70B588B0DDE90E45CDE9035457
:1033C00002940D9C019400260C9C0094CDE90556B6
:1033D000E9F73AFA08B070BD1FB500240294079CC3
:1033E0000194069C0094E9F7F7FA04B010BD38B5D3
:1033F00000EBC104A04200D138BD00F10805FEF782
:10340000C3FD2846F6E738B500EBC104A04200D161
:1034100038BD00F10805FEF7BCFD2846F6E72DE9AA
:10342000F34101F1100506460F4628460021FEF73C
:1034300094FF044698B36846FEF7A6FD321D294660
:103440006846FFF704FB044630BB07F108086B46EB
:10345000424641463046E9F7DBFB0446E0B96B469D
:103460006A4669463046E9F7D3FB0446A0B96B4685
:103470003A4639463046E9F7CBFB044660B96B461D
:10348000424641463046E9F7C3FB044620B90121D4
:103490002846FEF75AFE04466846FEF77AFD2046A7
:1034A00002B0BDE8F081F7B50D4604460835684620
:1034B0001646FEF769FD00212846FEF74EFF211D46
:1034C00007462A466846FFF72EF8044648B9002FFB
:1034D0000CBF002206F0010269462846FEF78BFD6C
:1034E00004466846FEF755FD204603B0F0BD2DE9C1
:1034F000F74F9DF8308006460C461F46C8F3450935
:1035000002F108054FF0000B01F1080ABB450ED18E
:103510004FEAD81221463046FFF7C5FFF0B9012126
:1035200004F1100003B0BDE8F04FFEF70EBE5FFAE5
:103530008BF2A2EB09035A425A41A5F10801204639
:103540000192FEF758FD48B92946019A5046FEF708
:1035500052FD0BF1010B18350028D7D003B0BDE8A0
:10356000F08F70B50C460646114620461A46FEF707
:10357000DAFF054648B90436B4F90430002B04DA02
:1035800000212046FEF7E9FE08B9284670BD324604
:1035900021462046FEF7C4FF0028EDD00546F4E79B
:1035A00070B50C460546114620461A46FEF7B8FF90
:1035B000064630B9043529462046FEF786FE002827
:1035C00001DA304670BD2A4621462046FEF726FF26
:1035D0000028F0D00646F4E738B50C46051D29460C
:1035E0002046FEF772FE002801DA002006E02A4697
:1035F00021462046FEF712FF0028F0D038BD10B556
:103600000446FEF7C6FC04F10800FEF7C2FC04F114
:103610001000BDE81040FEF7BCBC38B50C460546AE
:1036200001212046FEF7FCFD28B921462846BDE8C9
:103630003840FFF7D1BF38BD2DE9F04113460546AC
:103640000C461646E9F7E4FA40BBEB6843BB03229D
:1036500021462046FEF783FF00BB2F1DB4F904303E
:10366000002B04DA00212046FEF777FE78B93346B6
:10367000224621462846E9F7CBFA78B905F114032A
:10368000224621462846BDE8F041FFF789BF3A4669
:1036900021462046FEF744FF0028DFD0BDE8F08138
:1036A00005F10C03224621462846FFF779FF002842
:1036B000DDD0F3E72DE9F84F1E4603F10805C36896
:1036C00004468A469046002B40F0C08002F1100369
:1036D0001A462946E9F79CFA002840F0EF8006F1E7
:1036E00010072B46424639462046FFF759FF00286F
:1036F00040F0E48006F118092B4642464946204630
:10370000FFF72FFF002840F0D9804B463A46294664
:103710002046E9F77DFA002840F0D08003222946B0
:103720003046FEF7A1FF002840F0C8803146204611
:10373000FFF752FF002840F0C18008F1080B06F1A6
:1037400010075B465A4639462046E9F761FA0028D9
:1037500040F0B48039462046FFF75FFF002840F074
:10376000AD803B46424629462046E9F751FA0028FB
:1037700040F0A48029462046FFF74FFF002840F084
:103780009D8006F118093B463A4649462046E9F72E
:103790003FFA002840F0928049462046FFF73DFF5F
:1037A000002840F08B803346324639462046E9F700
:1037B0002FFA002840F082802B463A4639462046B0
:1037C000FFF7CFFE002879D12B463A4639462046EE
:1037D000FFF7C7FE002871D13B462A4629462046FE
:1037E000FFF7BFFE002869D133462A462946204606
:1037F000E9F70EFA002861D14B462A4629462046B1
:10380000FFF7AFFE002859D108F110035A46494688
:103810002046E9F7FDF9002850D149462046FFF738
:10382000FCFE00284AD139465046FEF759FC0028D4
:1038300044D129460AF10800FEF752FCF0BB494684
:103840000AF11000BDE8F84FFEF74ABC13462946BE
:10385000E9F7DEF990BB032229463046FEF704FF64
:1038600060BB31462046FFF7B7FE38BB04F10C07BA
:1038700001463846FEF771FD00283FF45EAF08F1BF
:1038800010031A4629462046E9F7C2F9B0B906F1F5
:1038900010092B462A4649462046E9F7B9F968B986
:1038A0003B464A4629462046E9F7B2F930B92B464D
:1038B000324631462046FFF773FE3BE7BDE8F88FFE
:1038C0000346C06920B15B6A002B14BF01200220AF
:1038D000704710B50446FEF757FB04F10800FEF7E9
:1038E00053FB04F11000BDE81040FEF74DBB38B5A6
:1038F0000025044600F8045BFEF746FB04F10C00CB
:10390000FEF742FB04F11400FEF73EFB04F11C003D
:10391000FFF7DFFF04F13400FEF736FBC4E90F5573
:10392000C4E91155C4E91355C4E91555E56538BD19
:1039300010B50446FFF7DBFF04F16000FEF724FB3F
:1039400004F16800BDE81040FFF7C3BF08B1FFF7FE
:1039500056BE704770B5044660B3436C012B11D05E
:103960000C30FEF716FB04F11400FEF712FB04F115
:103970001C00FFF7EBFF04F13400FEF70AFB201DEB
:10398000FEF707FBA36D4BB1E36D3BB10025182695
:10399000D4E91603AB4207D8EAF78CF82046602139
:1039A000BDE87040EAF774B806FB0500FFF7CEFFEC
:1039B0000135EDE770BD10B5044658B1FFF7CAFFF9
:1039C00004F16000FEF7E5FA04F16800BDE810407C
:1039D000FFF7BCBF10BD38B504460D46FEF780FBAF
:1039E00070B905F1080104F10800FEF779FB38B958
:1039F00005F1100104F11000BDE83840FEF770BB7E
:103A000038BD10B501210446FEF79FFB60B90121C6
:103A100004F10800FEF799FB30B9014604F11000EB
:103A2000BDE81040FEF791BB10BD08B50021103075
:103A3000FEF793FCB0FA80F0400908BDF0B585B000
:103A40001446074602A80D461E46FEF79DFA0021C1
:103A50002046FEF782FC78B931463846E9F726FC65
:103A6000044618B92846FFF7CCFF044602A8FEF723
:103A700090FA204605B0F0BD01212046FEF76DFC0E
:103A800058B931463846E9F711FC04460028EDD113
:103A900031462846FFF79FFFE7E74FF0FF3120460A
:103AA000FEF75BFC18BB31463846E9F7FFFB0446DE
:103AB0000028DBD131462846FFF78DFF0446002859
:103AC000D4D1083501462846FEF747FC2A4606466B
:103AD000391D02A8FEF727FD04460028C6D1321E74
:103AE00018BF012202A92846FEF785FABDE7002388
:103AF000CDE900332246334629463846E9F74EFCE5
:103B0000B3E71FB500240294079C0194069C00941F
:103B1000E9F7D2FE04B010BD2DE9F047DDE90889D0
:103B200014460F461E4642464B4621460546E9F7D7
:103B3000CFFE48B9CDE908893B46224631462846A2
:103B4000BDE8F047FFF7DDBFBDE8F08713B5049C83
:103B5000CDE9003413460A4600F11C01FFF7DCFFF3
:103B600002B010BD73B50C460146204615461E46F0
:103B7000E8F7D8FF40B900962B4604F1680204F13B
:103B800060012046FFF7E2FF02B070BD13B5049C50
:103B9000CDE9003413460A4600F16801E9F792FACC
:103BA00002B010BD00B14078704738B50D461446DC
:103BB00040B1E9F709FF28B1037C2B70437C2370E7
:103BC000002038BD6FF02D00FBE76FF02D0070472F
:103BD00010B5044608B1E9F75BFF2046BDE8104088
:103BE000E9F768BF2DE9F04F8DB0D0E900E9079300
:103BF00083680293C368049309EB99030593029BBE
:103C000003EB93030393049B03EB93030F4600938F
:103C1000D0E90A64D0E9085302EB0717016B069755
:103C20000027D2F800C015EB0C0BD2F804C047EB0C
:103C3000070515EB0C0547EB070C5D1993684CF174
:103C4000000C13EB0C0347EB070CF318D6684CF190
:103C5000000C16EB0C0647EB070CA619079C44EB6F
:103C60000C0C614401910099AEFB0BC4A5FB01183B
:103C700011EB0C0148EB0408039CA3FB04C411EBFB
:103C80000C0148EB0408059CA4FB06C411EB0C01D5
:103C9000DDF808C0089148EB0408ACFB0BACA5FBB1
:103CA000094114EB0A0441EB0C01A3FB0EAC14EB2D
:103CB0000A0441EB0C01DDF800C0ACFB06CA14EBB2
:103CC0000C0441EB0A01DDF804C0DDF80CA0ECFBAC
:103CD0000A41CDE909410299A1FB05C40499E1FB20
:103CE0000BC4A3FB091A1CEB010C44EB0A04AEFB4A
:103CF00006A11CEB0A0C44EB0104DDE900A1E1FB89
:103D00000AC40099CDF82CC0A5FB0E5AA9FB0BCB19
:103D100015EB0C0CA3FB013503994AEB0B0B1CEBC9
:103D20000303A1FB066C4BEB05059B1945EB0C054A
:103D30000199059E13EB080345F10005E1FB0635EB
:103D400009996E180A990B9D41F1000111EB050CC0
:103D5000019944F1000401FB0E4828F00301089C7E
:103D60004FEA98056D1847EB07012D1941F1000145
:103D70005B1847EB0701761847EB07041CEB0404BC
:103D8000DDF818C008F0030102F1100241F1000152
:103D900094457FF446AFC0E90853C0E90A64016363
:103DA0000DB0BDE8F08F4821E9F772BE10B148218F
:103DB000E9F76EBE70472DE9F04105468846144686
:103DC000CAB1476C5FB90F2A3E4627D86C642246B9
:103DD00008EB060105F13400B8F7C2FC0BE0C7F1AF
:103DE000100607F13400B242284407D2B8F7B8FCF5
:103DF0006B6C23446B640020BDE8F0813246B8F759
:103E0000AFFC00236B64103F012305F13402194617
:103E100028463C44FFF7E6FE0F2C0BD9012308EBA4
:103E2000060221092846FFF7DDFE24F00F031E4499
:103E300004F00F04002CC9D1DDE72DE9F84F04464A
:103E4000406C0D4698B1231801268219353083F84D
:103E50003460002162642044C2F11002F1F7A6FA36
:103E6000002304F1340231462046FFF7BBFED4E9BB
:103E70000818002011F1050BD4E90A9A40F1000757
:103E800018EB070740EB000319EB0303266B40EB2D
:103E9000000C1AEB0C0C46F10006B6087242013E0B
:103EA000174008EA060847EA0808676901EA060EAB
:103EB0000BEA020B0AEA060109EA0609266918EB71
:103EC00007074EEA0B0E40EB00081EEB060E40EB18
:103ED0000006BF1903EA0203A66902EA0C0243EADC
:103EE000090342EA0102E169C5F800E048F100086F
:103EF0009B1940EB00060A4413EB080342EB060251
:103F00006F60AB60EA60BDE8F88F73B50C4616468B
:103F100002783AB19A1BA2420BDA6FF06B05284681
:103F200002B070BD013C00F10100F1D16FF06705F6
:103F3000F5E71B1B2246014618460193B8F710FC13
:103F400090F90020002A08DA821B002AE5DD421ED3
:103F50000192002200F8012C01342246314601A8CA
:103F6000FDF740FC051EDADB0222314601A8FDF711
:103F70005DFC002802DB25440544D0E70546CEE77A
:103F80002DE9F341064617461D46009001440223E1
:103F900001AA6846FDF7E9FA18B9019B23B96FF049
:103FA000670002B0BDE8F081009A92F90000117834
:103FB0000028F4DB71B1DDF80480A845EFD8009C3F
:103FC000A5EB08002146424638444444B8F7C8FBF4
:103FD000A01BE6E7511C013B00910193002BEAD0A6
:103FE0005378002BE7D1DAE710F1860F13D010F1E8
:103FF000850F0BDA20F0020393330FD010F1970FE7
:104000000CBF6FF06D004FF0FF307047003818BFE5
:104010000120404270476FF0710070476FF06F00F1
:10402000704730B40024944201D130BC184731F9B4
:104030002450854201D00134F5E701EB840130BC06
:10404000B1F902007047032805D0042807D00023E7
:1040500018460B6070474FF480731220F9E74FF455
:10406000C073FAE7122808D1B1F5807F07D0A1F517
:10407000C0735842584180007047002070470320A9
:10408000704708B50846114601F0CEFA002818BF5F
:104090006FF03B0008BDF0B59BB00730209CC60810
:1040A0001C44B2EB460F0F461D4601943DD1B0F5BE
:1040B000C47F3DD2324602A8B8F752FB3246B91946
:1040C0000EA8B8F74DFB23462A4631460EA8FFF747
:1040D0001CFF041E26DB019B2A461B1B314602A83F
:1040E0000193FFF712FF2746041E1BDB019B2744A9
:1040F0001B1B3A46294601A80193FDF773FB041EDA
:1041000010DB3022294601A8FDF790FB002812DBC6
:104110003C440444224601992846F1F7C7F8219B04
:104120001C60002420461BB0F0BD6FF06704F9E767
:104130006FF06B04F6E70446F4E72DE9F0439BB01B
:1041400099460730229B0091C508B3EB450F0E46F8
:1041500090464FEA450737D3602F35D8302301AA60
:1041600041446846FDF701FA044648BB01463A4619
:1041700002A8F1F71BF92B46DDE9000102AAFFF7BF
:10418000FFFE031E23DB0098019902AA1844C91AF6
:104190002A442B4600900191FFF7F2FE051E18DB22
:1041A000009B019A2B4400939B1B521B4345019299
:1041B00011D13A4602A94846B8F7D2FA239B1F60AC
:1041C00020461BB0BDE8F0836FF06B04F8E71C4697
:1041D000F6E72C46F4E76FF06504F1E7682200216A
:1041E000F1F7E4B810B16821E9F752BC70472DE946
:1041F000F04105460E4614467AB3036C03F03F07C0
:104200009B18036422BF436C013343645FB3C7F15F
:10421000400842451CD342463844B8F7A1FA294623
:104220002846E9F7D7FCC8B92744A7F140043F2C3A
:1042300046440BD90027F1192846E9F7CBFC78B999
:104240004037E31B3F2BF6D83E441C462CB10027D9
:1042500022463146E819B8F783FA0020BDE8F0811C
:104260004FF0FF30FAE73F2AE4D8F1E770B5036C6E
:1042700003F03F035A1C0D46382A4FF08001C15409
:104280000446104431D8C2F138020021F1F78EF80B
:10429000D4E910315A0F42EAC102DB0012BA1BBA4C
:1042A000A263E36321462046E9F794FC0646B8B9C9
:1042B000A36C1BBA2B60E36C1BBA6B60236D1BBA3B
:1042C000AB60636D1BBAEB60A36D1BBA2B61E36D32
:1042D0001BBA6B61236E1BBAAB61636E1BBAEB61D9
:1042E0002046FFF77FFF304670BDC2F1400200213B
:1042F000F1F75CF821462046E9F76CFC06460028F9
:10430000EED1014638222046C0E7D8220021F1F73D
:104310004DB810B1D821E9F7BBBB70472DE9F84380
:1043200004460E461546002A40D0D0E9003203F07C
:104330007F075B1952F100024FF0000128BF0121F5
:10434000C0E9003231B1D0E90232013342F100025A
:10435000C0E9023287B3C7F180094D451FD304F18C
:10436000500831464A4608EB0700B8F7F9F94146CC
:104370002046E9F7C9FCD0B9803D3D447F2D4E442D
:104380000BD90027F1192046E9F7BEFC88B9803720
:10439000EB1B7F2BF6D83E441D463DB1002704F1B0
:1043A00050002A4631463844B8F7DAF90020BDE813
:1043B000F8834FF0FF30FAE77F2DE2D8EFE7F8B54A
:1043C000036803F07F035A1C03440D4600F15007B5
:1043D0008021702A044683F8501007EB02005DD854
:1043E000C2F170020021F0F7E1FFD4E90013D4E933
:1043F0000262580FD200DB0042EA567240EAC60061
:1044000043EA5173C90000BA12BA09BA1BBAC4F818
:10441000C400C4F8CC10C4F8C020C4F8C830394671
:104420002046E9F771FC0646002832D1236962690B
:104430001BBA12BA2A606B60A369E2691BBA12BA8E
:10444000AA60EB60236A626A1BBA12BA2A616B61C6
:10445000A36AE26A1BBA12BAAA61EB61236B626BB0
:104460001BBA12BA2A626B62A36BE26B1BBA12BA56
:10447000AA62EB62D4F8D0305BB9236C626C1BBAD1
:1044800012BA2A636B63A36CE26C1BBA12BAAA63FA
:10449000EB632046FFF73DFF3046F8BDC2F18002D6
:1044A0000021F0F783FF39462046E9F72DFC064648
:1044B0000028EED101467022384694E708B5ECF7A3
:1044C000BDF9002818BF6FF0040008BD38B50846D4
:1044D00014461D461146C5F7B1FD08B92C6038BD1C
:1044E0006FF08300FBE730B587B01D460DF1170371
:1044F00003920024009303AA0DF116038DF81740D0
:10450000EAF7AEF950B99DF8170005B128709DF88B
:1045100016200399E7F71AFD07B030BD2046FBE7E8
:1045200000230B606FF08600704710B44468240AC3
:1045300002D110BC00F0EEBB6FF0860010BC7047DB
:104540002DE9F84300F4E049B9F5804F05460C46E3
:1045500090461F4612D100F44F43B3F5824F02D16B
:10456000C3B2412B0AD0FB0705D57B0844B1E21D3D
:10457000B3EBD20F05D06FF0860562E03B46F5E75E
:10458000DC0080210120E9F78FFA064600287ED062
:10459000FFF7CEF905F44F43B3F5824F07D1E8B2E8
:1045A000302859D00DD8122815D017285CD06FF0BC
:1045B00086043046FFF7FFF93046E9F77BFA2546D7
:1045C0003FE04128F3D1B4F5807F52D0B4F5E07FCD
:1045D0000ED0FF2C0BE040F209239C4208D036D8C5
:1045E000B4F5807F04D02FD824F02003C02BDED177
:1045F0002146FFF737FD0146002843D03046E8F753
:1046000091FAEBF7A3FA054600283ED1B9F5804FA1
:1046100031D106F168093B46424649463046E8F743
:10462000ABFDEBF793FA04460028C2D14946304669
:10463000E8F73CFEEBF78AFA04460028B9D1089B5C
:104640001E602846BDE8F883B4F5C07FCFE7B4F517
:10465000047FACD11C46CBE724F08003B3F5807F08
:10466000C6D0B4F5007FC2E7C02CC1D0B4F5807FBE
:10467000BDE7FF24BCE730783B4642463146E9F7C8
:1046800045F9D7E76FF0850493E7044691E76FF0AB
:104690008C05D6E77FB51E460023039303AB00933A
:1046A000054613460A4641880088FFF749FF04463D
:1046B000A8B92888039900F44F42B2F5824F0B6CD9
:1046C00003D1C0B2412808BF01330A9A1360099B85
:1046D00000932888089B3246EAF716F90446039DA2
:1046E0002846FFF768F92846E9F7E4F9204604B0C0
:1046F00070BD7FB51E460023039303AB00930546B0
:1047000013460A4641880088FFF71AFF0446D8B9C5
:104710002888039D00F44F43B3F5824F08BFC0B211
:10472000099B009308BF40F48240089B18BF4FF4D8
:10473000824032462946EAF7E7F804462846FFF762
:104740003AF92846E9F7B6F9204604B070BD2DE9DC
:10475000F04389B013460022039203AA00920A464E
:1047600041880088DDF84890FFF7EAFE04460028FB
:1047700040D1039DEA6B04AF0732384606AE4FEADC
:10478000D208FDF701FC3046FDF7FEFB139BB3EBAF
:10479000480F33D1424649463846FDF71FFDEBF737
:1047A000D5F90446D0B9424609EB08013046FDF779
:1047B00015FDEBF7CBF9044680B92846EAF79AF9DC
:1047C000044658B9DDE9101205F16803CDE9007619
:1047D0002846FEF701FEEBF7B9F904463846FDF727
:1047E000D8FB3046FDF7D5FB2846FFF7E4F828460E
:1047F000E9F760F9204609B0BDE8F0836FF0940452
:10480000ECE72DE9F043B9B0DDE9408904460E46F6
:1048100017460021E02268461D46F0F7C7FD2146F5
:10482000C9F800806846EAF71DFA044630B16846C8
:10483000EAF7FEF9204639B0BDE8F0833A46314642
:104840006846EAF749FA04460028F0D14B4642464A
:1048500029466846EAF758FA04466846EAF7E8F94E
:10486000002C08BF0446E5E7EAF744BBEAF742BB81
:1048700038B51C460368154623B1EAF793FA00B928
:10488000256038BD6FF08800FBE72DE9F043E1B00B
:10489000044698460D46164600214FF4BC7202A805
:1048A000DDF8A4916B9FF0F781FD2146CDF80080E3
:1048B00033462A4602A8EAF71DFB044648B9B9F177
:1048C000000F0DD16A993A4602A8EAF76BFA04463E
:1048D00078B102A8EAF7E4FA204661B0BDE8F083B7
:1048E00068994A4602A8EAF705FC04460028E9D080
:1048F000EFE76C9B1F60ECE700F4E040B0F5805FF1
:1049000004D0A0F500535842584170470120704729
:1049100020F47E10B0F1052F08D10C2909D0082908
:1049200014BF6FF086006FF0850070476FF0850050
:104930007047002070473AB1002918BF0023D21AEF
:1049400021211844F0F732BD704738B513464FF4B3
:1049500080420D46EAF7D0FF044640B92868436814
:104960001B0A04D000F076FF2C606FF0850420460F
:1049700038BD2DE9F04F89B09B4600238DF81B30E0
:10498000159BDDF85080002B91460B460E460CBF60
:104990004FF400624FF4806207A9DDE912A7EAF73D
:1049A000ABFF044610BB079D0DF11B022988304662
:1049B000EBF75CF80446C8B99DF81B30BB4227D81A
:1049C0006868D5F88420000A05F1200123D1CDE9DB
:1049D0000338CDE901BACDF8009033462846FFF7F9
:1049E00054FF10F1860F044600D008B1C8F80070DB
:1049F000D8F800303A4621465046FFF79CFF07980A
:104A000000F028FF002C18BF204609B0BDE8F08F49
:104A10006FF08904EAE76FF08604E7E72DE9F341D8
:104A2000002313604668D0F8148004460F463046D1
:104A3000114600F011FF054688B9304600F00EFF20
:104A4000054660B9F6B276B9B8F1000F05D1A06895
:104A500020F47F4020F0030060B16FF08605284607
:104A600002B0BDE8F0810146606900F0CDFE00288B
:104A7000EDD1F2E762884FF6F8739A4219D894F8AC
:104A80000480B8F1000F00D101A83946EBF76CFFA4
:104A900005460028E3D10FCC3F683E460FC694E898
:104AA000030086E80300B8F1000FD8D1019B7B61B9
:104AB000D5E76FF08505D2E742F20403984226D08D
:104AC0001ED841F20523984209D8B0F5905F09D26B
:104AD00041F2010398420CD0B0F5885F09D06FF025
:104AE00085007047A0F5905080B22923C340DB07B2
:104AF000F5D511F0070F0CBF00206FF0860070474E
:104B0000B0F5105FEBD121F04003802B06D0B1F55A
:104B1000807F0CBF00206FF0860070470020704738
:104B2000612A08B506D8C0F884202030B7F718FEEF
:104B3000002008BD6FF08500FBE72DE9F047044633
:104B4000DDE9099A058888461F4616460AB32846B5
:104B5000FFF7D2FE80B1D100CAF800102088FFF71D
:104B6000ABFF044628B941463846B7F7F9FDC9F806
:104B700000602046BDE8F0876B040AD505F44F4578
:104B8000B5F5824F05D13B462046BDE8F047FFF71B
:104B900081BD6FF08504ECE710B5D0F88430044691
:104BA0001BB161212030E8F773FF0020C4F88400B6
:104BB00010BD38B50546FFF7EFFF2B7E012B0446ED
:104BC0000ED0023B012B0ED8EB69012B18BF6FF002
:104BD0009604882200212846F0F7E8FB204638BDDD
:104BE000EB69002BF2E76FF09604F2E713B5044689
:104BF000A0B101A9EBF7FEFE044678B90198037E47
:104C0000022B0ED1032303760379FF2B08BF6FF02D
:104C1000840400F00AFE002818BF0446204602B0B3
:104C200010BD6FF09604F4E773B5054608460C46D0
:104C300000F0E6FD00231A4601A92846EAF75CFECB
:104C400050B9019E35460FCD0FC495E8030084E8A6
:104C50000300304600F0FEFD02B070BD70B5144692
:104C60000288049E10461D46FFF746FE68B922F4EE
:104C7000405044F20103984207D002F44F42B2F58B
:104C8000824F02D0B2F5844F0ED1B4420FD82246E3
:104C90002846B7F765FD321B00212819F0F786FB7F
:104CA000059B00201C6070BD6FF08500FBE76FF076
:104CB0008900F8E72DE9FF4188461F46164632B3C2
:104CC00000233B60012203A9EAF716FE044660B9FF
:104CD000039D6B68D5F884201B0A05F1200108D0DC
:104CE000284600F0B7FD6FF08604204604B0BDE80A
:104CF000F0814346CDE900672846FFF7AFFF044641
:104D0000284600F0A7FD002C08BF0446EDE76FF031
:104D10008904EAE72DE9F047048804F4E04CBCF587
:104D2000804FDDE908890F4615461E4624F4405E93
:104D300044F2010C1BD1E64507D004F44F44B4F50E
:104D4000824F02D0B4F5844F1FD145451AD82A4668
:104D500039463046B7F704FDA8EB0502002170196B
:104D6000F0F724FBC9F800500020BDE8F087E645C5
:104D70000BD004F44F44B4F5824F06D1BDE8F047A0
:104D8000FFF7B7BC6FF08900EFE76FF08500ECE745
:104D9000F0B50F4685B01E4615461AB300233360A2
:104DA0001A4603A9EAF7A8FD044638B90398038810
:104DB0005B0406D400F04EFD6FF08604204605B07B
:104DC000F0BDCDE900563B46D0F8842000F120012B
:104DD000FFF7ABFB0446039800F03CFD002C08BF36
:104DE0000446EBE76FF08904E8E72DE9F0411F4640
:104DF00088B00023CDE90533054688463B6016465A
:104E0000002A5BD0B2F1005F5BD206AA05A9FFF7CA
:104E100005FE044640B9059C6B68D4F8842082B92D
:104E20001B0A07D06FF086040598002842D0FFF7D0
:104E3000C0FE3FE0612E02D96FF08504F4E7C4F8AC
:104E400084606A6863880793120A04F1200354F8A7
:104E5000841FE7D107AACDE90142009132464146BD
:104E60002846FFF76AFE04460028DDD10599079B16
:104E70004A88D2B94B800799059A4FF6F873994240
:104E8000DAD82B8813B111889942CBD16B8813B132
:104E900051889942C6D153693B60137E012B07D0DC
:104EA00000233B606FF09604BEE79A42BAD1E2E776
:104EB00002231376204608B0BDE8F0816FF0860427
:104EC000F8E76FF08504F5E72DE9F04F0D468446CD
:104ED000164688460FCD8BB004AC0FC495E803008E
:104EE000002784E8030037603B460222694660469B
:104EF000CDE90077CDE90277EAF7FEFC0446002809
:104F000049D1B8F80030009C13B122889A4259D197
:104F1000B8F8022063880AB19A4253D1ADF8123032
:104F20002788DDF81CA0D4F80C90ADF810704A4624
:104F300051463846EAF71EF9DDF820B0D4F8108063
:104F40000546424659463846EAF714F92DB9BAF1F2
:104F5000000F02D0B9F1000F34D128B9BBF1000F16
:104F600002D0B8F1000F2DD1A268069B0890134023
:104F700001A902AA04A8CDE90635FFF74FFD0446B2
:104F800048B9DDE900757B686A681B0AB3EB122F2C
:104F900008D06FF085040198002833D1009800F004
:104FA00059FC2BE0059B1B0A0FD003A904A8FFF7AF
:104FB000B7FA04460028EED1039B019A612BE8D88A
:104FC000C2F884306FF08604E5E7D7F8842007F153
:104FD00020012846FFF7A4FD04460028DBD16B69B9
:104FE00033602B7E012B03D030606FF09604D2E744
:104FF00002232B76384600F02DFC044620460BB0E9
:10500000BDE8F08FFFF7D5FDC8E710B5044600688E
:1050100038B1012806D104F10800E9F709FE0023A0
:10502000236010BD6FF08800F9E738B50C460168C1
:10503000054699B904F0FE43B3F1007F14D100F1A5
:105040000803E0221846F0F7B1F92146E9F70AFE15
:10505000044628B901232B60204638BD6FF0880430
:105060002846FFF7D2FFF7E76FF08604F8E738B578
:105070000546006880B112B90024204638BD0128D9
:105080000AD105F10800E9F727FE04460028F3D00D
:105090002846FFF7BAFFF0E76FF08804F8E738B565
:1050A00000241C600546006870B1012809D105F193
:1050B0000800E9F729FE04462846FFF7A6FF204628
:1050C00038BD6FF08804F7E76FF08804F7E730B475
:1050D000039C0025256000F0FE44B4F1007F02D15E
:1050E00030BCFFF78EBB6FF0860030BC704710B548
:1050F0000446006868B101280CD104F10800E9F702
:10510000CFFE00232360A38823F4FF7323F0010361
:10511000A38010BD6FF08600F3E72DE9FF4105463F
:105120009846002303932B6808461746002B3DD171
:10513000B8F1000F134603A914BF4FF480624FF477
:105140000062EAF7D9FB044690BB039E2A1D318812
:105150003846EAF78BFC044650BB6B7968F30003D2
:105160006B71D6F88430716806F12002B8F1000F37
:1051700013D0090A23D10097314605F10800FFF743
:1051800073FB0446A0B9012303982B6000F062FB77
:105190000446204604B0BDE8F081090A0FD100970B
:1051A000314605F10800FFF761FBEAE76FF088047C
:1051B0002846FFF79CFF039800F04CFBE9E76FF0EF
:1051C0008604F5E70123FFF7A8BF38B50546006858
:1051D00098B112B90024204638BD01280AD105F142
:1051E0000800E9F787FF04460028F3D02846FFF7B8
:1051F0007EFFF0E76FF08604F8E76FF08804EAE7D7
:105200002DE9F041054600680E4617469846C8B19C
:105210006A79D20716D52A79A2B1BA4215D80128DF
:1052200016D105F10800FFF723FB044698B10023CF
:10523000C8F800702B71A6B92846FFF758FF204622
:10524000BDE8F0816FF08804F1E76FF08904EEE7C4
:105250006FF08604EBE726B92846BDE8F041FFF77A
:1052600046BF2146D8F800303A463046FFF763FB88
:105270002846FFF73CFF002C08BF0446DFE71FB5B8
:1052800001240394089C0294079C0194069C0094BA
:10529000FFF76FFB04B010BD2DE9F04F89B0DDE9D9
:1052A00014780E469A4600230446C8F8003011468A
:1052B0003046DDE912B91546EAF7DEFAA0BB002F49
:1052C00043D0002E20462B4614BF4FF480624FF48B
:1052D000805207A9EAF710FB0446C0B90798038873
:1052E00003F4E043B3F5E04F2CD14368D0F88420B9
:1052F00000F120011B0AD6B123BBCDE90378CDE92B
:1053000001B9CDF800A02B46EAF7BCFD0446D8F859
:1053100000303A4621464846FFF70DFB079800F05B
:1053200099FA002C18BF204609B0BDE8F08F4BB9A0
:10533000CDE90378CDE901B9CDF800A02B46EAF715
:1053400071FDE3E76FF08604E1E76FF08900EBE7BA
:105350001FB5089C0394079C0294069CCDE9003479
:1053600013460A460021FFF797FF04B010BD2DE950
:10537000F041804686B000200D4616461F46EAF7EB
:105380007BFA0446A0B92B464FF4005205A94046CB
:10539000EAF7B2FA044658B905984368D0F8842071
:1053A0001B0A00F1200107D000F054FA6FF08604C8
:1053B000204606B0BDE8F0810D9B03930C9B009640
:1053C000CDE901732B46EAF7B3FD0446059800F0DA
:1053D00041FA002C08BF0446EAE72DE9F04F8DB0F2
:1053E0001E46DDF870A000238346CAF80030084648
:1053F0000D469046EAF7D0F9DDE91A97044698BBC6
:105400002B464FF480720BA95846EAF775FA04460A
:1054100050BB31462846FFF77BFA044608BB0B9881
:105420004368D0F884201B0A00F1200120D1199B89
:105430000593189B0493179B0393169BCDF8189024
:10544000CDE90163CDE9077ACDF800802B46E9F775
:105450005FF9044628B127B13A4600214846EFF7E4
:10546000A5FF0B9800F0F6F920460DB0BDE8F08FCF
:105470006FF08604EFE72DE9F04F8DB01E46DDF8A2
:1054800070A000238346CAF8003008460D469046B7
:10549000EAF782F9DDE91A97044698BB2B464FF4E8
:1054A00000720BA95846EAF727FA044650BB31466A
:1054B0002846FFF72DFA044608BB0B984368D0F83E
:1054C00084201B0A00F1200120D1199B0593189B11
:1054D0000493179B0393169BCDF81890CDE90163B5
:1054E000CDE9077ACDF800802B46E9F75BF9044651
:1054F00028B127B13A4600214846EFF757FF0B98ED
:1055000000F0A8F920460DB0BDE8F08F6FF08604DA
:10551000EFE7036819430CBF01200020704707B56F
:10552000009313460022EAF769FD03B05DF804FB1F
:105530002DE9F04788B007469A460023079307F005
:10554000FE43B3F1106FDDE91058129E08469146F4
:105550000BD0002D5AD13560284600F07BF96FF052
:105560008604204608B0BDE8F0873A4607A9FFF751
:10557000ECF9044630B1002D41D13560079800F0B8
:1055800069F9EEE70798038823F0FF03B3F5E24FCC
:1055900002D0B3F5E44F0BD143880733B8EBD30FF8
:1055A00006D2B5BB356000F055F96FF08904D8E735
:1055B00027F01F6323F4702333B16DBB356000F017
:1055C00049F96FF08504CCE74368D0F884201B0AC2
:1055D00000F12001F1D1CDE90386CDE901A5CDF897
:1055E00000903B46EBF770F804463DB907983560EC
:1055F00000F030F9002C08BF0446B2E778B141460C
:105600002846EAF71BF9C6F80080B7E76FF0860472
:10561000F5E76FF08904F2E76FF08504EFE707988C
:1056200000F018F904469CE7EAF708B970B5058858
:10563000069904462846DDE90462FFF75DF928B1C2
:1056400030461146BDE87040EAF7F8B825F0FF058E
:10565000B5F5E24F06D10B4620463146BDE8704015
:10566000E9F796B96FF0850070BD2DE9F04788B075
:105670001F46DDF840800023C8F80030CDE905332F
:10568000438805460E469146002B00F0B6800388FD
:1056900003F4E043B3F5804F00F0AF803946304665
:1056A000FFF737FF002800F0A88006AA05A92846C2
:1056B000FFF7B4F9044630BB059A6B68D2F8842032
:1056C000002A3DD11A0A40F08480B5F800A069880C
:1056D0005046FFF711F978B15046FFF7EDF904464F
:1056E00088B90AF4E043B3F5805F02D0B3F5005FF8
:1056F0000FD10731CA081CE02AF0FF03B3F5E24FCF
:105700005AD06FF085040598002872D0FFF751FA3F
:105710006FE00AF44F43B3F5844FEAD047F2010338
:105720009A452DD149080131C90801EBC10101F1A8
:105730003B020792079B059A612BE2D8C2F884309E
:105740006A68059B120A03F1200153F8840F48D1BF
:10575000CDE9010300913B464A4631462846FFF712
:1057600065FF044600283ED1059B5A69C8F8002011
:105770001A7E012A3BD0C8F800006FF09604C2E7F9
:1057800044F201039A4503D1C90801F11002D0E7A0
:1057900047F202039A4505D1C90801EB410101F125
:1057A0005A02C6E744F202039A4505D1C90801EB43
:1057B000410101F14A02BCE72AF0FF00B0F5E24FD7
:1057C00097D0B0F5824F01BFCC1DE4086400621C85
:1057D000AFE707A92846FEF7A3FE04460028A9D094
:1057E00091E76FF086040598FFF7D6F98BE7022260
:1057F0001A76204608B0BDE8F0876FF08604F8E717
:1058000018220021EFF7D2BD03466FF04042084650
:10581000591E914207D338B103F1404393428CBFE4
:1058200000200120704701207047034668B1017EC7
:105830008A1E012A0BD80329C26903D1012A01D18A
:10584000FFF7B7B91AB1013ADA61002070476FF07B
:1058500096007047FFF7E9BF00207047C0B20028EC
:1058600014BF6FF085000020704700230360436081
:105870008360704710B5044668B1006810B1616874
:10588000FEF7A6F9A068E8F715F920460C21BDE857
:105890001040E8F7FDB810BD0023C0E90033836075
:1058A000704710B5044658B103681BB19B6A0BB131
:1058B0004068984720460C21BDE81040E8F7E8B85A
:1058C00010BD034608461BB11B680BB1DB681847C7
:1058D000002070471FB500240294079C0194069C89
:1058E0000094EBF7BBFB04B010BD10B1006800B131
:1058F000007870477FB50D46164607C801AC84E8AE
:1059000007002046FFF7F1FF023802280AD8029963
:10591000334608782A46E7F7F9FF08B1A0F5745036
:1059200004B070BD00231B78FFDEF0B54568A3B05E
:105930000E46287869461746FEF785FB0021044687
:1059400016220DF10E000191EFF730FD012344F412
:10595000E24405933A4601AB314603A8ADF80C404A
:10596000FFF743FA18B1E8F7D3F823B0F0BD019878
:1059700002AB612209A9FFF70BFA04460198FFF771
:1059800035F90CB12046EEE70028ECD1029B09AABC
:1059900005F168012846E7F7EFFBE6E738B544680C
:1059A00004F16805134620460A462946E7F7E4FB5A
:1059B00028B929462046BDE83840E7F777BC38BD0E
:1059C000CA0448BF41F480618B0448BF41F40061C0
:1059D00081607047023802288CBF00200120704788
:1059E0004368D86B7047023801288CBF0020012023
:1059F0007047031F58425841704710B50446FDF7E1
:105A0000DAFF2046BDE81040E8F754B810B5802111
:105A10000120E8F749F8044608B1FDF789FF204660
:105A200010BD2DE9F043D0F804904F46A1B017F80F
:105A3000680B06A915461E46FEF705FB0DF11C086E
:105A4000612304460193CDF8008005AB002239465E
:105A50004846E7F737FB58B9299B0393289B0599DC
:105A60000095CDE901632246069B4046EBF746FDD3
:105A700021B0BDE8F08303784078303B092BA0F1DA
:105A8000300005D8092803D80A2202FB030070471A
:105A90004FF0FF30704708B5FBF752FE08B1A0F594
:105AA0000C5008BD7FB50023144601AA01938DF860
:105AB00008300393FBF7BFFD18B1A0F5145004B0F4
:105AC00070BD019D2060002DF9D0039E0346F15C5E
:105AD000DA009140226801330A439D422260EED0F1
:105AE000042BF4D1EBE70368042B02D1C069FBF768
:105AF00071BE704770B50024944201D1002070BD82
:105B0000035D0D5DAB4283EA050606D0202E06D16B
:105B100023F02003413B192B01D80134ECE74FF06F
:105B2000FF30ECE770B5002500231C460646013027
:105B30003278303AD2B2092A14D833B914B14FF0BE
:105B4000FF3070BD13460124F0E7013403EB8303FB
:105B5000E4B202EB4302032C93B2E7D1FF2BEED861
:105B6000064603E0FF2BEAD8002CE8D0013501F807
:105B7000013BEDB2042D337804D02E2B06F1010049
:105B8000D2D0DCE7181E18BF01204042D9E7F8B593
:105B900005460C462A6823689A4234D163686A68CD
:105BA0009A4230D1A168A868EFF750FB58BBEF6864
:105BB000E668B74208D123692A699A4204D161692B
:105BC0006869EFF743FB80B10C2F01D0132F1AD176
:105BD0000C2E01D0132E16D123692A699A4212D1B4
:105BE00061696869FFF786FF68B92A7F237F9A4257
:105BF00009D1AD69A46925B9201E18BF0120404212
:105C0000F8BD002CC6D14FF0FF30F9E770B54568FC
:105C1000954206460C4604D181682046FFF76AFF8C
:105C200028B32046B6F76CFB022D024609D9B068AE
:105C300003782A2B05D143782E2B02D100239A42D8
:105C400002D14FF0FF3012E0E15C2E2901D0013388
:105C5000F5E7002BF5D0013DD21AAA42F1D1E118A7
:105C60000130FFF747FF003818BF0120404270BDE8
:105C700070B5064686B008460C46FFF736FE831E12
:105C8000DBB2022B0FD82046FFF72FFE07286D4608
:105C90002AD1002118222846EFF788FBA068294660
:105CA000FEF7C2FF18B14FF0FF3006B070BDBDF86F
:105CB0000000BDF8021000F44F43B3F5824F18BF47
:105CC0000020C0B2FEF7CEF904462846FFF798FD43
:105CD000002CE8D0B268013C0123A34013420CBF62
:105CE0004FF0FF300020E0E794E8070085E8070068
:105CF0002846FFF7FAFD0238022802D8019B1C78DB
:105D0000E6E700231B78FFDEF0B50F4685B03A21A9
:105D10000546EFF71FFC48B939462846FFF702FF52
:105D2000B0FA80F04009800005B0F0BD4FF0FF34BC
:105D30000026002108462B4615F801CBACF13002B5
:105D4000D2B2092A08D90CF0DF02A2F1410CBCF151
:105D5000050F09D8373AD2B2013142EA00100429BE
:105D600080B2E8D12B4600E051B340BA2DF81600BE
:105D700018780DEB4601721C002869D02E2817D127
:105D8000062A09DCA3F1040C1D4613F8010D3A287C
:105D900004D06345F8D170B30020C5E72846FFF76B
:105DA000C1FE08BB651CF7D0B21C062A25DDF3E74F
:105DB0003A28F1D1082A03F101053DD026460AE030
:105DC0000134E9D11A783A2AE6D15A7836B1002A54
:105DD00038D05D1C324634461646AAE73A2ADBD153
:105DE0009A7892B39D1CF5E72B78002BD4D1601CD8
:105DF000D2D0324601E0611CCED0C2F10806121B9F
:105E00000DEB440506D0A019520029460DEB4000C9
:105E1000EFF74CFA720000212846EFF7C7FA6A46FE
:105E200004AC134603CBA342386079601A4607F1ED
:105E30000807F6D1102077E75B78002BACD101344E
:105E4000AAD1ECE734463246AFE708266D46E1E7D3
:105E5000631CAAD1082AF3E74FF4CC720021EFF7B4
:105E6000A5BA70B50546044604B970BD04F1CC006E
:105E7000FFF717FDA06EFBF7ADFCD4F88800FBF729
:105E8000A9FCD4F87801FBF753FCD4F80801FBF720
:105E90004FFCD4F85801FBF74BFCD4F83001FBF76A
:105EA00047FCE06820B1236813B1A168FDF790FEBC
:105EB0004FF4CC712046D4F89461E7F7E9FDAC4289
:105EC00002D02046E7F7F6FD3446CDE707B50023BC
:105ED000CDE900330123ECF775F903B05DF804FB5D
:105EE0008068183820F007001038704738B515461C
:105EF0000C4661B15AB1F4F70FFF2544214611F861
:105F0000013B834203D1A942F9D1012038BD0020D1
:105F1000FCE738B50C460123114622460546F4F746
:105F20009DFE00280FDB012221462846FFF7DEFFF9
:105F300038B92378012B14BF0223012323700020DA
:105F400038BD0323FAE70120FAE72DE9F7431D46A0
:105F500006460F469046F4F7D6FE6C1E04444042B7
:105F60000440082C1AD83046F4F7D6FE2A4681465B
:105F700041466846B6F7F4FB621B49460DEB050047
:105F8000EFF714FA23466A4639463046F4F77BFEAB
:105F9000003818BF012003B0BDE8F0834FF0FF3098
:105FA000F9E707B501238DF8042001AAFFF7CDFF1B
:105FB00003B05DF804FB81681839012221F0070164
:105FC000FFF7EFBF8268183A22F00702FFF7A1BF80
:105FD00001460020ECF758BE30B5026A0346D2E90C
:105FE000014084424FF0000002D30123D36030BD52
:105FF0001874506801305060186A4268541E026874
:10600000242505FB042218465C1950F8045B42F86D
:10601000045BA042F9D199600120E8E7F0B506469B
:1060200004460F4694460FCE8BB001AD0FC50FCE80
:106030000FC5216A33684A682B602068A56822B9B9
:106040000223CB6000200BB0F0BDFB0713D50B681B
:106050002426013A06FB02337E0703D41A7C0AB1D8
:106060000F23EEE7224603F1240153F8046B42F8B4
:10607000046B8B42F9D1B90741BF226A536803F11F
:10608000FF335360AC4505D2236A002BDAD00422DB
:10609000DA60D7E77A0748BF20603B0701D40120C8
:1060A000D1E706AB93E80700143484E80700F6E76D
:1060B0008168FFF791BF82680121FFF7AFBF826857
:1060C0000221FFF7ABBF10B502601A44029B836048
:1060D00001294FF00003C26003740375836101D886
:1060E000036210BD24224A43243A84180462835078
:1060F000026A8C1E9460026A5360026AD360026A6C
:1061000001241474026A022953741EBF036A2430E6
:106110001860E6E7182871F100030ED3B0F5807F10
:1061200071F100030BD3B0F5803F71F1000308D388
:10613000002914BF09200520704701207047022064
:1061400070470320704737B508294FF000044FF01F
:106150000005CDE900450A460AD801466846B6F76B
:10616000FFFADDE9000103B0BDE83040FFF7D2BF20
:10617000002003B030BD2DE9FF410A9F1C460023DB
:10618000CDE901330D9B009390460B46024606462F
:106190000D4638460C99FFF796FF0B9B4146384653
:1061A0009847034640B93A6A12B1D068D36000B943
:1061B0001F2004B0BDE8F0810CB90020F9E73B686E
:1061C0009B1BAB4294BF23602560F6E7034600208B
:1061D000884200D170471A5C002AFBD00130F7E7F3
:1061E00000B1C16070474368036083680133836016
:1061F000006AFFF7F5BF08B50268C3689A4205D385
:10620000006A0821FFF7ECFF002008BD0120FCE731
:1062100038B504460D46FFF7EEFF40B123681B7802
:10622000B5EB531F04D0206A0A21FFF7D9FF0020E5
:1062300038BD38B50D4607210446FFF7E9FF48B1E0
:1062400023681B7803F01F039D4204D0206A0621B7
:10625000FFF7C6FF002038BD10B50446FFF7CBFF9F
:1062600038B123681A78FF2A05D0206A0A21FFF77F
:10627000B7FF002010BD01332360FBE710B5027D9E
:10628000044632B1FFF7E8FF48B1002323754FF011
:10629000FF3220460721BDE81040FFF7BFBE10BD0A
:1062A0002DE9F84F04460E4691461D46FFF7A3FF21
:1062B000804628B1A36843B90321206AFFF790FF05
:1062C0004FF000084046BDE8F88F2268177807F0C5
:1062D0001F0BBBF11F0F12D12DB3206A08B1037C35
:1062E0000BB11521EAE701232B70002523686360B9
:1062F00001352B442360A368013BA360E2E7BBF1B7
:10630000170F14D9ABF11803D9B203290BD8012503
:106310009D40A94509D3E36805F1010A524493421F
:1063200007D20821C9E70721C7E70521C5E70025EE
:10633000F1E74A4600213046EFF738F815B986F8FC
:1063400000B0D2E72268711E531913F8010901F851
:10635000010F9A42F9D1236A13B11B7C002BC5D0DF
:106360000737FFB2022FC1D949463046FFF7EBFE8F
:106370008245BBD01521A0E738B50C46114605462D
:10638000FFF746FF08B9002038BD04220023A118FA
:106390002846FFF785FF0028F5D02B682360F3E738
:1063A00037B5002304468DF80330FFF731FFA8B15D
:1063B00004220DF103030DEB02012046FFF770FFED
:1063C00060B19DF8035065B901992046FFF704FEBE
:1063D00050B963682360A3680133A360002003B051
:1063E00030BD6FF00F01F0E72575F8E738B50446CA
:1063F0000D46FFF7C1FF48B12268E3689B1A6A683F
:106400009A4204D908212046FFF7EDFE002038BD4E
:1064100038B504460D46FFF7E9FF18B123686A68EE
:106420001344236038BDF8B505460C461646FFF701
:10643000E2FE48B12B681B783F2B4FEA531705D972
:10644000286A0A21FFF7CCFE0020F8BD002332465F
:1064500021462846FFF724FF0028F5D0A21912F99B
:10646000013C5EB1002B09DB012FEED121460B78F8
:10647000DB4301F8013B9142F9D1E6E705212846CB
:10648000FFF7B1FEE0E70422FFF7CDBF0822FFF7D8
:10649000CABF70B50D46002104461646FFF7B8FE88
:1064A00038B13246294620460023BDE87040FFF748
:1064B000F7BE70BD0422FFF7ECBF0822FFF7E9BF6B
:1064C00073B56946044616461D46FFF7F6FF48B108
:1064D000DDE90023AB4208BFB24204D00B212046C5
:1064E000FFF781FE002002B070BD0A460023FFF7CF
:1064F000E7BF0222FFF78CBF0322FFF789BF042109
:10650000FFF74EBF10B505210446FFF749FF50B114
:10651000237D4BB9A3686FF00042934205D3052158
:106520002046FFF760FE002010BD5B00A360FBE784
:10653000037D23B98068B0FA80F040097047036892
:10654000C268934205D21878A0F1FF03584258411F
:10655000704700207047FFF791BEFFF78FBE4FF0E6
:10656000FF320721FFF75ABD70B50D4607210446DB
:10657000FFF74EFE48B123681E7806F01F06182E5E
:1065800005D9206A0A21FFF72BFE002070BD0023E9
:10659000012229462046FFF783FE0028F5D0182E59
:1065A000F4D12B781F2BF1D815212046FFF71BFEC5
:1065B000EBE737B50D460DF107010446FFF7D4FFB1
:1065C00038B19DF80730AB4204D00B212046FFF7CD
:1065D0000AFE002003B030BD1621FFF7EABF37B531
:1065E0000C460DF107010546FFF7BEFF58B19DF8B7
:1065F0000730143BDBB2012B8DF8073006D90A2196
:106600002846FFF7F0FD002003B030BD03F0010382
:106610002370F9E770B50D4619210446FFF709FE0E
:1066200038B1294620460023BDE870400222FFF71A
:1066300037BE70BD37B50D460DF10601FFF7EAFF15
:10664000044620B1BDF80600ECF73AFB286020466E
:1066500003B030BD70B50D461A210446FFF7E9FDC1
:1066600038B1294620460023BDE870400422FFF7D8
:1066700017BE70BD70B50D461B210446FFF7D9FD4E
:1066800038B1294620460023BDE870400822FFF7B4
:1066900007BE70BD37B50D4601A90446FFF7CAFF16
:1066A00038B10198B6F70EFBC5E90001012003B02F
:1066B00030BD01A92046FFF7CDFF0028F1D12946C2
:1066C0002046FFF7D7FFF2E738B50D46062104460E
:1066D000FFF79EFD08B9002038BD0023042229469B
:1066E0002046FFF7DDFD0028F5D0A3680133A36045
:1066F000F2E7F0B58FB00446FFF77DFD00285DD0CE
:1067000023681D7800220023CDE902236D0923466A
:1067100005AA04F1200718685968164603C608330D
:10672000BB423246F7D118683060062D1CD02A1FB4
:106730000023012A4FF008028DF804300DEB02010E
:1067400098BF01AB05A8FFF7ABFD0646002835D082
:10675000042D3BD019D8023D012D21D9059B236082
:10676000A368013BA3602AE001A905A8FFF7ACFFDD
:1067700020B3059B089A934204D30821206AFFF7AF
:106780002FFD1BE01D786D09CFE7052DE6D1DDE972
:106790000232B3F1004F72F1000113D32946EDE745
:1067A000E3682168029A5B1A9A4203D8059B134456
:1067B0000593D3E708212046FFF715FD0026304654
:1067C0000FB0F0BDDB185241CDE902329DF8045004
:1067D00025B16FF00F020023CDE90223029B07933E
:1067E0008DF8285005A8FFF7A3FE014638B1002D0B
:1067F000B4D005A8FFF730FD0028AFD1DEE705A82B
:10680000FFF777FF0028EDD1D8E7FFF75CBC00B1B8
:10681000C160704770B505460E46104619461446CD
:10682000FFF791FC2246431E31462846BDE87040E2
:10683000ECF770BAF8B51746C36802689A42044686
:106840000D4606D3206A0821FFF7E1FF00263046F7
:10685000F8BD9B1A4A689A42F4D80E4656F8043B93
:1068600053B104213046FFF76EFC6A682368134475
:10687000E26803449A42E5D332460423394620466F
:10688000FFF7C8FF06460028E0D020682968884244
:1068900002D06A68EEF70AFD23686A681344236031
:1068A000D5E737B50191002104461546FFF794FB63
:1068B00010B9002003B030BD04230DEB03022946BC
:1068C0002046FFF7A7FF0028F3D0A368013BA36091
:1068D000F0E72DE9FF4183680191042A4FF004019C
:1068E00018BF5B080668039304460DEB01001746CA
:1068F000FFF729FC0421054603A8FFF724FC4FF00D
:10690000FF32804603212046FFF788FB40B16B1E13
:1069100008F1FF32934208D2206A0421FFF777FF83
:106920000027384604B0BDE8F0813946042303AAA5
:106930002046FFF76FFF07460028F1D0454509D0F4
:106940002068A5EB08010144761A3246EEF7AEFC4A
:1069500023681E442660E4E7082A73B513460C46F4
:1069600006D9006A0521FFF752FF002002B070BD72
:106970008E1816F9012C002A0FDA0A4669460C46D1
:10698000B24204D101212246FFF744FFEEE712F89C
:10699000015BED4301F8015BF2E70021F3E71346E9
:1069A0000A460021FFF736BF0422FFF7F8BF08228E
:1069B000FFF7F5BF07B5042201910DEB0201FFF7C8
:1069C000CBFF03B05DF804FB07B5CDE900236946B2
:1069D0000822FFF7C1FF03B05DF804FB07B50422EE
:1069E00001910DEB0201FFF7DAFF03B05DF804FB44
:1069F00007B5CDE9002369460822FFF7D0FF03B0B1
:106A00005DF804FB0222FFF715BF0322FFF712BF58
:106A100007B5CDE900126946FFF7F4FF03B05DF852
:106A200004FB07B5CDE900126946FFF7EEFF03B09E
:106A30005DF804FB38B50C46054611462046FFF7C5
:106A4000C5FB214602462846BDE83840FFF7E9BFAE
:106A50000422FFF726BF0522FFF723BF0422FFF71A
:106A600038BF0522FFF735BF4FF0FF320321FFF794
:106A7000D5BA10B50A4609781839072905D9BDE8ED
:106A8000104001230721FFF7C5BE006A1521FFF75B
:106A9000BEFE002010BD07B516230DF107018DF8CD
:106AA0000730FFF7E6FF03B05DF804FB1FB50024D5
:106AB000CDE90144069C0094FFF705FB04B010BD2E
:106AC00008B1C0F715BE7047704740B1C368587829
:106AD00010F001001EBF1878B0FA80F0400970472E
:106AE0007FB50BAB059303930A9B02930023CDE97B
:106AF000003301221846BBF785FC07B05DF804FBA4
:106B000010B5D0E9003433B90020E268537843F07F
:106B10000103537010BD204698470028F4D0002888
:106B2000B8BF4042E368FF28A8BFFF201870ECE719
:106B3000EEF73CBCB5F714BE704710B400F10C047E
:106B4000C0E9034410BCF3F79FBC2DE9F04F89B0B6
:106B5000DDE9126705463B46914606A83246059197
:106B600000F024FCDDE9063405F1140ACDE9023415
:106B7000EFF311844FF0200888F31288BFF36F8F72
:106B800005F10C0B05994A462846F3F715FC30B180
:106B900084F31188BFF36F8F09B0BDE8F08F3E43D7
:106BA000F6D0DDE9022306A800F024FCDDE9066743
:106BB0005A46CDE9006721465046EDF7D9F9EFF383
:106BC000118488F31288BFF36F8FDBE707B5CDE937
:106BD00000230A460421FFF7B8FF03B05DF804FB69
:106BE00038B50446EFF31185202383F31288BFF3F1
:106BF0006F8FF3F7A9FB04F10C0000F047FB30B1F5
:106C0000294604F11400BDE83840EDF72DBA85F3AC
:106C10001188BFF36F8F38BD4169836843EA010271
:106C200012F003020FD1C2600269013A01FB023384
:106C300082689A4201D900207047C2681A6042698E
:106C4000C3609B1AF4E76FF0150070472DE9F0411F
:106C500005460F46EFF31188202383F31288BFF314
:106C60006F8FC668FEB90468A0421CD0DCB1D4E9BD
:106C7000003213605A60637BA66023F002036373E3
:106C8000C4E9006604F1180000F069FB2046C4F86E
:106C9000B060676100F09BFA414605F10800BDE86D
:106CA000F041EDF7E1B93E60AB69EF60013BAB61EC
:106CB00088F31188BFF36F8FBDE8F08108B52024F9
:106CC000EFF3118384F31288BFF36F8FF5F764FA43
:106CD000F6E7D0E9003213605A60427B002322F0CD
:106CE0000202C0E9003342738360704790F90E30AE
:106CF0008B4201D0EDF768B90020704703460020B1
:106D0000C3E90200C3E900337047D0E900321360E1
:106D10005A60427B002322F00202C0E90033427332
:106D2000836070472DE9F843914604469DF8202082
:106D30000D4600F10807EFF31186202181F3128838
:106D4000BFF36F8F02B14568D4F80880474518D06B
:106D5000B8F1000F15D04046FFF7D7FF08F1180033
:106D600000F0FDFA0023C8F8B030C8F8149040468F
:106D700000F02DFA38463146EDF776F90020BDE8EF
:106D8000F883ABB108210020EDF7F2FE002838D0DF
:106D90000122C0F804900260016801F003015DB9AE
:106DA00022680A430260626820606AB960600BE092
:106DB000C9F800304846EFE72A68032A16D8016070
:106DC000616869B9C4E90000042104F1100000F011
:106DD00054FC0028CED186F31188BFF36F8FCEE725
:106DE0000A6802F0030202430A60DFE722F00302AE
:106DF0000A4302602A6802F0030240EA02032B60A1
:106E0000E2E76FF00B00E6E710B5044630B1026828
:106E1000930703D0446809B100F05BFC204610BD25
:106E20000023C0E9003300F10803C0E9023300F198
:106E30001003C0E904337047F8B500F10806EFF31A
:106E40001187202383F31288BFF36F8F8568AE42CA
:106E500000F1100418D0BDB12846FFF756FF05F128
:106E6000180000F07CFA00232846C5F8B0306B61AA
:106E700000F0ADF90821204600F0FFFB394630460E
:106E8000BDE8F840EDF7F0B80821204600F0F5FB2A
:106E90000028F3D187F31188BFF36F8FF8BD07B5D2
:106EA0000123009300230A461946FFF73BFF03B076
:106EB0005DF804FB07B500230A4600931946FFF767
:106EC00031FF03B05DF804FB00680021FFF79CBFB1
:106ED0005AB18A4209D300F11003C0E90212C0E995
:106EE0000000C0E90433002070476FF015007047C0
:106EF000026801238B4022EA0303036022FA01F0B7
:106F000000F001007047704710B5032104460C30B3
:106F1000FFF7EEFF30B104F1100000F020FAB0FAF4
:106F200080F0400910BD20B100221146C03000F0B1
:106F3000DAB9704770B5C368C3F340069B070446CF
:106F400016D4856802210C30FFF7D2FF80B1D5F846
:106F5000B8206AB194421DD122689EB9D5F8BC30E0
:106F6000C5F8B8209C4201D1C5F8BC20002323609D
:106F7000E36813F01F001EBF43F00203E36040F01C
:106F8000020070BD3260D5F8BC20944208BFC5F83D
:106F9000BC60EBE716461268DBE773B50446EFF317
:106FA0001185202383F31288BFF36F8F0023A0F194
:106FB0001006032104380193FFF79AFF28B1A36953
:106FC000019301A93046ECF715FC85F31188BFF356
:106FD0006F8F02B070BD38B504460D4610220021F7
:106FE000EEF7E4F9656038BD13B501900846EFF39C
:106FF0001184202383F31288BFF36F8F01A9ECF76C
:10700000F9FB84F31188BFF36F8F02B010BD10B588
:10701000FFF7EAFF041E08DDEFF31180202383F35E
:107020001288BFF36F8FEDF74FF8204610BD70B593
:107030000D46EFF31186202383F31288BFF36F8F81
:10704000ECF732FC044686F31188BFF36F8F38B13A
:107050004FF0FF324FF0FF3305F11000ECF786FAE6
:10706000204670BD08B5D8220021EEF79FF908BD73
:1070700038B5302204460D460021EEF797F94FF45B
:1070800080736560E36038BD38B50446EFF3118561
:10709000202383F31288BFF36F8FFFF735FF20465D
:1070A000FFF748FF85F31188BFF36F8F38BDF8B540
:1070B00004460D46EFF31186202383F31288BFF3B5
:1070C0006F8FC36803F01F03002B14BF0127002735
:1070D00005D186F31188BFF36F8F3846F8BDFFF7EF
:1070E00013FF2046FFF726FF29462046ECF764FBF6
:1070F00086F31188BFF36F8F0028EED04FF0FF3278
:107100004FF0FF3305F10800ECF730FAE5E7D0E97E
:10711000003213605A60427B002322F00202C0E971
:107120000033427383607047EFF30580003818BF67
:10713000012070477830704710B500238B4202D190
:107140001360002010BDC45CAA2CF9D10133F5E70F
:107150000A46D0E92701FFF7EFBFD0E900321360FC
:107160005A600023C0E90033704708B5FFF7F5FF08
:10717000437B23F0020343730023836008BD38B5CB
:1071800004460D46ECF70AFE637B43F0020363738B
:10719000E5B1A5602B689D4209D16B68C4E9005335
:1071A0001C606C6012E06A689A42F6D01B68002B83
:1071B000F3D094F90E2093F90E108A42F3D0914245
:1071C000F1DD5A68C4E9003214605C6038BD10B566
:1071D000EFF31184202383F31288BFF36F8FECF752
:1071E0009BFD84F31188BFF36F8F10BD08B5EFF3DB
:1071F0001181202282F31288BFF36F8F83680BB155
:10720000FFF7B3FF81F31188BFF36F8F08BD10B58F
:107210000146EFF31184202383F31288BFF36F8FAD
:10722000437B13F0280F0AD183680BB1FFF79DFF52
:107230004B7B23F004034B730846ECF76DFD84F39E
:107240001188BFF36F8F10BD01211838FFF7DFBF22
:1072500008B50346EFF31181202282F31288BFF3B1
:107260006F8F0068834207D008B1FFF77EFF81F37C
:107270001188BFF36F8F08BD0020F8E710B5FFF746
:10728000B5FFBDE81040183000F069B838B50468A3
:107290000546AC424FF0000000D138BD002CFCD0B8
:1072A0002046FFF7EBFF2046FFF791FF2C680120F7
:1072B000A542F1E738B50C460546ECF7ADFFB4F151
:1072C000FF3F08BFB5F1FF3F1FBF47F6FF73002226
:1072D0004FF47A71C0FB01321ABFD80B40EA42402A
:1072E0004FF0FF3038BD38B5EFF31185202383F31D
:1072F0001288BFF36F8F0468A04213D0A4B1C4F802
:10730000B01062612046FFF730FF04F1180000F072
:1073100026F82046ECF700FD012085F31188BFF325
:107320006F8F38BD0020F8E72046F6E710B5EDF77F
:10733000ABF90446EDF7B0F974B1D4E904321B1A85
:1073400062EBE072B3F1004F72F1000104DA002A3F
:10735000ACBF1846002010BD6FF00040FBE738B509
:107360000246EFF31185202383F31288BFF36F8F5A
:10737000036893B1EDF788F904461046EDF796F9E6
:10738000844204D1FFF7D2FF0021DDF789FA002003
:1073900085F31188BFF36F8F38BD6FF01500F7E7E5
:1073A00008B5EDF773FA08BDEDF770BAB3F1FF3F1A
:1073B00008BFB2F1FF3F70B504461D46164613D014
:1073C0001A4315D06FF00102921B4FF0FF3363EBAD
:1073D0000501002904DAEDF759FA821941EB05019C
:1073E000C4E90021204670BD4FF0FF321146F7E797
:1073F0000022FBE7B3F1FF3F08BFB2F1FF3FF8B552
:10740000074616461C4610D054EA020311D0EDF789
:107410003DFAB0420A46A14103460AD2F31A64EB90
:107420000204C7E900343846F8BD4FF0FF331C466C
:10743000F7E70023FBE70023C0E9081200F1180278
:10744000C0E90622C0E9003303634363704710B507
:107450000446FFF784FFA8B9636A0BB1204698473A
:1074600004F11800FFF7F4FE60B1FFF7B0FEEFF390
:107470001180202383F31288BFF36F8FBDE8104083
:10748000ECF722BE10BD70B5D0E90034984209D0A7
:1074900044B1A568EDB115F9526C12F9525CB542D0
:1074A00008D007DDC1E900042160416010E0A3427B
:1074B000F8D01B68002BF5D09A6862B112F9522CF3
:1074C000AA42F4D0F3DD5A68C1E900321160596074
:1074D00070BDAB7BFFDE937BFCE72DE9F84F002509
:1074E0000F461446984601462E464FF0200AA946FC
:1074F000BD4202DB3046BDE8F88FEFF3118B8AF313
:107500001288BFF36F8F4B7B03F03F03082B09D822
:1075100053B1013B072B07D8DFE803F0281C0622F4
:107520000606062E102B3ED0B8F1000F34D123787A
:10753000002B31D04B7B03F03F03082B35D8002BB9
:1075400035D0013B072B32D8DFE803F03A34313431
:107550003131313D0B699B68002BE5D0022310E0EF
:107560000B691B68002BDFD004230AE00B699B68C2
:10757000002BD9D0012304E00B691B6A002BD3D068
:107580001023CA68C1F80890C2F38630034363F33E
:107590009432CA6084F800908BF31188BFF36F8F28
:1075A00001351431A4E72023EBE7102B0FD08C60BA
:1075B0000136F1E7086922461030FFF764FFF6E76D
:1075C00008692246F9E7086922462430F5E7086988
:1075D00022463830F1E72DE9F041846805460E4631
:1075E000D4B16378012B22D114F8533C9A0711D5FA
:1075F000A4F160073846FFF741FE082E0CBF6FF07C
:1076000003030023236514F8533CDB0602D13846FC
:10761000FFF7DDFD00232370EB68C3F386321643CA
:10762000002066F39433A860EB60BDE8F081022B84
:10763000F0D12378002BEDD054F8048CB8F1000F72
:10764000E8D004F11400FFF78AFEA4F11407002328
:10765000E36239464046FFF7C7FCDBE710B5520549
:10766000090201F47C5102F400120A43017B002458
:107670000A43C0E90323846010BD38B5EFF31185D8
:10768000202383F31288BFF36F8F0468A04211D0C8
:10769000D4E9003213605A600023C4E90033204665
:1076A000FFF799FF85F31188BFF36F8F201E18BF76
:1076B000012038BD0024F5E70023C0E90000836005
:1076C000704700238360704783680B60C368136052
:1076D000704720B1011F50F8040CFFF781BA7047C2
:0876E0005A5FFB7F010000006E
:1076E800AD76010000000000C12C0300D077050032
:1076F800D930040000000000FD3004000000000044
:10770800F53E030000780500F53E0300E877050024
:10771800DDF0040048780500B53103003078050035
:10772800B143030060780500E13A010018780500CC
:10773800A12F0300000000003D47030000000000E7
:1077480025A0010000000000BFAA040000000000FE
:107758001BC20400000000004D3D010000000000B5
:10776800BD44050000000000393604000000000098
:10777800D533030078780500BD3A0300A8780500E2
:1077880000000000907805001DA101000000000025
:1077980069110300000000001FAE04000000000093
:1077A800E946010000000000B58201000000000069
:1077B800998F010000000000B59B01000000000047
:0877C8008949030000000000E4
:1077D0008C120600E4A30500B07A050040120020D8
:1077E000F4610020D8A3050055150600B4A40500D7
:1077F000807A05004A120020BC620020A8A405007F
:1078000069150600D8A40500807A05004C120020F6
:10781000C8620020CCA405004FD505004417002005
:10782000CC7A05003C12002090000020D484050092
:10783000BB12060000000000487A0500421200203A
:1078400048620020FCA30500CF12060000000000E3
:10785000407A0500441200200000000008A4050042
:10786000A415060000A50500187B05004E12002097
:10787000D00E0020F0A40500AB14060028A40500DB
:10788000687A050046120020980E00201CA405000E
:107890004492050000000000A47A05003E1200207A
:1078A0007C4800206C9205002015060000000000B6
:1078B000507A0500481200200000000094A4050042
:1078C00061030500EF0105000000000083C1040012
:1078D000607805005BF504000000000083C104002F
:1078E0000000000083C104000000000083C1040008
:1078F0002D780300EF0105000000000083C10400A3
:107900000000000083C104000000000083C10400E7
:107910000000000083C10400000000003DE20200FE
:107920000000000083C104004862002025320300EB
:1079300000000000291003000000000083C10400C3
:107940000000000083C1040000000000CD470300D8
:107950000000000083C104000000000083C1040097
:107960000000000083C104000000000083C1040087
:107970000000000083C104000000000083C1040077
:10798000000000006DE202000000000083C104005E
:107990000000000083C104000000000083C1040057
:1079A0000000000083C104000000000083C1040047
:1079B0000000000083C104000000000083C1040037
:1079C0000000000083C104000000000083C1040027
:1079D0000000000083C104000000000083C1040017
:1079E0000000000083C104000000000083C1040007
:1079F0000000000083C1040085230300EF0105009F
:107A00000000000083C10400ED810300EF010500C8
:107A10000000000083C104000000000083C10400D6
:107A20000000000083C104000000000083C10400C6
:107A30000000000083C104000000000083C10400B6
:107A4000E1F00400000000005D310300B5300300E8
:107A50006D3A0300313D0300D13B0300653A03005A
:107A6000A7F20400553A03007137030041360300C2
:107A7000C5380300C5320300ABF10400B532030082
:107A8000893F0300FBF2040009F3040021F3040022
:107A90002DF3040039F30400F53D030053F3040013
:047AA00000000000E2
:0C7AA40089530200E95102005D55020008
:107AB000192D03004BF00400ABF00400000000009F
:0C7AC000E9EF04000000000000000000DE
:107ACC0053B004006D3B0100000000009939010027
:107ADC000DB0040079390100B9AE0400C3AE040046
:107AEC0059390100E1AE040000000000EBAE0400C7
:107AFC000000000000000000F9AE040065B00400B6
:107B0C0015AF04004FAF04001DAF040001F40400D6
:107B1C00FD420300F3F30400E3F5040027F4040032
:107B2C004FF4040083F4040093F40400C1F4040043
:107B3C00CDF4040093F40400B1F40400D9F404006F
:107B4C00E7F40400F5F404002BF504002FF5040011
:087B5C00000000000000000021
:107B640005000000A9DF010000000000060000007D
:107B7400750B02000000000004000000B1E70100E2
:047B840000000000FD
:107B88004FA00400190401000000000000000000DC
:107B980000000000000000000000000000000000DD
:107BA800388D050008000000D88D0500070000008A
:107BB80031D5050003000000A20106000300000003
:107BC800F40906000300000055F505000300000055
:107BD8005B06060003000000F00F0600030000002B
:107BE800F49E050003000000449405000300000013
:107BF8005892050003000000C0970500030000002C
:107C0800E09E0500030000005CF50500030000008D
:107C18004403060003000000640C06000300000093
:107C280060FE0500030000001301060003000000C9
:107C3800D80F060003000000D60706000300000066
:107C480034F5050003000000D10F06000300000012
:107C58000AD2050003000000C01606000300000059
:107C6800AD12060003000000E7CE05000300000087
:107C7800CF1B060003000000D41506000300000017
:107C8800D2CF05000300000015E70500030000003F
:107C98006BD50500030000004B150600030000002B
:107CA8001BF105000300000051D00500030000008F
:107CB8006CEB050003000000431D060003000000F4
:107CC800F41D060003000000B31C060003000000BA
:107CD80015F10500030000000AD3050003000000A9
:107CE8000ED3050003000000DCCE050003000000F1
:107CF8002F10060004000000172D060003000000E6
:107D08005DF40500030000007EF405000300000098
:107D180097F405000300000007EB050003000000CE
:107D280073EB0500030000007BEB05000300000077
:107D38007C12060003000000E92D06000300000085
:107D4800AB1E060003000000E01E06000300000052
:107D5800BD14060003000000561C060003000000C6
:107D6800221B060003000000861B0600030000001B
:107D780013DE05000300000019DE05000300000003
:107D8800BAF405000300000090EB050003000000B2
:107D9800C4150600030000006D1206000300000071
:087DA8004F1F0600030000005C
:107DB00058860500783400202DDE05000000000004
:087DC000F9940100E59A0100AD
:107DC80024DE05008C0A0020FC3000205C0A00201C
:107DD80002000000CC850500F8300020E085050091
:107DE8003413002019DE050020190020C07500207A
:107DF800C48605003485050074850500BC89050026
:107E0800448605009C860500E0840500D8860500A8
:0C7E18008886050074860500B086050011
:107E2400000000000000000000000000000000004E
:107E340000000000A2D50500A9D50500000000003F
:107E4400813D0100000000009CD70500A6D7050075
:107E540000000000053E010003000000C5D7050036
:107E6400CCD70500F48405005DB1040000000000D7
:107E7400D8D50500DED50500000000009D3D0100B9
:107E840002000000F8D70500FFD70500C47E0500F6
:107E9400000000000000000064D605006BD6050059
:107EA40000000000E1D8000001010000C1D6050077
:107EB400C9D6050000000000ED3D010000000000EF
:107EC40000000000000000000000000000000000AE
:107ED40000000000CCDA0500D1DA05000000000043
:107EE4001D41010002000000EC1F0600EED8050051
:107EF40000000000A93E0100000000006BDA05004C
:107F040072DA050000000000C14001000200000018
:107F14008FD9050096D9050000000000953F0100A7
:107F24000000000008DA050010DA05000000000077
:107F34006540010002000000000000000000000095
:0C7F440000000000000000000000000031
:107F50000000000003000000A0000000F00000008E
:107F60000000000065FD05006AFD05006EFD0500CE
:107F700072FD050076FD05007AFD05007EFD050019
:107F800082FD050086FD05008AFD05008EFD0500C9
:107F900092FD050096FD05009AFD05009EFD050079
:107FA00000010602010000000001020104040404B3
:107FB000FF000000FF000000FF000000FF000000C5
:107FC000FF000000FF0000006C1706002402000004
:107FD00001000000F91D06000800000059640300BC
:107FE0000000000001000000C1D6050007000000ED
:107FF000CB010500F0020020FF000000FF000000A0
:10800000FF000000FF000000FF000000FF00000074
:10801000FFFFFFFFFFFFFFFFFFFFFFFFFFFFFFFF70
:108020000100000001000000EC2D0600000100002E
:108030001800280000002A0000C201000000081BF0
:108040005B4A00001B5B4800001B5B324A00001BC0
:108050005B4A00001B5B6D00001B3700001B3800F3
:10806000001B5B3F336C00001B5B4800001B5B3256
:108070004A00001B3700001B380000010300627437
:108080006C6500000000000000000000000000001F
:1080900000000000000000000000000000000000E0
:1080A00000000000000000000000000000000000D0
:1080B00001002E752F632F0000000000000000005B
:1080C00000000000000000000000000000000000B0
:1080D00000000000000000002B8104002200551D5C
:1080E000200000551D250000551D20000000000047
:1080F0000338FDD87047000022AE28D7982F8A4257
:10810000CD65EF23914437712F3B4DECCFFBC0B5CC
:10811000BCDB8981A5DBB5E938B548F35BC25639CC
:1081200019D005B6F111F1599B4F19AFA4823F92B6
:1081300018816DDAD55E1CAB420203A398AA07D85A
:10814000BE6F7045015B83128CB2E44EBE85312454
:10815000E2B4FFD5C37D0C556F897BF2745DBE72AE
:10816000B196163BFEB1DE803512C725A706DC9B13
:10817000942669CF74F19BC1D24AF19EC1699BE4F8
:10818000E3254F388647BEEFB5D58C8BC69DC10F12
:10819000659CAC77CCA10C2475022B596F2CE92D72
:1081A00083E4A66EAA84744AD4FB41BDDCA9B05C0A
:1081B000B5531183DA88F976ABDF66EE52513E98FB
:1081C0001032B42D6DC631A83F21FB98C82703B0EB
:1081D000E40EEFBEC77F59BFC28FA83DF30BE0C6C8
:1081E00025A70A934791A7D56F8203E05163CA067A
:1081F000706E0E0A67292914FC2FD246850AB7270C
:1082000026C9265C38211B2EED2AC45AFC6D2C4D44
:10821000DFB3959D130D3853DE63AF8B54730A653E
:10822000A8B2773CBB0A6A76E6AEED472EC9C2819A
:108230003B358214852C72926403F14CA1E8BFA2F5
:10824000013042BC4B661AA89197F8D0708B4BC294
:1082500030BE5406A3516CC71852EFD619E892D11C
:1082600010A96555240699D62A20715785350EF434
:10827000B8D1BB3270A06A10C8D0D2B816C1A41948
:1082800053AB4151086C371E99EB8EDF4C77482772
:10829000A8489BE1B5BCB034635AC9C5B30C1C39BE
:1082A000CB8A41E34AAAD84E73E363774FCA9C5BFB
:1082B000A3B8B2D6F36F2E68FCB2EF5DEE828F7476
:1082C000602F17436F63A57872ABF0A11478C88450
:1082D000EC39641A0802C78C281E6323FAFFBE908B
:1082E000E9BD82DEEB6C50A41579C6B2F7A3F9BEE6
:1082F0002B5372E3F27871C69C6126EACE3E27CA00
:1083000007C2C021C7B886D11EEBE0CDD67DDAEA20
:1083100078D16EEE7F4F7DF5BA6F1772AA67F006BF
:10832000A698C8A2C57D630AAE0DF9BE04983F1198
:108330001B471C13350B711B847D0423F577DB2849
:108340009324C7407BABCA32BCBEC9150ABE9E3C53
:108350004C0D109CC4671D43B6423ECBBED4C54CE9
:108360002A7E65FC9C297F59ECFAD63AAB6FCB5F2D
:108370001758474A8C19446C0080E03779C3414351
:10838000176E05B5B5B89346F5F93FE9034F384D7B
:10839000321D30F94877825A3CBF737FDD4F157527
:1083A000000000000000F03F00000000000024403A
:1083B00000000000000059400000000000408F4015
:1083C000000000000088C34000000000006AF84080
:1083D0000000000080842E4100000000D0126341A4
:1083E0000000000084D797410000000065CDCD411A
:1083F000000000205FA00242000000E876483742FB
:10840000000000A2941A6D42000040E59C30A24298
:108410000000901EC4BCD64200003426F56B0C430D
:108420000080E03779C3414300A0D88557347643B4
:1084300000C84E676DC1AB43003D9160E458E14315
:10844000408CB5781DAF154450EFE2D6E41A4B448A
:1084500092D54D06CFF08044F64AE1C7022DB544CF
:10846000B49DD9794378EA44000000009BD305000D
:10847000A3D3050000000000000000000000000081
:10848000ABD30500AFD30500B3D30500B7D30500C8
:1084900004000000010000000000000000C0000017
:1084A000A87805000200000000C0000000400F0096
:1084B000A8780500030000000000000000C00E00C6
:1084C000787805000000000000C00E000040110098
:1084D00078780500D8840500010000004FD505001C
:1084E00075D505007CD50500247E05000000000040
:1084F00000000000F8840500D4D70500D9D7050096
:10850000000000005DB1040000000000E6D7050097
:10851000EBD705000000000065B10400000000007A
:10852000000000000000000000000000000000004B
:1085300000000000F726060025DB05004885050041
:1085400000000000000000004C850500EC1F060044
:1085500035DB05000000000079410100000000004B
:10856000000000000000000000000000000000000B
:1085700000000000ACDC0500B3DC050088850500C8
:1085800051420100020200008C85050075DD0500E6
:108590007ADD05000000000015430100050200001F
:1085A000B2DD0500B7DD050000000000ED4501006B
:1085B00002010000000000000000000000000000B8
:1085C00000000000000000003A000000CA6F002018
:1085D0001E0000009FBA0400C87D0500540A002058
:1085E000B07D05000C8605006434002064000000A6
:1085F000F885050024340020D819002080000000F0
:108600000000000079B104000200000009BD040070
:108610006C340020CA6F00201E00000025470100B6
:1086200069B20400ADB1040003B20400C7B1040094
:10863000BFB1040068890500408605007F00000086
:10864000F0D0002045E105000EE10500000000002B
:10865000DD5401000100000093BC0400D1BC040003
:108660000DBC04000000000000000000000000003D
:108670000000000006E205000DE205000000000019
:10868000696101000100000037E205003EE20500DB
:10869000EC8605000962010001010000E3E205002B
:1086A000EBE205000000000029610100010000006C
:1086B000BEF40500FCE2050018870500000000007C
:1086C0000000000022E3050028E305000000000090
:1086D000D56101000100000036E305003AE3050022
:1086E00000000000A1BD040000000000F0860500AD
:1086F0005DE3050065E30500000000008D600100FA
:108700000100000000000000000000000000000068
:1087100000000000000000001C870500A9E3050020
:10872000B2E3050000000000CD6001000100000080
:10873000CFE30500DEE30500BC8705000000000074
:10874000000000008EE4050095E40500FC880500AB
:108750000000000000000000ACE40500B2E40500E9
:10876000BC8805000000000000000000C9E405000E
:10877000D0E405007C880500000000000000000037
:10878000DFE40500E4E405003C88050085610100A4
:1087900001010000F7E40500FDE40500FC87050089
:1087A00000000000000000000000000000000000C9
:1087B000000000000000000000000000C08705006D
:1087C0000FE5050019E505000000000039BE0400B2
:1087D0000100000051E5050058E50500000000001B
:1087E000F5BD0400010000000000000000000000D2
:1087F00000000000000000000000000000880500EC
:108800008FE5050095E5050000000000A5BD04000A
:1088100001000000C3E50500C8E5050000000000F8
:10882000B96001000100000000000000000000002D
:10883000000000000000000000000000408805006B
:1088400094E10500F4E50500000000005BBE0400B3
:1088500001000000C6D6050033E605000000000058
:10886000C1BE040001000000000000000000000084
:1088700000000000000000000000000080880500EB
:1088800094E1050046E605000000000019610100C2
:1088900001000000C6D6050056E6050000000000F5
:1088A000C7BD04000100000000000000000000003F
:1088B000000000000000000000000000C08805006B
:1088C00094E1050065E6050000000000D3BD04004A
:1088D00001000000C6D605007DE60500000000008E
:1088E0009FBE040001000000000000000000000026
:1088F00000000000000000000000000000890500EA
:1089000094E1050094E605000000000017BE040095
:1089100001000000C6D60500ACE60500000000001E
:108920007DBE040001000000000000000000000007
:108930000000000000000000000000000000002017
:108940000000000000000B06020000005089050036
:108950000000000054EB0500260002020000002089
:108960005CEB050022000B115575010000000000B2
:10897000BBC404005D83010005C7040039C70400BF
:108980006DC70400A3C70400C9C70400F9C70400E9
:1089900025C804000984010057C80400718401003F
:1089A0000D850100A9840100B9C80400EDC80400C8
:1089B0002FC90400B9C9040063C904001BF10500F4
:1089C0002EF30500D0890500000000000000000023
:1089D000D489050043F3050046F3050000000000BC
:1089E000CD88010000000000512A06005FF3050059
:1089F0000000000061890100000000007FF3050015
:108A000085F30500000000000D8A0100020000004F
:108A100096F305009AF3050000000000418801006C
:108A20000000000082EA0500BAF305000000000023
:108A3000398A010002FF0000C9F30500CDF30500EB
:108A400000000000DD8B010002FF0000E8D70500F8
:108A500000F4050000000000A98C010002000000E5
:108A60000CF405000FF4050000000000D98C010093
:108A70000300000019F4050021F4050000000000C7
:108A8000C58D01000200000038F405003EF4050029
:108A900000000000158E010002FF0000F3CF05006A
:108AA0004CF4050000000000958E010003FF00005B
:108AB00000000000000000000000000000000000B6
:108AC000000000008D950100D5970100C5930100BD
:108AD0000000000000000000000000000000000096
:108AE00000000000000000002D950100519B0100D6
:108AF000519B010000000000000000000000000089
:108B00000000000000000000000000000000000065
:108B10000000000000000000399B0100F19A0100F4
:108B20000000000068890500308B0500800100000E
:108B300080D400208CF40500000000006889050046
:108B4000488B050000010000F0DA0020688905006C
:108B5000588B05002E00000070E800206889050091
:108B6000688B05000201000050E90020A2FD05000D
:108B7000C0FD0500DBFD0500EBFD0500F8FD05006F
:108B800001FE050008FE05000FFE050016FE0500AB
:108B90001EFE0500F8FD050026FE050038FE050056
:108BA0004DFE05000E03000061BA01000F04000035
:108BB00031BA01001A01000035A3010005040000CC
:108BC00071A201001301000091A90100FF01000042
:108BD000D5A601003E010000B5A601000504000075
:108BE00025A401000804000061AD0100300300006D
:108BF000B5AC01001001000069A3010001120000E2
:108C0000B5B901000A1E0000C3D00400030900002A
:108C10009DAA0100040B000035A70100060A000010
:108C20008DB20100070A0000A1A301000C0500009D
:108C3000E1A30100050C00005DB101006889050099
:108C4000488C05004700000070EA0020DA050600A5
:108C5000E705060007060600FB05060012060600EB
:108C60002906060039060600530906004D060600CF
:108C7000688905007C8C0500000000009CEB00204A
:108C8000688905008C8C050000010000C4EB002001
:108C90007FD904009FD904000000000000000000FC
:108CA000000000007DE20100000000000000000064
:108CB00000000000000000000202010067E2040062
:108CC0000404010045F401000606010085F30100DB
:108CD0000804010071F201000A0201004FE20400E1
:108CE0000C04010037E204000E04010045F101000C
:108CF00020040100A9F0010010040100B9EF0100F7
:108D000012020100EBE1040016040100C5DB0400BF
:108D1000180101001DDF04001E000400B5E204007C
:108D20005202000011E2040068890500348D05003C
:108D3000020100003CEF002072CB0500E1E50400D9
:108D4000000000006ECB0500000001006ACB0500AA
:108D50000BE8040000000000C80C00200000010027
:108D600062CB0500000000000000000000000000D1
:108D7000000000005ECB0500B3E50400F5FB010038
:108D8000D00C0020000003005ACB05000BE80400C3
:108D900000000000C00C00200000010052CB0500C4
:108DA00019E60400D1F901000000000000000300F2
:108DB0004ECB05000BE8040000000000B80C0020BA
:108DC0000000010046CB050081FF0100000000000B
:108DD00000000000000001009ECB0500E1E504005A
:108DE000000000009ACB05000000010096CB0500B2
:108DF0000BE8040000000000040D0020000001004A
:108E00008ECB050049E604000000000000000000D1
:108E1000000001008ACB05000BE804000000000000
:108E2000FC0C00200000010082CB050073E604006A
:108E30000000000000000000000001007ECB0500E3
:108E40000BE8040000000000F40C0020000001000A
:108E500076CB050085F8010000000000000000004E
:108E600000000100F913020011ED0400151E0200BC
:108E700000000000000000008D1A02000000000049
:108E800000000000000000000000000000000000E2
:108E900000000000B514020006000000F3EA040020
:108EA000060000000111020010000000010D020088
:108EB00010000000A11D0200010000005BE9040099
:108EC00010000000EFEA04000A000000850C020018
:108ED00010000000ED1B020007000000F7EA04008C
:108EE00010000000D1E90400010000000D13020091
:108EF0004000000093EA0400100000000FEA0400A4
:108F000001000000574553545F544F504449522FBD
:108F10007A65706879722F7375627379732F626CDA
:108F20007565746F6F74682F636F6E74726F6C6C9D
:108F300065722F7469636B65722F7469636B6572F8
:108F40002E6300007469636B65725F72657363689A
:108F500065642D3E7469636B735F746F5F657870D1
:108F6000697265203D3D2030550000004153534556
:108F70005254494F4E204641494C205B25735D2099
:108F8000402025733A25640A0000000028287469EF
:108F9000636B65725F72657363686564292D3E65F6
:108FA00078745F64617461202626202828746963C0
:108FB0006B65725F72657363686564292D3E6578C1
:108FC000745F646174612D3E7469636B735F736C6D
:108FD0006F745F77696E646F7720213D203055296B
:108FE00029000000574553545F544F504449522FB5
:108FF0007A65706879722F7375627379732F626CFA
:109000007565746F6F74682F636F6E74726F6C6CBC
:1090100065722F6C6C5F73772F756C6C2E6300001C
:10902000216572720000000072780000756C6C5F40
:109030007265665F67657428756C6C5F6864722919
:10904000000000003000000072656C6561736520EF
:109050003D3D20646F6E65002172657476616C0021
:1090600064656C7461203C3D2030207C7C206D6503
:109070006D5F6C696E6B5F72782E71756F74615F76
:10908000706475203C20282833202B2030202B2092
:109090003129202B202832202A2028312929290073
:1090A000636F6E6E5F6C6C6C0000000021636F6E0E
:1090B0006E5F6C6C6C2D3E6C696E6B5F74785F6676
:1090C000726565006D656D715F6C696E6B000000A7
:1090D00072782D3E6864722E7479706520213D206F
:1090E0004E4F44455F52585F545950455F4E4F4E66
:1090F000450000002163632D3E7374617475730035
:1091000072785F667265652D3E6864722E74797040
:109110006520213D204E4F44455F52585F545950C1
:10912000455F4E4F4E45000021636F6E6E2D3E6CC5
:109130006C6C2E6C696E6B5F74785F66726565002F
:1091400021726574000000006C6F6F7000000000F9
:10915000574553545F544F504449522F7A657068B5
:1091600079722F7375627379732F626C7565746F82
:109170006F74682F636F6E74726F6C6C65722F6C96
:109180006C5F73772F6C6C6C5F636F6D6D6F6E2EA1
:109190006300000021657272207C7C206572722061
:1091A0003D3D202D31313900574553545F544F50C8
:1091B0004449522F7A65706879722F73756273799A
:1091C000732F626C7565746F6F74682F636F6E7444
:1091D000726F6C6C65722F6863692F6863695F6476
:1091E00072697665722E63004C4C20696E697469F1
:1091F000616C697A6174696F6E206661696C65641F
:109200003A20256400000000425420525820707219
:10921000690000004254205258000000456D7074EF
:109220007920484349207061636B65740000000039
:10923000556E6B6E6F776E20484349207479706568
:109240002025750062745F6863695F636F6E747276
:109250006F6C6C657200000062745F63746C725FA7
:109260006863695F647269766572000070920500D8
:1092700001000000449205005A6570687972204F21
:10928000532076342E312E30000000004E6F2048DF
:10929000434920436F6D6D616E642068656164654C
:1092A00072000000496E76616C6964204843492071
:1092B000434D44207061636B6574206C656E677408
:1092C000680000004E6F204843492041434C20680D
:1092D0006561646572000000496E76616C696420A6
:1092E0004843492041434C207061636B6574206C96
:1092F000656E677468000000496E76616C69642071
:109300004843492041434C2044617461206C656EA0
:1093100067746800547820427566666572204F76DF
:109320006572666C6F770000496E76616C696420C7
:10933000547820456E717565756500005745535426
:109340005F544F504449522F7A65706879722F7379
:1093500075627379732F626C7565746F6F74682FA3
:10936000636F6E74726F6C6C65722F6863692F68BF
:1093700063692E63000000002828282875696E7430
:109380007074725F74296E6F6465292025205F5F99
:10939000616C69676E6F6628737472756374206E92
:1093A0006F64655F72785F63632929203D3D2030DB
:1093B000290000002828282875696E747074725F6F
:1093C00074296E6F6465292025205F5F616C696771
:1093D0006E6F6628737472756374206E6F64655F58
:1093E00072785F63752929203D3D203029000000F7
:1093F00068616E646C653A203078253034782C20B2
:109400007374617475733A2025782C2074783A202F
:1094100025782C2072783A2025782E007479706592
:109420003A203078253032780000000072656A6595
:109430006374206F70636F64653A20307825303232
:109440007800000062745F63746C725F6863690027
:10945000574553545F544F504449522F7A657068B2
:1094600079722F7375627379732F626C7565746F7F
:109470006F74682F636F6E74726F6C6C65722F6C93
:109480006C5F73772F756C6C5F6164762E63000080
:1094900068616E646C65203C203100002872657440
:1094A000203D3D203029207C7C2028726574203DA1
:1094B0003D203229000000006164762D3E6C696E0B
:1094C0006B5F63635F667265650000006164762DA3
:1094D0003E6E6F64655F72785F63635F6672656539
:1094E00000000000216864722D3E64697361626C43
:1094F00065645F6362000000737461747573203D7E
:109500003D2030207C7C20706172616D203D3D20CB
:10951000756C6C5F64697361626C655F6D61726BC1
:109520005F6765742829207C7C2028636F6E6E65D8
:10953000637461626C6520262620216164762D3E6D
:109540006C6C6C2E636F6E6E29207C7C203000006A
:10955000216C6C6C2D3E6C696E6B5F74785F66720B
:10956000656500006D61726B203D3D206164760091
:1095700021657272207C7C2028657272203D3D201E
:109580002D31323029000000726566002872657442
:10959000203D3D203029207C7C2028726574203DB0
:1095A0003D203229207C7C202866705F6F705F66CA
:1095B000756E63203D3D202828766F6964202A2936
:1095C000302929007064752D3E6C656E203E3D206B
:1095D0005F5F6275696C74696E5F6F6666736574F0
:1095E0006F662028737472756374207064755F6190
:1095F00064765F6164765F696E642C206461746177
:1096000029000000574553545F544F504449522F8E
:109610007A65706879722F7375627379732F626CD3
:109620007565746F6F74682F636F6E74726F6C6C96
:1096300065722F6C6C5F73772F756C6C5F636F6EE8
:109640006E2E630074785F627566000072782D3E3E
:109650006864722E6C696E6B000000007374617434
:109660007573203D3D203000737461747573203D27
:109670003D2030207C7C20706172616D203D3D205A
:10968000756C6C5F7570646174655F6D61726B5F42
:109690006765742829207C7C20706172616D203D93
:1096A0003D20756C6C5F64697361626C655F6D61B0
:1096B000726B5F67657428290000000070203D3DD3
:1096C00020706172616D0000287469636B65725F60
:1096D000737461747573203D3D203029207C7C209B
:1096E000287469636B65725F737461747573203D70
:1096F0003D20322900000000657272203D3D20307F
:10970000207C7C20657272203D3D202D313230005E
:1097100009706172616D313A202575207061726146
:109720006D323A2025750A00636F6E6E2D3E6C6CAB
:109730006C2E68616E646C6520213D203078464651
:1097400046460000287469636B65725F73746174C8
:109750007573203D3D203029207C7C20287469636E
:109760006B65725F737461747573203D3D2032299F
:10977000207C7C202828766F6964202A29636F6EFC
:109780006E5F6C6C203D3D20756C6C5F646973612D
:10979000626C655F6D61726B5F6765742829290073
:1097A0006C6C6C5F747800007064755F74782D3E2B
:1097B0006C656E00216C696E6B2D3E6E6578740071
:1097C00062745F63746C725F756C6C5F636F6E6EF6
:1097D00000000000574553545F544F504449522FE6
:1097E0007A65706879722F7375627379732F626C02
:1097F0007565746F6F74682F636F6E74726F6C6CC5
:1098000065722F6C6C5F73772F756C6C5F6C6C631B
:10981000705F656E632E63006E7466005745535427
:109820005F544F504449522F7A65706879722F7394
:1098300075627379732F626C7565746F6F74682FBE
:10984000636F6E74726F6C6C65722F6C6C5F737784
:109850002F756C6C5F6C6C63705F7068792E630041
:109860006E74662D3E6864722E74797065203D3D7D
:10987000204E4F44455F52585F545950455F524502
:109880005441494E000000006374782D3E6E6F64B1
:10989000655F7265662E7478000000006374782D31
:1098A0003E646174612E70752E6E74665F646C65C3
:1098B0005F6E6F6465000000636F6E6E2D3E6C6CB2
:1098C0006C2E726F6C65203D3D2030783031000089
:1098D000574553545F544F504449522F7A6570682E
:1098E00079722F7375627379732F626C7565746FFB
:1098F0006F74682F636F6E74726F6C6C65722F6C0F
:109900006C5F73772F756C6C5F6C6C63702E63008B
:109910006374782D3E6F776E657200006374782DE6
:109920003E6E6F64655F7265662E7278000000009F
:1099300063747800AD980200BD980200CD980200D3
:10994000DD9802000000000000000000ED98020019
:1099500095990200FD98020000000000A599020000
:10996000000000000D990200B599020000000000FF
:109970001D990200C59902002D990200D599020097
:10998000E5990200F5990200059A0200159A020075
:10999000259A02003D99020000000000000000002E
:1099A0000000000000000000000000008599020097
:1099B000574553545F544F504449522F7A6570684D
:1099C00079722F7375627379732F626C7565746F1A
:1099D0006F74682F636F6E74726F6C6C65722F6C2E
:1099E0006C5F73772F756C6C5F6C6C63705F636F0B
:1099F0006D6D6F6E2E6300006374782D3E70726F14
:109A000063203D3D2050524F435F5445524D494ED7
:109A1000415445006374782D3E70726F63203D3D64
:109A20002050524F435F444154415F4C454E475490
:109A3000485F555044415445000000005745535479
:109A40005F544F504449522F7A65706879722F7372
:109A500075627379732F626C7565746F6F74682F9C
:109A6000636F6E74726F6C6C65722F6C6C5F737762
:109A70002F756C6C5F6C6C63705F6C6F63616C2EC8
:109A80006300000063747820213D202828766F69E8
:109A900064202A29302900006374785F6865616456
:109AA0006572203D3D206374780000006374782D5A
:109AB0003E6E6F64655F7265662E7278203D3D2054
:109AC0002828766F6964202A293029207C7C20632D
:109AD00074782D3E6E6F64655F7265662E72782DA8
:109AE0003E6864722E7479706520213D204E4F448B
:109AF000455F52585F545950455F52455441494E55
:109B000000000000574553545F544F504449522FB2
:109B10007A65706879722F7375627379732F626CCE
:109B20007565746F6F74682F636F6E74726F6C6C91
:109B300065722F6C6C5F73772F756C6C5F6C6C63E8
:109B4000705F636F6E6E5F7570642E63000000005F
:109B50006374782D3E6E6F64655F7265662E7278F1
:109B6000203D3D202828766F6964202A293029006D
:109B7000574553545F544F504449522F7A6570688B
:109B800079722F7375627379732F626C7565746F58
:109B90006F74682F636F6E74726F6C6C65722F6C6C
:109BA0006C5F73772F756C6C5F6C6C63705F636850
:109BB0006D752E6300000000574553545F544F509D
:109BC0004449522F7A65706879722F737562737980
:109BD000732F626C7565746F6F74682F636F6E742A
:109BE000726F6C6C65722F6C6C5F73772F756C6C19
:109BF0005F6C6C63705F72656D6F74652E630000DF
:109C000008020B020A030502000000000000000029
:109C10000202000006020000040300000000090325
:109C200000000000010300000C0300000703000017
:109C30000000000000000000574553545F544F508F
:109C40004449522F7A65706879722F7375627379FF
:109C5000732F626C7565746F6F74682F636F6E74A9
:109C6000726F6C6C65722F6C6C5F73772F756C6C98
:109C70005F7065726970686572616C2E63000000C8
:109C80007469636B65725F737461747573203D3DB5
:109C90002030000073746174757320213D203120E1
:109CA0007C7C20706172616D203D3D20756C6C5F25
:109CB00064697361626C655F6D61726B5F67657427
:109CC00028290000574553545F544F504449522FA0
:109CD0007A65706879722F7375627379732F626C0D
:109CE0007565746F6F74682F636F6E74726F6C6CD0
:109CF00065722F6C6C5F73772F756C6C5F66696C27
:109D00007465722E63000000726C5F696478203C99
:109D100020380000726C5B726C5F6964785D2E7431
:109D2000616B656E00000000726C5B726C5F696451
:109D3000785D2E727061735F7265616479000000F6
:109D40006465766D617463685F6964203C202828CF
:109D500073697A655F742920282828696E74292020
:109D600073697A656F6628636861725B31202D20A4
:109D700032202A202128215F5F6275696C74696E28
:109D80005F74797065735F636F6D70617469626C25
:109D9000655F70285F5F747970656F665F5F2866C6
:109DA000616C292C205F5F747970656F665F5F2836
:109DB000262866616C295B305D2929295D29202DC3
:109DC000203129202B202873697A656F6628666107
:109DD0006C29202F2073697A656F66282866616C6C
:109DE000295B305D292929290000000066616C5B30
:109DF0006465766D617463685F69645D2E74616B20
:109E0000656E00006465766D617463685F696420E7
:109E10003C20282873697A655F74292028282869DE
:109E20006E74292073697A656F6628636861725B56
:109E300031202D2032202A202128215F5F62756980
:109E40006C74696E5F74797065735F636F6D706158
:109E50007469626C655F70285F5F747970656F66A6
:109E60005F5F28726C292C205F5F747970656F6664
:109E70005F5F282628726C295B305D2929295D29BE
:109E8000202D203129202B202873697A656F6628C0
:109E9000726C29202F2073697A656F662828726C8E
:109EA000295B305D2929292900000000726C5B695B
:109EB0005D2E74616B656E0069726B6D61746368B1
:109EC0005F6964203C20706565725F69726B5F63D7
:109ED0006F756E740000000069203C20380000009F
:109EE00062745F63746C725F756C6C5F66696C74CE
:109EF0006572000062745F63746C725F6372797084
:109F0000746F0000574553545F544F504449522FCB
:109F10007A65706879722F7375627379732F626CCA
:109F20007565746F6F74682F636F6E74726F6C6C8D
:109F300065722F6C6C5F73772F6E6F726469632F1D
:109F40006C6C6C2F6C6C6C2E63000000707265651D
:109F50006D70745F726571203D3D20707265656D36
:109F600070745F61636B0000707265656D70745F23
:109F700073746172745F72657120213D2070726527
:109F8000656D70745F73746172745F61636B000000
:109F9000707265656D70745F73746F705F726571F8
:109FA00020213D20707265656D70745F73746F70F1
:109FB0005F61636B00000000707265656D70745FB7
:109FC00072657120213D20707265656D70745F61EE
:109FD000636B0000707265656D70745F61636B2008
:109FE000213D20707265656D70745F72657100004F
:109FF00072656164792D3E707265706172655F7023
:10A000006172616D2E706172616D203D3D207061E5
:10A0100072616D00697465720000000065727220E3
:10A020003D3D202D3134300021706172616D0000A2
:10A0300021706172616D207C7C206E6578740000F7
:10A040006576656E742E637572722E61626F7274BE
:10A050005F6362006576646F6E65000065727220F2
:10A060003E3D2030000000006E6578740000000066
:10A07000217265616479207C7C2026726561647937
:10A080002D3E707265706172655F706172616D20E6
:10A090003D3D20707265706172655F706172616DC7
:10A0A00000000000F401FA00960064004B0032004A
:10A0B0001E001400574553545F544F504449522FCB
:10A0C0007A65706879722F7375627379732F626C19
:10A0D0007565746F6F74682F636F6E74726F6C6CDC
:10A0E00065722F6C6C5F73772F6E6F726469632F6C
:10A0F0006C6C6C2F6C6C6C5F6164762E630000007E
:10A100006E6F64655F72780021726164696F5F6968
:10A11000735F726561647928290000007000000097
:10A120006368616E00000000706475007363616EA7
:10A130005F706475000000000925733A2041637464
:10A1400075616C204556454E545F4F564552484503
:10A1500041445F53544152545F5553203D2025756F
:10A160000A000000707265706172655F63620000D2
:10A17000574553545F544F504449522F7A65706885
:10A1800079722F7375627379732F626C7565746F52
:10A190006F74682F636F6E74726F6C6C65722F6C66
:10A1A0006C5F73772F6E6F726469632F6C6C6C2FAA
:10A1B0006C6C6C5F636F6E6E2E6300002172616465
:10A1C000696F5F69735F61646472657373282900E6
:10A1D000646F6E65000000006C6C6C2D3E68616EF3
:10A1E000646C6520213D20307846464646000000DC
:10A1F000574553545F544F504449522F7A65706805
:10A2000079722F7375627379732F626C7565746FD1
:10A210006F74682F636F6E74726F6C6C65722F6CE5
:10A220006C5F73772F6E6F726469632F6C6C6C2F29
:10A230006C6C6C5F7065726970686572616C2E63BE
:10A2400000000000707265706172655F63620000FB
:10A25000574553545F544F504449522F7A657068A4
:10A2600079722F7375627379732F626C7565746F71
:10A270006F74682F636F6E74726F6C6C65722F6C85
:10A280006C5F73772F6E6F726469632F68616C2FD8
:10A290006E7266352F636E74722E63005F72656630
:10A2A000636F756E74000000574553545F544F50F0
:10A2B0004449522F7A65706879722F737562737989
:10A2C000732F626C7565746F6F74682F636F6E7433
:10A2D000726F6C6C65722F6C6C5F73772F6E6F7220
:10A2E0006469632F68616C2F6E7266352F6D6179BA
:10A2F000666C792E63000000574553545F544F50ED
:10A300004449522F7A65706879722F737562737938
:10A31000732F626C7565746F6F74682F636F6E74E2
:10A32000726F6C6C65722F6C6C5F73772F6E6F72CF
:10A330006469632F68616C2F6E7266352F74696370
:10A340006B65722E63000000757365725F6964202F
:10A350003C2073697A656F662863616C6C65725F17
:10A3600069645F6C7574290063616C6C65725F6908
:10A370006420213D2030000001030405574553545B
:10A380005F544F504449522F7A65706879722F7329
:10A3900075627379732F626C7565746F6F74682F53
:10A3A000636F6E74726F6C6C65722F6C6C5F737719
:10A3B0002F6E6F726469632F68616C2F6E726635E1
:10A3C0002F6563622E63000025130300492C0300F0
:10A3D000192C030000000000DCA3050001000000B0
:10A3E0009B120600A12D03008D2C0300A112060074
:10A3F000CBF00400D1F00400A712060000A4050071
:10A4000001000000CB1206000CA4050001000000B2
:10A41000DE1206000400000000FF000020A405007A
:10A4200001000000B514060000000000000000005C
:10A43000000000000000000000000000000000001C
:10A44000000000000000000000000000F401000017
:10A4500000010100000020008560150060A40500D7
:10A46000009002406CA405000100000074A40500E7
:10A47000060000001500001D1400001F1800002039
:10A4800016000021170000221900001E2000000005
:10A490000000010098A40500010000003A15060024
:10A4A0000400000000FF0000ACA405000100000053
:10A4B00063150600FFFF00000003005000000000CD
:10A4C000010000000060004000000000D0A4050072
:10A4D0000100000077150600FFFFFFFF000000509D
:10A4E00000000000000000000060004000000000CC
:10A4F000F4A4050002000000B2150600B81506001D
:10A5000000200040010000000000000020A5050020
:10A510000000D601000000004971002048710020B1
:10A52000002000402CA505000100000034A5050016
:10A53000020000002B0000002C06000100000000BB
:10A540006410B71DC8206E3BAC30D9269041DC7634
:10A55000F4516B6B5861B24D3C7105502083B8EDDE
:10A5600044930FF0E8A3D6D68CB361CBB0C2649B02
:10A57000D4D2D38678E20AA01CF2BDBD010000004F
:10A5800002000000040000000800000010000000AD
:10A590002000000040000000800000001B000000C0
:10A5A0003600000051F4A7507E4165531A17A4C32A
:10A5B0003A275E963BAB6BCB1F9D45F1ACFA58AB8F
:10A5C0004BE303932030FA55AD766DF688CC769147
:10A5D000F5024C254FE5D7FCC52ACBD7263544805C
:10A5E000B562A38FDEB15A4925BA1B6745EA0E98BA
:10A5F0005DFEC0E1C32F7502814CF0128D4697A31A
:10A600006BD3F9C6038F5FE715929C95BF6D7AEB0C
:10A61000955259DAD4BE832D587421D349E0692963
:10A620008EC9C84475C2896AF48E797899583E6B90
:10A6300027B971DDBEE14FB6F088AD17C920AC6611
:10A640007DCE3AB463DF4A18E51A31829751336000
:10A6500062537F45B16477E0BB6BAE84FE81A01C82
:10A66000F9082B94704868588F45FD1994DE6C8763
:10A67000527BF8B7AB73D323724B02E2E31F8F57C1
:10A680006655AB2AB2EB28072FB5C20386C57B9A65
:10A69000D33708A5302887F223BFA5B202036ABAD0
:10A6A000ED16825C8ACF1C2BA779B492F307F2F0E7
:10A6B0004E69E2A165DAF4CD0605BED5D134621F3C
:10A6C000C4A6FE8A342E539DA2F355A0058AE1321A
:10A6D000A4F6EB750B83EC394060EFAA5E719F0620
:10A6E000BD6E10513E218AF996DD063DDD3E05AE78
:10A6F0004DE6BD4691548DB571C45D050406D46F19
:10A70000605015FF1998FB24D6BDE997894043CCCA
:10A7100067D99E77B0E842BD07898B88E7195B3817
:10A7200079C8EEDBA17C0A477C420FE9F8841EC998
:10A730000000000009808683322BED481E1170ACAA
:10A740006C5A724EFD0EFFFB0F8538563DAED51E7E
:10A75000362D39270A0FD964685CA6219B5B54D13A
:10A7600024362E3A0C0A67B19357E70FB4EE96D20F
:10A770001B9B919E80C0C54F61DC20A25A774B691C
:10A780001C121A16E293BA0AC0A02AE53C22E04342
:10A79000121B171D0E090D0BF28BC7AD2DB6A8B9F4
:10A7A000141EA9C857F11985AF75074CEE99DDBB8A
:10A7B000A37F60FDF701269F5C72F5BC44663BC534
:10A7C0005BFB7E348B432976CB23C6DCB6EDFC687D
:10A7D000B8E4F163D731DCCA426385101397224095
:10A7E00084C61120854A247DD2BB3DF8AEF93211D2
:10A7F000C729A16D1D9E2F4BDCB230F30D8652ECA4
:10A8000077C1E3D02BB3166CA970B999119448FAAB
:10A8100047E96422A8FC8CC4A0F03F1A567D2CD8CE
:10A82000223390EF87494EC7D938D1C18CCAA2FED6
:10A8300098D40B36A6F581CFA57ADE28DAB78E2616
:10A840003FADBFA42C3A9DE45078920D6A5FCC9B3B
:10A85000547E4662F68D13C290D8B8E82E39F75E62
:10A8600082C3AFF59F5D80BE69D0937C6FD52DA963
:10A87000CF2512B3C8AC993B10187DA7E89C636E36
:10A88000DB3BBB7BCD2678096E5918F4EC9AB701F7
:10A89000834F9AA8E6956E65AAFFE67E21BCCF0895
:10A8A000EF15E8E6BAE79BD94A6F36CEEA9F09D49E
:10A8B00029B07CD631A4B2AF2A3F2331C6A594304B
:10A8C00035A266C0744EBC37FC82CAA6E090D0B0F8
:10A8D00033A7D815F104984A41ECDAF77FCD500E32
:10A8E0001791F62F764DD68D43EFB04DCCAA4D542F
:10A8F000E49604DF9ED1B5E34C6A881BC12C1FB8D7
:10A900004665517F9D5EEA04018C355DFA8774735C
:10A91000FB0B412EB3671D5A92DBD252E91056331E
:10A920006DD647139AD7618C37A10C7A59F8148EDB
:10A93000EB133C89CEA927EEB761C935E11CE5EDE3
:10A940007A47B13C9CD2DF5955F2733F1814CE7947
:10A9500073C737BF53F7CDEA5FFDAA5BDF3D6F14C6
:10A960007844DB86CAAFF381B968C43E3824342CFE
:10A97000C2A3405F161DC372BCE2250C283C498B64
:10A98000FF0D954139A80171080CB3DED8B4E49CE1
:10A990006456C1907BCB8461D532B670486C5C74D0
:10A9A000D0B85742C66363A5F87C7C84EE7777996C
:10A9B000F67B7B8DFFF2F20DD66B6BBDDE6F6FB158
:10A9C00091C5C5546030305002010103CE6767A9BC
:10A9D000562B2B7DE7FEFE19B5D7D7624DABABE604
:10A9E000EC76769A8FCACA451F82829D89C9C94072
:10A9F000FA7D7D87EFFAFA15B25959EB8E4747C9B0
:10AA0000FBF0F00B41ADADECB3D4D4675FA2A2FD77
:10AA100045AFAFEA239C9CBF53A4A4F7E47272969F
:10AA20009BC0C05B75B7B7C2E1FDFD1C3D9393AE03
:10AA30004C26266A6C36365A7E3F3F41F5F7F702C0
:10AA400083CCCC4F6834345C51A5A5F4D1E5E53412
:10AA5000F9F1F108E2717193ABD8D87362313153D7
:10AA60002A15153F0804040C95C7C75246232365D1
:10AA70009DC3C35E30181828379696A10A05050FA6
:10AA80002F9A9AB50E070709241212361B80809B55
:10AA9000DFE2E23DCDEBEB264E2727697FB2B2CD58
:10AAA000EA75759F1209091B1D83839E582C2C740F
:10AAB000341A1A2E361B1B2DDC6E6EB2B45A5AEEA7
:10AAC0005BA0A0FBA45252F6763B3B4DB7D6D661B5
:10AAD0007DB3B3CE5229297BDDE3E33E5E2F2F7198
:10AAE00013848497A65353F5B9D1D16800000000B0
:10AAF000C1EDED2C40202060E3FCFC1F79B1B1C812
:10AB0000B65B5BEDD46A6ABE8DCBCB4667BEBED961
:10AB10007239394B944A4ADE984C4CD4B05858E8B4
:10AB200085CFCF4ABBD0D06BC5EFEF2A4FAAAAE59D
:10AB3000EDFBFB16864343C59A4D4DD7663333551F
:10AB4000118585948A4545CFE9F9F910040202067A
:10AB5000FE7F7F81A05050F0783C3C44259F9FBAF7
:10AB60004BA8A8E3A25151F35DA3A3FE804040C0CF
:10AB7000058F8F8A3F9292AD219D9DBC70383848D9
:10AB8000F1F5F50463BCBCDF77B6B6C1AFDADA75B0
:10AB90004221216320101030E5FFFF1AFDF3F30E70
:10ABA000BFD2D26D81CDCD4C180C0C1426131335A9
:10ABB000C3ECEC2FBE5F5FE1359797A2884444CC8D
:10ABC0002E17173993C4C45755A7A7F2FC7E7E826F
:10ABD0007A3D3D47C86464ACBA5D5DE73219192B14
:10ABE000E6737395C06060A0198181989E4F4FD124
:10ABF000A3DCDC7F44222266542A2A7E3B9090AB61
:10AC00000B8888838C4646CAC7EEEE296BB8B8D34A
:10AC10002814143CA7DEDE79BC5E5EE2160B0B1D29
:10AC2000ADDBDB76DBE0E03B64323256743A3A4E21
:10AC3000140A0A1E924949DB0C06060A4824246CB1
:10AC4000B85C5CE49FC2C25DBDD3D36E43ACACEFD5
:10AC5000C46262A6399191A8319595A4D3E4E437F2
:10AC6000F279798BD5E7E7328BC8C8436E3737590D
:10AC7000DA6D6DB7018D8D8CB1D5D5649C4E4ED2F9
:10AC800049A9A9E0D86C6CB4AC5656FAF3F4F407B1
:10AC9000CFEAEA25CA6565AFF47A7A8E47AEAEE9A7
:10ACA000100808186FBABAD5F07878884A25256F49
:10ACB0005C2E2E72381C1C2457A6A6F173B4B4C7A0
:10ACC00097C6C651CBE8E823A1DDDD7CE874749C0F
:10ACD0003E1F1F21964B4BDD61BDBDDC0D8B8B866E
:10ACE0000F8A8A85E07070907C3E3E4271B5B5C493
:10ACF000CC6666AA904848D806030305F7F6F60125
:10AD00001C0E0E12C26161A36A35355FAE5757F94A
:10AD100069B9B9D01786869199C1C1583A1D1D27C6
:10AD2000279E9EB9D9E1E138EBF8F8132B9898B338
:10AD300022111133D26969BBA9D9D970078E8E89C6
:10AD4000339494A72D9B9BB63C1E1E221587879299
:10AD5000C9E9E92087CECE49AA5555FF5028287861
:10AD6000A5DFDF7A038C8C8F59A1A1F8098989802E
:10AD70001A0D0D1765BFBFDAD7E6E631844242C629
:10AD8000D06868B8824141C3299999B05A2D2D776E
:10AD90001E0F0F117BB0B0CBA85454FC6DBBBBD6BB
:10ADA0002C16163A0200000064AE050003000000F5
:10ADB0005CAE05000400000054AE05000500000074
:10ADC0004CAE05000600000044AE05000700000080
:10ADD0003CAE05004C00000014AE05004D00000024
:10ADE000ECAD050000000000000000006D2306002F
:10ADF00061B44D08070000000000000000000000E2
:10AE000000000000FDBE0300FDBE03007F32050010
:10AE10006D3205007F23060061744C0407000000BA
:10AE2000000000000000000035BF030019BF030050
:10AE300019BF0300A73205009532050088230600DC
:10AE4000902407009423060090230600A023060008
:10AE500090220500AC23060010140400B82306005D
:10AE600010130300C42306001012020002000000A9
:10AE7000F3320500EF32050000000000EB32050060
:10AE8000E7320500CF320500BD3205005CBD05008C
:10AE900001000C002CBD050001000C009CC4050045
:10AEA00001000100FCBC050001000C00CCBC050049
:10AEB00001000C0000000000010000009CBC050027
:10AEC00001000C006CBC050001000C00000000003B
:10AED000010000003CBC050001000C000CBC05009A
:10AEE00001000C000000000001000000DCBB0500B8
:10AEF00001000C00ACBB050001000C0000000000CC
:10AF0000010000007CBB050001000C004CBB0500EB
:10AF100001000C0000000000010000001CBB050047
:10AF200001000C00ECBA050001000C00000000005C
:10AF300001000000BCBA050001000C008CBA05003D
:10AF400001000C0000000000010000005CBA0500D8
:10AF500001000C002CBA050001000C0000000000EC
:10AF600001000000FCB9050001000C00CCB905008F
:10AF700001000C0000000000010000009CB9050069
:10AF800001000C006CB9050001000C00000000007D
:10AF9000010000003CB9050001000C000CB90500DF
:10AFA00001000C000000000001000000DCB80500FA
:10AFB00001000C00ACB8050001000C00000000000E
:10AFC000010000007CB8050001000C004CB8050031
:10AFD00001000C0000000000010000001CB805008A
:10AFE00001000C00ECB7050001000C00000000009F
:10AFF00001000000BCB7050001000C008CB7050083
:10B0000001000C0000000000010000005CB705001A
:10B0100001000C002CB7050001000C00000000002E
:10B0200001000000FCB6050001000C00CCB60500D4
:10B0300001000C0000000000010000009CB60500AB
:10B0400001000C006CB6050001000C0000000000BF
:10B05000010000003CB6050001000C000CB6050024
:10B0600001000C000000000001000000DCB505003C
:10B0700001000C00ACB5050001000C000000000050
:10B08000010000007CB5050001000C004CB5050076
:10B0900001000C0000000000010000001CB50500CC
:10B0A00001000C00ECB4050001000C0000000000E1
:10B0B00001000000BCB4050001000C008CB40500C8
:10B0C00001000C0000000000010000005CB405005D
:10B0D00001000C002CB4050001000C000000000071
:10B0E00001000000FCB3050001000C00CCB305001A
:10B0F00001000C0000000000010000009CB30500EE
:10B1000001000C006CB3050001000C000000000001
:10B11000010000003CB3050001000C000CB3050069
:10B1200001000C000000000001000000DCB205007E
:10B1300001000C00ACB2050001000C000000000092
:10B14000010000007CB2050001000C004CB20500BB
:10B1500001000C0000000000010000001CB205000E
:10B1600001000C00ECB1050001000C000000000023
:10B1700001000000BCB1050001000C008CB105000D
:10B1800001000C000000000001000000198A775D3A
:10B190002BAB01284E85D0D549834D6081C69130B7
:10B1A0003B00AF7A3AAE6107E1B6E2C9954341FE92
:10B1B0009BB6F0A5B497AEAD89889E4186C43F2C5E
:10B1C000E75F9903F02BB7B6AD5A56FF0400A448C9
:10B1D000C8E8BABFE8A1B5135ACD999CB095ADFCAB
:10B1E000E27EE7FE966BD1349953630BBCC00DCF62
:10B1F0002541A4F49BFCB248C385834B2BBE0B585E
:10B200002D7A9A62C5F381181B744F2CE243A30A6E
:10B21000168BA31E4A18817B8DA2357791499965BB
:10B22000C5ED16EF79429AF3A74E6F2B7B0A7EC0CD
:10B23000D74E0755D67A3169A6B91534A8E072A45D
:10B240003FB9F80C2B753285A2DE37126A3200C284
:10B25000D43B1A0934E0998F0C4A16448373181BA7
:10B26000D494296229A42DB19D743267BFF4B10C26
:10B2700037628B66C9FFDAE235A3B642B616A91C5F
:10B28000E76520C1585332F8C0A6BD2CB7F0E65789
:10B2900031CC266F27E3541C34D317BCF5AEEDFB3D
:10B2A000CDE71E9F5A161C3440001FB63F6C64A7A2
:10B2B000623CABD4486A44D860C0A88082765812F9
:10B2C000573C8946824F83CECBB8D02C9A8404B0A9
:10B2D000ADEBFADF34A4C341444E653E6D06460D26
:10B2E00051E2D8AC14571D6F79A0CDA6DFFB36CA4A
:10B2F000ADF59E416F7A1D9E1D9548DC8126A5B750
:10B30000152CC2C6864272AA11DCC9B6A373643674
:10B31000FD7BC115EA5D32D24794892D51E930ACED
:10B3200006C86504FA6CB91BF7614953D7FF32436D
:10B3300080DAA6B1ACF804019535CE21D6E84C48A8
:10B34000E4AA6993277A27FC37961A7B6FE730A522
:10B35000CF13465C8CD8AF74234D5684323D4414D1
:10B360001B9783F0FA47D75FFD9838F7A926BE6D83
:10B370006DF2383F086C31A749503A89C399C6F538
:10B38000D2C2305A2AE4F68B8B97E9B2DD21B70D91
:10B39000FC15540B65831CA4CD6B9DF219D8402776
:10B3A00073157E65F6BB537E0F40C8D4EA37197318
:10B3B000EF5A5E049C732B497EAC975C15B2C31E9A
:10B3C0000EE7D2218A08D6DDAC21D63EFC08AD4E70
:10B3D000519F2A52685C7D4CD6CFDD02D87626E09C
:10B3E0008B10D97C30A7234E5FD24217D1E5A4EC55
:10B3F000772134285C1465EA4A85C32F8DA24A66FA
:10B40000B10AE6C0860C949D5E99B2CEAD0340CAE7
:10B41000B2B3305574784827341EE242AE725BAC4A
:10B42000C16DE38257AB46CBEA5E4B0B187CCA7109
:10B430003E6E6675BE310E3FE591C47F8E3DC23EC5
:10B440009537582B011F0203F3EFEE66285B1AFCB9
:10B4500038CDE82412574285C62168713F422A52EE
:10B46000CD7551499036E5042B44C6EF5CEE1613BA
:10B470000783B5307659C6A21905D3C6B68BA81670
:10B4800009B7EAD670EE14AFB5FDD0EF47D8A20ADF
:10B4900039321D2361C886F1129A4A058DF17CAAC2
:10B4A000708EBC016201478FDD8BA5C8DB0821F4DB
:10B4B000ABC7F5960A76A595C40F881D64749FB531
:10B4C0009121B11C1EEDE111EF45AFC1E031BEB2DB
:10B4D000BC72651FB14B8C77CE1E42B5FFC9AAB9AD
:10B4E000D9869955652380C64E350B6D1B88954CC2
:10B4F0000BD0065192AF8D49A2C8B4E075765309BE
:10B50000884387CA90A4773F5E21B40A359E86643B
:10B51000CC91C177C11756CBC37D5BB17E8A5550A4
:10B520007BEF8A3CFE1B2348236391B60D04543CF9
:10B53000249BC79A2538C384FBFF9F49662AE06D88
:10B54000688A5CCBC4935385A10DAF63DA338C67F3
:10B55000CE23439984534772441F5B2AAEC1D9A4BA
:10B56000508863187CF275697300C4314B901DDFFD
:10B570001A00D86905B18948A87062EF6D5B29305F
:10B58000411A9EB676CA83315BA7CB422141504413
:10B590004D643189CF84C25D97A53C18F00FA5FD9D
:10B5A0008E5A472C7C58022D40B10BBADE4D1E51ED
:10B5B000596E91C538544D51ED36CC6018A856C718
:10B5C000782733C542B795C98BC86ABC5EE9139624
:10B5D000B3E1F9EEF546B05EC39403056459B46671
:10B5E0007EE85A60A55C7EB2ADD9C9DA829749A3DC
:10B5F0001383072E5A26C713350DB06B1E60ABFAA6
:10B600004B93182C542D1C314CE461AE8CB27B0C46
:10B610009A838E5930519092793219C3EE89F9D0BC
:10B62000CF2CA58F7B5021DE50419D81E07D2B9E4C
:10B630009D95A8E3D8A5208788975FAA10BBC22450
:10B64000432E37548AF7CE35FC77F33F753496D5C1
:10B650004A769D6BB83B0FEAA8120B22663F5D2D20
:10B660001CD49EFB7D2EDDC76EABAFDCC8C9F8F5E0
:10B67000B6134D7BED45B193B3A279DC74F6CFF7E9
:10B68000E6299CCC87506580BC590A590EF02435B8
:10B69000A246F00CBD26C09D6156626703E60F37D7
:10B6A000C110991E61AD9D5D8001A6FEB00F102AEC
:10B6B0009D2038EB6C60CBCE5AA0A732BACF14DFF6
:10B6C000BFE5742DB5121ADD59025DC665987C84FC
:10B6D000E1FF307771E2C25F5540BDCD6965873FBC
:10B6E000C4C224570E300A6015D124485799D9B6E0
:10B6F000AEB1AF1D9B80EEA20F74B9F3BD19CD1290
:10B700000B514F56304B3D24A4165905ACEBD35981
:10B710002E757C018CB9B4A5D92E294C86160575D9
:10B7200002B306EEAB7C9F7991F14F232DF2C85402
:10B73000D132BDC48A3BF0AA9DD8F4204FC3BB6C64
:10B7400066AC252D6F2510B2E141DE1D3CE830B816
:10B7500037BC2A98BA57014A1E789F8515F513DF22
:10B760001319979408F9B333668221FEF5FC391654
:10B770002343760E094825A164951C2F43AC155729
:10B78000D9DEA028165FB83D489124CCF8EF68FEBA
:10B79000EC240815A1064B920DB734743EF4DD1A63
:10B7A000A04AE445C3634F4FCEBBD6D3CDEE8DDF69
:10B7B0003F73B7ACDF06B6804D81D953DBBD704F08
:10B7C000A8D1062C194E2E68FC35FA50605375ED41
:10B7D000F25FC2EB39876B9F05E222934F1AA8B73D
:10B7E000039E6D7CCBD06988A8399E3A5890EAB503
:10B7F0000499D0694AF222A0EBFD45875DA481320D
:10B80000FCFAEE5B27BBA46A77415C1DA11EAA4F20
:10B81000F010B350097413149E90D7E63E68CEC260
:10B82000554D0C6D9B20933290D6AE47DD78AB43DF
:10B830009EEB73AEED97C383A63CF1BF0F25256643
:10B840000826FA4B41FB445D82EC3BAC5982674BC6
:10B850008E4EBEE2BEDA77F823552B2D5C02DE2534
:10B86000352D7451D00CB80B39BAAD04A60E284D45
:10B87000E13DE41B5DEC0AD4B8C48DB0BEBDAC0A9A
:10B880003F6BFFFAE0E47414D9701D71F2B071BB24
:10B89000D818962BDAB8199080B5EE01912120A620
:10B8A0001748036FE31DBB6D942034F19C3892065A
:10B8B00019D0B3B22A9926A35FE2C18175FCFDC3FA
:10B8C000B626248FAFADE749B7644B966C4E95AD65
:10B8D00007FEB6304F15E72D19A9081012C80E1132
:10B8E0008DE08F69597F796C5FB7BCB188E1833C8B
:10B8F00012BBEE962AC2C41B4171B917B0EEBB1D34
:10B90000895088F2FC1C5574EBDE923F3E2BFED131
:10B910001C73E32E6633A1D3691C9DD2E05ABAB6DC
:10B92000AE1B9404AF74905C57B03A45DD2F932062
:10B9300024541D8DFA789D71675D4998980C6B9D14
:10B940002204BC5C8663792F6A0E8ADE29673F0277
:10B95000B8917F74FC1464A033F46B501C4471875D
:10B96000B8883F451B2B8505C5445315E86717C0AC
:10B9700040788C847E9FF4AADA5C7EB296DB423EED
:10B980007264A06727F9411743E3E8A866DDCC435A
:10B990007E160503364BCF488F4190E57B61FA7DDB
:10B9A00001DBB66311C65839F4C68223475A7A8040
:10B9B00008CDAAD8DA8CC63F3CA568F4BBF5D517EC
:10B9C000AE36D88AC7AD92C5576CDA91A7C327BFE8
:10B9D000C6AAB7B9CB6545DFB9461746F5383FB2B9
:10B9E000B15DCA1C88296C63E9D748B8BCF1D79906
:10B9F0008CC205996DE65E826DE57ED579DB1556C4
:10BA000084CBC05656DB0E08C9F5D49EE662D01A28
:10BA10007C13D5077DAD53E03221A0C0C53881210C
:10BA2000230ED2BB1C5105D01E82A9711F2FDDBD74
:10BA30005048B1E5801C84557814EBF6D95E3EA6DB
:10BA4000AFF6C704E711E265CA41953BAE83D8E67D
:10BA50004D22062DFA7F252AAA284697D29A52D23D
:10BA6000547C97F2E0336EEDD98750C55A357E1677
:10BA7000401583B8332BA4AB0391EAFEC14739EFDD
:10BA80000559D090BF240D76115308AF9B262799F6
:10BA9000162B220BBAF38FC32A9BFC38FC2E833D56
:10BAA000FE9E3C1B0857CD2DC14938B595428B33BE
:10BAB000891FEA01AA1D13D750BB3EEB51AC56F7C4
:10BAC0005F51680BC6E01DBC134EAC03B7F5C5E66D
:10BAD000D288BACBFA0E28235867FAEE9E804BD84C
:10BAE000C4DF15E4F10E58E62C59C203BC4C704477
:10BAF00018CDEFEDC249DD647E7E4D92A2327C0905
:10BB0000D03FD62C6DE04F650C7A543E16FAFB4AB6
:10BB1000B4795A8C045D1B2BDABC9A746849030310
:10BB2000336F284A5DDBA7058CF34DFB8E92B1A8DD
:10BB3000EC0D643B4EFCFDD04B881B5D839C516932
:10BB4000CE7173F5B85A14231A46635FDAADA0F9C3
:10BB500081E178973A9A63D8BA791A1734317B7AA7
:10BB60005A5D7D2D8396124B1909E0B7558A57EE21
:10BB70004E6E7EEC119D69DCB3DAD808462FD8B63C
:10BB8000637CE950D98CB914D93763DE1002B8460A
:10BB9000ADCE7B3882472D66A7E9332392F9939483
:10BBA000A848B34FE94AAC5108722F1AA6D50A60CB
:10BBB00081B9C51644AA2FD6F273DFEBF37B74C9A3
:10BBC000B35B956DAC04EB15C85F00F6B55020284B
:10BBD000D101AFF0286D4F31812F9448093913AA54
:10BBE000601599301700CBC6B1DB9790E6FA60B8C4
:10BBF00024E47DD3DD75B370B283B19BA3E36CCD38
:10BC000033627A568830DC0F9FBBB8AABB013D6314
:10BC100054456FB77BB219A3861D4234840287183E
:10BC200092521A716C18B15D181B37FEF47461BA28
:10BC300018AF4030DA7D3C520F07B06F60DC9AB22B
:10BC4000793927164F71E43B4D600CA355BD19405F
:10BC5000FA192A5A4DF81E43A1508DEFA3187C41C2
:10BC6000FA7C1B58005924C4E9B7D3AD0038EEE381
:10BC7000C79DECA6B688CF43FA925E8EE9CA43F818
:10BC80003B497E751CE7EB174586C2E19269573246
:10BC9000E09CD100D910B84DB8F40DE3E69D56AE46
:10BCA00059FB1F98CFAC918087A86E583008A70821
:10BCB0009432FC679F299E84F4E56E7E5521B9502D
:10BCC00024F89CC7340401C2FB773EDE6DF2AEA4BB
:10BCD000B6891BDA010FCE1C7CF6504C4CEB90E67B
:10BCE0004DC7D47AD1492D8A019960945F809B9B7E
:10BCF0006AB007D9C2A2EE59BE95BC234692002C69
:10BD000078DB1F3717F3EBB706F7B6BC3DBC2CCF7B
:10BD1000D8ED53E752757BA3ABC32C85E59D7841E5
:10BD2000F67684AC5456E852B3CBA8BD5F0EEA90C9
:10BD30007C1D437A9D817E1DCEB1600AC0B8F0B5EE
:10BD40001331DAE97C149A28BD1DF4F829DC9292AB
:10BD5000BF989E5D6F2C26964ADE1736B70A76721C
:10BD6000385E543A6C2955BF5DF20255382A548228
:10BD7000E041F759989BA78B623B1D6E74AD20F391
:10BD80001EC7B18E37058BBE22CA87AA7329C5CCC0
:10BD90006A19ECEC7AA7B048B20D1A58DF2D37F4C7
:10BDA000814D63C7FFFFFFFFFFFFFFFFFFFFFFFFA7
:10BDB000FFFFFFFFFFFFFFFFFFFFFFFF5F0EEA90A8
:10BDC0007C1D437A9D817E1DCEB1600AC0B8F0B55E
:10BDD0001331DAE97C149A28BD1DF4F829DC92921B
:10BDE000BF989E5D6F2C26964ADE1736B70A76728C
:10BDF000385E543A6C2955BF5DF20255382A548298
:10BE0000E041F759989BA78B623B1D6E74AD20F300
:10BE10001EC7B18E37058BBE22CA87AAEF2AECD384
:10BE2000EDC8852A9DD12E8A8D3956C65A87135062
:10BE30008F081403124181FE6E9C1D18192DF8E322
:10BE40006B058E98E4E73EE2A72F31B3FFFFFFFFBB
:10BE50000000000000000000FFFFFFFFFEFFFFFFEB
:10BE6000FFFFFFFFFFFFFFFFFFFFFFFFFFFFFFFFE2
:10BE7000FFFFFFFFFFFFFFFFFFFFFFFFDCC305002A
:10BE800001000800BCC30500010008009CC40500B7
:10BE9000010001009CC30500010008007CC30500EF
:10BEA0000100080000000000010000005CC3050064
:10BEB000010008003CC3050001000800000000006C
:10BEC000010000001CC3050001000800FCC20500C1
:10BED000010008000000000001000000DCC20500B5
:10BEE00001000800BCC205000100080000000000BD
:10BEF000010000009CC20500010008007CC2050092
:10BF00000100080000000000010000005CC2050004
:10BF1000010008003CC2050001000800000000000C
:10BF2000010000001CC2050001000800FCC1050062
:10BF3000010008000000000001000000DCC1050055
:10BF400001000800BCC1050001000800000000005D
:10BF5000010000009CC10500010008007CC1050033
:10BF60000100080000000000010000005CC10500A5
:10BF7000010008003CC105000100080000000000AD
:10BF8000010000001CC1050001000800FCC0050004
:10BF9000010008000000000001000000DCC00500F6
:10BFA00001000800BCC005000100080000000000FE
:10BFB000010000009CC00500010008007CC00500D5
:10BFC0000100080000000000010000005CC0050046
:10BFD000010008003CC0050001000800000000004E
:10BFE000010000001CC0050001000800FCBF0500A6
:10BFF000010008000000000001000000393770EF68
:10C000001FA1F0DB6A105BCEC49B6F10501111248E
:10C010004F4C7961173A72BCFE7258432765695BD1
:10C0200066A2752E9C16005AB030251A42FB864235
:10C0300080C1C4765B1D838E94015F8224C639164D
:10C040005DA31E6DBA073726362AFE6051BCF3D0B9
:10C05000DE50FC97802E0610154DFAF756B2AAFD59
:10C060008815DF524C35273144CDC06853F891A56F
:10C070007194842A92CBD093E988DAE444918BD8E6
:10C08000D0D7E7E21FF948626FA8935DEA3A9902B8
:10C09000D50B3DE31ED30031E60C9F441D4C64C715
:10C0A00055023FE3D80290BBC3EC30409F6F64F46D
:10C0B000166948A4FA449C950C7D675EF47FBA58D3
:10C0C0005A846F5FADA6367EDCF7E167044DAAEEB9
:10C0D00057763AD34E7E261822239FFF8D45E64B96
:10C0E0003F4F1E1F47655E5922CC725FF1931A279E
:10C0F0001E34C55B63F2A5585C152EC67FE51C4F48
:10C100006024F72AEDD8E2917F89499297A72E8D76
:10C110006AB339811389B59AB88D429CDD3830DB1A
:10C12000702C0AA27C5C9DE9D5460B5F830B604BAB
:10C13000377DB9C95E24F33D797F6C1861F99B3274
:10C1400096415838F95A2AB8960EB24CC1782CC785
:10C1500008991924B75928E98454E616C9D23AE84F
:10C1600003C56D5DBE35D0AE1D7A9FCA331ED2CBDE
:10C17000AC882755F0B99CE031DD9986A1CAA8B3F7
:10C18000BF29998ED1F205C1CF5D91489F0149DB4E
:10C1900082DF5F3AE10690ADE338A4C4C8CFEF3F39
:10C1A000831A88E80B29B5B9E0C9A3AE88461E7783
:10C1B000CD7EB310B621D0D4A31608EE289EB1F1DF
:10C1C0006E4CADB3B7E3C258C0FB3443259CDF359A
:10C1D0000741BD19B66E10EC0EECBBD6F1B3BB51E6
:10C1E00069A21193654F0F8DBD260FE8B9CBEC6B9B
:10C1F00034C33D9DE45D1E10D544E2545B9B830A2D
:10C20000814FADAC0FFF42416EA9A2A02FA14F1FDD
:10C210008982AA3EF3B80F6B8F8CD668995D165F42
:10C220007BBCBBCE61EE4E8AC151CC501F0D4D1B65
:10C2300053231DB3DA2A38665284E195FC9529739D
:10C24000A1673E02E33054358E0ADD6703D7A1971C
:10C25000613BF80CF2333C58553423A383F6E8F8DD
:10C2600087F7FC6D90BE7F3F7A2BD713CF32F22D2C
:10C27000946D42FDAD9AE35F42BB84EDD498E7FA3A
:10C28000A57D8B539135D200D11B9F1B3F69089A26
:10C2900072F0A911B3FE0E14DA7C0ED3EECFB87E85
:10C2A000F792968D3D018C0D23F2E305592EE38420
:10C2B000527A3476E5A1B01590E2533CF2D055DFC6
:10C2C000000AF54A6ABF56812D20EBB511C12852EC
:10C2D000ABE3D1402434794557A512032A37B9C0BE
:10C2E000AA59C68B3F58D9ED589965F7887D268C99
:10C2F0004AF9059F9D739AC9E746DC00F085F49ED4
:10C300004CDC3989636DC457D8035D22707F2D5290
:10C310006FC9DA4F9D64FAB4FEA4C4D7BF6A5D52F8
:10C3200035D7BFAE5AA2BE96F4F802C3A420495432
:10C33000EAB382DB2EDBEA02D1751C6296D5DAAD58
:10C340009249F09FF973439EAFA7D1F3674107DF8E
:10C3500078953EA1223DD1E63CA5E2207D7DEF8689
:10C36000FFE337DDDB868B08277CD7F691544C251D
:10C370004F9AFE285EFDF06D370369D64069F240A2
:10C380000BA398CEAFA848020D1C12629BAF098385
:10C3900080AA58A7C612BE709476E3E470C8BA04A7
:10C3A000B74BD2F7ABC6233AA0093A591D9D4CF9B9
:10C3B0005823CCDF02ED7B29870FFA3CF551BF37BC
:10C3C0006840B6CBCE5E316B5733CE2B169E0F7CBA
:10C3D0004AEBE78E9B7F1AFEE242E34F96C298D863
:10C3E0004539A1F4A033EB2D817D0377F240A4639E
:10C3F000E5E6BCF847422CE1F2D1176B512563FC0E
:10C40000C2CAB9F3849E17A7ADFAE6BCFFFFFFFFCF
:10C41000FFFFFFFF00000000FFFFFFFFF551BF37E8
:10C420006840B6CBCE5E316B5733CE2B169E0F7C59
:10C430004AEBE78E9B7F1AFEE242E34F96C298D802
:10C440004539A1F4A033EB2D817D0377F240A4633D
:10C45000E5E6BCF847422CE1F2D1176B4B60D227DE
:10C460003E3CCE3BF6B053CCB0061D65BC869876FC
:10C4700055BDEBB3E7933AAAD835C65AFFFFFFFF85
:10C48000FFFFFFFFFFFFFFFF0000000000000000B4
:10C490000000000001000000FFFFFFFF010000009E
:10C4A0000400180080010000D023060003001700DC
:10C4B00000010000DA230600000000000000000078
:10C4C00000000000EA24060008000000DA2306004D
:10C4D000DA23060003000000D880050005000000F4
:10C4E000D0230600D0230600040000000000000056
:10C4F000000000000000000000000000000000003C
:10C50000F324060009000000FD2406000B250600A8
:10C51000010000000F250600070000001725060097
:10C520002625060002000000352506000500000053
:10C530003B25060043250600030000000000000024
:10C5400000000000000000000000000000000000EB
:10C5500053250600080000005C2506006E25060035
:10C560000904000080250600080000008925060057
:10C570009B2506000A0400000000000000000000E7
:10C580000000000000000000000000002727060057
:10C59000030000002B2706004227060000010000D0
:10C5A00054270600030000005827060086270600CF
:10C5B0000400000067270600030000006B27060048
:10C5C0007D270600000800009027060003000000F9
:10C5D00094270600A927060020000000BA270600BD
:10C5E00009000000C4270600D9270600000001004A
:10C5F000F327060003000000F727060011280600B5
:10C600000800000026280600030000002A28060073
:10C6100045280600020000005C2806000300000018
:10C62000602806007D2806000100000000000000D0
:10C6300000000000000000000000000000000000FA
:10C64000982F8A4291443771CFFBC0B5A5DBB5E97D
:10C650005BC25639F111F159A4823F92D55E1CABF1
:10C6600098AA07D8015B8312BE853124C37D0C557F
:10C67000745DBE72FEB1DE80A706DC9B74F19BC1C7
:10C68000C1699BE48647BEEFC69DC10FCCA10C24B7
:10C690006F2CE92DAA84744ADCA9B05CDA88F9769B
:10C6A00052513E986DC631A8C82703B0C77F59BF05
:10C6B000F30BE0C64791A7D55163CA066729291431
:10C6C000850AB72738211B2EFC6D2C4D130D3853CE
:10C6D00054730A65BB0A6A762EC9C281852C729290
:10C6E000A1E8BFA24B661AA8708B4BC2A3516CC7BE
:10C6F00019E892D1240699D685350EF470A06A10F7
:10C7000016C1A419086C371E4C774827B5BCB03445
:10C71000B30C1C394AAAD84E4FCA9C5BF36F2E68E3
:10C72000EE828F746F63A5781478C8840802C78C72
:10C73000FAFFBE90EB6C50A4F7A3F9BEF27871C675
:10C7400000000000B0C7050080C7050050C7050005
:10C75000040000003F2C0600E1590500F3590500D4
:10C76000235A05002514040000000000000000000A
:10C77000D91504000D5A0500FB5905007913040072
:10C7800003000000452C0600E1590500E7590500AB
:10C790000000000000000000000000000000000099
:10C7A000D91504000D5A0500FB5905007913040042
:10C7B000020000004B2C0600E1590500D559050088
:10C7C000235A0500251404000000000000000000AA
:10C7D000D91504000D5A0500FB5905007913040012
:10C7E00000070000FFFFFF0FFC0000000008000032
:10C7F00002000000030000009A2D0600A82D06008C
:10C80000BC2D0600CB2D0600D72D0600E8760500CE
:10C81000E87605004077050050770500B8770500F9
:10C82000D0770500F52D0600010005001F2E06003B
:10C8300002000700FB2D060004000800042E06007D
:10C8400008000400092E060010000900132E06003F
:10C85000200008001C2E060040000A00272E0600BB
:10C86000800006002C2066756E6374696F6E3A2036
:10C8700000000000617373657274696F6E20222579
:10C880007322206661696C65643A2066696C652074
:10C89000222573222C206C696E6520256425732562
:10C8A000730A00000020202020202020202028289B
:10C8B0002828282020202020202020202020202060
:10C8C00020202020208810101010101010101010A0
:10C8D00010101010100404040404040404040410D0
:10C8E000101010101010414141414141010101015E
:10C8F0000101010101010101010101010101010128
:10C900001010101010104242424242420202020233
:10C9100002020202020202020202020202020202F7
:10C9200010101010200000000000000000000000A7
:10C9300000000000000000000000000000000000F7
:10C9400000000000000000000000000000000000E7
:10C9500000000000000000000000000000000000D7
:10C9600000000000000000000000000000000000C7
:10C9700000000000000000000000000000000000B7
:10C9800000000000000000000000000000000000A7
:10C990000000000000000000000000000000000097
:10C9A0000000000000000000494E4600696E66006D
:10C9B0004E414E006E616E003031323334353637C1
:10C9C00038396162636465660000000030313233DB
:10C9D000343536373839414243444546000000007B
:10C9E000286E756C6C2900003030303030303030BB
:10C9F00030303030303030302020202020202020B7
:10CA000020202020202020203030303030303030A6
:10CA10003030303030303030202020202020202096
:10CA20002020202020202020496E66696E697479BC
:10CA3000000000004E614E0042616C6C6F63207319
:10CA40007563636565646564000000002F5F5F7750
:10CA50002F5F74656D702F776F726B737061636594
:10CA60002F6275696C642F2E6275696C642F484F54
:10CA700053542D7838365F36342D7736342D6D6922
:10CA80006E677733322F61726D2D7A6570687972B7
:10CA90002D656162692F7372632F6E65776C6962B1
:10CAA0002F6E65776C69622F6C6962632F73746493
:10CAB0006C69622F64746F612E6300002F5F5F7773
:10CAC0002F5F74656D702F776F726B737061636524
:10CAD0002F6275696C642F2E6275696C642F484FE4
:10CAE00053542D7838365F36342D7736342D6D69B2
:10CAF0006E677733322F61726D2D7A657068797247
:10CB00002D656162692F7372632F6E65776C696240
:10CB10002F6E65776C69622F6C6962632F73746422
:10CB20006C69622F6D707265632E630005000000F2
:10CB3000190000007D00000043000000504F5349E1
:10CB4000580000002E0000002A2B00002A2B0000B5
:10CB500003280000292B0000292B000003280000D7
:10CB600002290000052A0000052A00000328000011
:10CB70000118000000280000042A0000042A000018
:10CB800003280000012A0000012A000003280000F9
:10CB9000002A0000002A00000328000000180000FE
:10CBA00000280000F0FFF0FFF0FFEAFF74FFF0FF45
:10CBB000F0FFF0FFF0FFEAFF000003280000032869
:10CBC00000000028000049FC0000032800000328A2
:10CBD00000000328000000007BFF80B079FF80B0D8
:10CBE00078FF80B176FF00B16CFF00B36BFF00B23D
:10CBF00077C295F360D2EF7F3552500F2CB6798013
:10CC00004164766572746973696E67206661696CE8
:10CC1000656420746F207374617274202865727269
:10CC200020256429005265636569766564204C455A
:10CC3000442073657474696E673A202564003D3D35
:10CC40003D20426F6F742053746172746564203D9F
:10CC50003D3D00506F7563682053444B205665720C
:10CC600073696F6E3A2037336465626232643634BA
:10CC7000656300506F7563682050726F746F636FE7
:10CC80006C2056657273696F6E3A20256400506F90
:10CC900075636820424C45205472616E73706F72E8
:10CCA000742050726F746F636F6C20566572736975
:10CCB0006F6E3A20256400496E697469616C697A07
:10CCC000696E6720424C452047415454207065727C
:10CCD0006970686572616C2E2E2E004661696C6504
:10CCE0006420746F20696E697469616C697A65206B
:10CCF000506F75636820424C452047415454207062
:10CD000065726970686572616C2028657272202591
:10CD1000642900456E61626C696E6720426C7565BE
:10CD2000746F6F74682E2E2E00426C7565746F6F71
:10CD3000746820696E6974206661696C6564202876
:10CD40006572722025642900426C7565746F6F747A
:10CD50006820696E697469616C697A6564004C6FFA
:10CD60006164696E672063726564656E7469616C85
:10CD7000732E2E2E004661696C656420746F206CE2
:10CD80006F616420636572746966696361746520AC
:10CD90002865727220256429004661696C656420EB
:10CDA000746F206C6F6164207072697661746520A5
:10CDB0006B65790043726564656E7469616C73209C
:10CDC0006C6F6164656400496E697469616C697A4D
:10CDD000696E6720506F7563682E2E2E00506F7538
:10CDE000636820696E6974206661696C65642028D7
:10CDF0006572722025642900506F75636820696E22
:10CE0000697469616C697A656400537461727469EC
:10CE10006E6720424C45206164766572746973695F
:10CE20006E672E2E2E004164766572746973696E8A
:10CE300067207374617274656400496E6974696116
:10CE40006C697A696E672073656E736F72732E2ECC
:10CE50002E0053656E736F727320696E697420665D
:10CE600061696C65642028657272202564292C2014
:10CE7000636F6E74696E75696E6720776974686F29
:10CE80007574207468656D0053656E736F727320DE
:10CE9000696E697469616C697A656420737563632E
:10CEA00065737366756C6C79003D3D3D20426F6F14
:10CEB0007420436F6D706C657465202D2053746110
:10CEC0007274696E67206D61696E206C6F6F70207F
:10CED0003D3D3D00476F6C696F7468006D61696E20
:10CEE000002F6C6673312F63726564656E746961BF
:10CEF0006C73004661696C656420746F20637265B1
:10CF00006174652063726564656E7469616C732019
:10CF10006469723A20256400436F756C64206E6FFB
:10CF200074206F70656E2025732C206572723A2014
:10CF3000256400436F756C64206E6F7420726561A8
:10CF4000642025732C206572723A202564002F6CB2
:10CF50006673312F63726564656E7469616C732FDB
:10CF60006B65792E646572004661696C6564207436
:10CF70006F207061727365206B65793A202D30786F
:10CF80002578004661696C656420746F20696D7056
:10CF90006F72742070726976617465206B65793A7E
:10CFA000202D30782578002F6C6673312F637265E1
:10CFB00064656E7469616C732F6372742E6465723C
:10CFC00000526573657474696E6720737973746554
:10CFD0006D00666174616C5F6572726F72004661AC
:10CFE000696C656420746F20696E697420666C6179
:10CFF0007368207772697465004661696C656420A6
:10D00000746F20777269746520746F20666C617329
:10D01000683A202564004661696C656420746F205D
:10D0200072657175657374207570677261646500EF
:10D030005265626F6F74696E6720746F20617070E3
:10D040006C79207570677261646500312E302E3006
:10D050000066775F757064617465005745540044DD
:10D060005259007B2277617465725F7072657365D7
:10D070006E74223A747275657D007B2277617465E7
:10D08000725F70726573656E74223A66616C736567
:10D090007D0057617465722073656E736F722047EF
:10D0A00050494F20706F7274206E6F7420726561EA
:10D0B00064790057617465722073656E736F7220B6
:10D0C00072656164206661696C65642028657272AE
:10D0D000202564290057617465722073746174653A
:10D0E000206368616E6765643A2025730057617438
:10D0F00065722073656E736F7220737461747573DB
:10D100003A20257320284750494F207261772076B6
:10D11000616C75653A20256429002E732F77617440
:10D12000657200576174657220737461746520754F
:10D13000706C696E6B206661696C6564202865722D
:10D1400072202564290057617465722073746174BC
:10D1500065207265706F7274656420746F20506F03
:10D160007563683A202573004661696C65642074B4
:10D170006F20636F6E66696775726520776174658D
:10D18000722073656E736F72204750494F20286577
:10D190007272202564290057617465722073656E70
:10D1A000736F7220696E697469616C207265616465
:10D1B000206661696C656420286572722025642987
:10D1C0000057617465722073656E736F7220696EAB
:10D1D000697469616C697A6564206F6E2050302EC5
:10D1E000323820284432292C20696E697469616CB8
:10D1F0002073746174653A20257320284750494F85
:10D20000207261773A202564290063627072696E2A
:10D2100074665F7061636B61676500286E696C2975
:10D22000004661696C656420746F207265626F6F7F
:10D23000743A207370696E6E696E6720656E646CF7
:10D240006573736C792E2E2E0A007F7F7F7F7F7F20
:10D250007F7F7F7F7F7F7F7F7F7F7F7F7F7F7F7FDE
:10D260007F7F7F7F7F7F7F7F7F7F7F7F7F7F7F7FCE
:10D270007F7F7F7F7F3E7F7F7F3F343536373839F2
:10D280003A3B3C3D7F7F7F407F7F7F00010203046C
:10D2900005060708090A0B0C0D0E0F1011121314C6
:10D2A00015161718197F7F7F7F7F7F1A1B1C1D1E85
:10D2B0001F202122232425262728292A2B2C2D2E06
:10D2C0002F303132337F7F7F7F7F41424344454659
:10D2D0004748494A4B4C4D4E4F5051525354555666
:10D2E0005758595A6162636465666768696A6B6C0E
:10D2F0006D6E6F707172737475767778797A30317C
:10D3000032333435363738392B2F6C6F67006C6FFA
:10D31000675F6D676D74004D657373616765206449
:10D32000726F7070656420626563617573652069F2
:10D330007420657863656564732073697A65206C11
:10D34000696D69746174696F6E2028257529000DF7
:10D350000A001B5B306D00257320005B2530386CA4
:10D36000755D20005B253032753A253032753A25DF
:10D370003032752E253033752C253033755D200005
:10D3800025732F003C25733E200025733A2000258D
:10D390003032782000202020007C001B5B313B33A2
:10D3A000316D001B5B313B33336D0065727200776A
:10D3B000726E00696E6600646267004572726F7219
:10D3C000202564207768696C652067657474696ED0
:10D3D00067207061676520696E666F004572726FC5
:10D3E00072202564207768696C65206572617369B5
:10D3F0006E6720706167650073747265616D5F664A
:10D400006C6173685F666F72776172645F65726189
:10D4100073652025642072616E67653D3078253024
:10D42000387A7800666C6173685F7772697465201A
:10D430006572726F72202564206F66667365743D35
:10D4400030782530387A7800666C617368207265B0
:10D450006164206661696C65643A202564006361DB
:10D460006C6C6261636B206661696C65643A20254F
:10D4700064004275666665722073697A6520697317
:10D4800020626967676572207468616E20706167E9
:10D4900065004275666665722073697A65206973F6
:10D4A000206E6F7420616C69676E656420746F20F4
:10D4B0006D696E696D616C2077726974652D626C3F
:10D4C0006F636B2D73697A6500496E636F72726565
:10D4D000637420706172616D657465720053697A5E
:10D4E0006520697320696E636F72726563740044AE
:10D4F0006576696365207365656D7320746F206858
:10D5000061766520302073697A65005265717565B2
:10D51000737465642072616E6765206F76657266EC
:10D520006C6F7773206465766963652073697A65CB
:10D530000053545245414D5F464C415348003031F1
:10D540003233343536373839414243444546006238
:10D550006F6172645F6364635F61636D5F75617265
:10D560007400757362776F726B7100666C617368BB
:10D570005F696D67006B65726E656C004B65726EFE
:10D58000656C20636F6D6D616E6473006379636CAD
:10D5900065733A202575206877206379636C65731D
:10D5A0000A006379636C6573004B65726E656C206D
:10D5B0006379636C65732E00556E61626C652074CF
:10D5C0006F20706172736520696E707574202865B4
:10D5D0007272202564290A00736C656570006D7392
:10D5E00000557074696D653A20256C6C75206D73FB
:10D5F0000A002D70002D2D70726574747900556EBF
:10D60000737570706F72746564206F7074696F6E7B
:10D610003A2025730A00757074696D653A20256C8F
:10D620006C7520646179732C20256C6C7520686F93
:10D630007572732C20256C6C75206D696E75746520
:10D64000732C20256C6C75207365636F6E64732C6E
:10D6500020256C6C75206D696C6C697365636F6EE9
:10D6600064730A00757074696D65004B65726E6550
:10D670006C20757074696D652E2043616E20626543
:10D680002063616C6C6564207769746820746865D8
:10D69000202D70206F72202D2D707265747479208A
:10D6A0006F7074696F6E7300342E312E30005A65BE
:10D6B000706879722076657273696F6E2025730ABF
:10D6C0000076657273696F6E004B65726E656C20D3
:10D6D00076657273696F6E2E005468697320636F8C
:10D6E0006D6D616E6420697320646570726563613D
:10D6F00074656420617320697420697320612064FB
:10D7000075706C69636174652E2055736520276C94
:10D710006F6720656E61626C652720636F6D6D6158
:10D720006E642066726F6D206C6F6767696E67202C
:10D73000636F6D6D616E6473207365742E0A00559E
:10D740006E61626C6520746F207061727365206C0D
:10D750006F672073657665726974792028657272C7
:10D76000202564290A00496E76616C6964206C6F1B
:10D7700067206C6576656C3A2025640A00556E61F9
:10D78000626C6520746F2066696E64206C6F672020
:10D79000736F757263653A2025730A006C6F675F5B
:10D7A0006C6576656C003C6D6F64756C65206E61B0
:10D7B0006D653E203C73657665726974792028300A
:10D7C0002D34293E007265626F6F74005265626F7E
:10D7D0006F742E00636F6C6400436F6C642072651D
:10D7E000626F6F742E007761726D005761726D20E9
:10D7F0007265626F6F742E00746872656164004BAD
:10D8000065726E656C20746872656164732E005376
:10D8100063686564756C65723A2025752073696E5E
:10D820006365206C6173742063616C6C0A005468DA
:10D8300072656164733A0A004E41002573257020B9
:10D84000252D3130730A00096F7074696F6E733A59
:10D8500020307825782C207072696F726974793A5B
:10D860002025642074696D656F75743A20256C6C91
:10D87000640A000973746174653A2025732C20656D
:10D880006E7472793A2025700A00556E61626C657B
:10D8900020746F2064657465726D696E6520756EA5
:10D8A0007573656420737461636B2073697A652096
:10D8B000282564290A0A0009737461636B2073695F
:10D8C0007A6520257A752C20756E75736564202520
:10D8D0007A752C20757361676520257A75202F2055
:10D8E000257A7520282575202525290A0A004C69E6
:10D8F0007374206B65726E656C2074687265616408
:10D90000732E002570204952512025303264202585
:10D9100073287265616C2073697A652025347A7585
:10D92000293A09756E757365642025347A75097511
:10D93000736167652025347A75202F2025347A7528
:10D94000202825327A75202525290A0025702025D2
:10D950002D33327320287265616C2073697A6520DB
:10D9600025347A75293A09756E75736564202534F6
:10D970007A750975736167652025347A75202F20C3
:10D9800025347A752028253275202525290A00732B
:10D990007461636B73004C697374207468726561A1
:10D9A000647320737461636B2075736167652E0007
:10D9B0005468726561642049442025702069732091
:10D9C0006E6F742076616C69640A004572726F72C2
:10D9D0003A5368656C6C2074687265616420636199
:10D9E0006E6E6F742062652073757370656E64650A
:10D9F000640A005468726561642025702073757331
:10DA000070656E6465640A0073757370656E64009A
:10DA10006B65726E656C20746872656164207375E5
:10DA20007370656E64203C7468726561645F6964DC
:10DA30003E004572726F723A5368656C6C20746870
:10DA4000726561642063616E6E6F7420626520721E
:10DA50006573756D65640A0054687265616420259C
:10DA60007020726573756D65640A00726573756DFB
:10DA700065006B65726E656C207468726561642008
:10DA8000726573756D65203C7468726561645F6969
:10DA9000643E004572726F723A5368656C6C207414
:10DAA00068726561642063616E6E6F7420626520C8
:10DAB0006B696C6C65640A000A2054687265616465
:10DAC000202570206B696C6C65640A006B696C6C56
:10DAD000006B65726E656C20746872656164206BA2
:10DAE000696C6C203C7468726561645F69643E00B7
:10DAF00052454144590044495341424C4544006415
:10DB00006576696365733A0A005B25705D002D20B8
:10DB100025730020204454206E6F6465206C616280
:10DB2000656C733A0044657669636520636F6D6D5B
:10DB3000616E6473004C69737420636F6E6669670D
:10DB400075726564206465766963657300557369F1
:10DB50006E6720646174612077696474682025644D
:10DB60000A00496E636F7272656374206461746148
:10DB70002077696474680A00526561642076616C7C
:10DB8000756520307825780A0057726974696E6768
:10DB90002076616C756520307825780A00696E768C
:10DBA000616C6964206164647220272573270A0010
:10DBB000696E76616C69642073697A6520272573C4
:10DBC000270A00696E76616C6964207769647468FD
:10DBD00020272573270A00613A733A773A00272DE8
:10DBE00061203C616464726573733E272069732011
:10DBF0006D616E6461746F72790A00272D73203C29
:10DC000073697A653E27206973206D616E64617463
:10DC10006F72790A006465766D656D206C6F616462
:10DC200020737570706F7274732073657474696E8D
:10DC30006720627970617373206F6E206120736951
:10DC40006E676C6520696E7374616E63652E0A0081
:10DC50004C6F6164696E672E2E2E0A707265737345
:10DC6000206374726C2D78206374726C2D71207433
:10DC70006F206573636170650A004E756D62657231
:10DC8000206F6620627974657320726561643A2042
:10DC900025640A002D6500556E6B6E6F776E206FE0
:10DCA0007074696F6E20222573220A006465766D98
:10DCB000656D00526561642F7772697465207068C4
:10DCC00079736963616C206D656D6F72790A557344
:10DCD0006167653A0A52656164206D656D6F72799E
:10DCE000206174206164647265737320776974685D
:10DCF000206F7074696F6E616C2077696474683A24
:10DD00000A6465766D656D203C6164647265737349
:10DD10003E205B3C77696474683E5D0A57726974A3
:10DD200065206D656D6F7279206174206164647225
:10DD30006573732077697468206D616E6461746FB8
:10DD4000727920776964746820616E642076616CF2
:10DD500075653A0A6465766D656D203C6164647230
:10DD60006573733E203C77696474683E203C76613D
:10DD70006C75653E0064756D700055736167653A3A
:10DD80000A6465766D656D2064756D70202D612067
:10DD90003C616464726573733E202D73203C73692B
:10DDA0007A653E205B2D77203C77696474683E5D20
:10DDB0000A006C6F61640055736167653A0A6465B7
:10DDC000766D656D206C6F6164205B6F7074696F38
:10DDD0006E735D205B616464726573735D0A4F707E
:10DDE00074696F6E733A0A2D65096C6974746C6599
:10DDF0002D656E6469616E207061727365005258A2
:10DE00002072696E67206275666665722066756C41
:10DE10006C2E007368656C6C2E7368656C6C5F7536
:10DE200061727400756172743A7E242000736865B3
:10DE30006C6C5F756172745F6261636B656E6400C8
:10DE4000537562636F6D6D616E64733A0A006E6F35
:10DE500074207465726D696E617465643A2025631F
:10DE60000A00506C6561736520737065636966793B
:10DE7000206120737562636F6D6D616E642E0A00A0
:10DE80004572726F723A207265717565737465645C
:10DE9000206D756C7469706C652066756E6374694D
:10DEA0006F6E20657865637574696F6E730A003AEA
:10DEB00020636F6D6D616E64206E6F7420666F7588
:10DEC0006E6400546F6F206D616E792061726775AA
:10DED0006D656E747320696E2074686520636F6D64
:10DEE0006D616E642E0A0025733A2077726F6E673B
:10DEF00020706172616D6574657220636F756E74F8
:10DF00000A005741524E494E473A204120707269EB
:10DF10006E74207265717565737420776173206407
:10DF200065746563746564206F6E206E6F74206124
:10DF30006374697665207368656C6C206261636BDD
:10DF4000656E642E0A000A25732573005368656C9C
:10DF50006C20746872656164206572726F723A2019
:10DF6000256400506C656173652070726573732061
:10DF7000746865203C5461623E20627574746F6EF3
:10DF800020746F2073656520616C6C206176616917
:10DF90006C61626C6520636F6D6D616E64732E0AD7
:10DFA00000596F752063616E20616C736F2075730B
:10DFB0006520746865203C5461623E20627574740B
:10DFC0006F6E20746F2070726F6D7074206F72208E
:10DFD0006175746F2D636F6D706C65746520616C15
:10DFE0006C20636F6D6D616E6473206F7220697455
:10DFF0007320737562636F6D6D616E64732E0A00BA
:10E00000596F752063616E2074727920746F20637C
:10E01000616C6C20636F6D6D616E647320776974E1
:10E0200068203C2D683E206F72203C2D2D68656C69
:10E03000703E20706172616D6574657220666F72EA
:10E04000206D6F726520696E666F726D6174696FA5
:10E050006E2E0A000A5368656C6C20737570706FC1
:10E0600072747320666F6C6C6F77696E67206D6574
:10E0700074612D6B6579733A0A20204374726C20A9
:10E080002B202861206B65792066726F6D3A2061C4
:10E0900062636465666B6C6E707577290A20204137
:10E0A0006C7420202B202861206B65792066726FAC
:10E0B0006D3A206266290A506C656173652072654D
:10E0C00066657220746F207368656C6C20646F6382
:10E0D000756D656E746174696F6E20666F72206D08
:10E0E0006F72652064657461696C732E0A000A4161
:10E0F0007661696C61626C6520636F6D6D616E64E1
:10E10000733A0A00253038583A20007C0A005072D1
:10E11000696E7473207468652068656C70206D6525
:10E1200073736167652E001B5B25642563001B5BB1
:10E13000313B3325646D001B5B34303325646D0047
:10E140002D68002D2D68656C7000202D200020208A
:10E15000004C6F7374206C6F67733A20256C750ADE
:10E1600000416374697665207368656C6C20626138
:10E17000636B656E64733A0A0020202532642E209A
:10E180003A257320282573290A005B2533645D2016
:10E1900025730A006F66660020756E6B6E6F776E72
:10E1A00020706172616D657465723A200025733A62
:10E1B000257325730A004563686F20737461747555
:10E1C000733A2025730A004E6F20726573706F6E6C
:10E1D00073652066726F6D20746865207465726D5A
:10E1E000696E616C2C20617373756D6564203830C5
:10E1F0007832342073637265656E2073697A650ABC
:10E20000001B5B366E0072657476616C005072693B
:10E210006E742072657475726E2076616C756520FF
:10E220006F66206D6F737420726563656E74206312
:10E230006F6D6D616E6400726573697A6500436F1E
:10E240006E736F6C652067657473207465726D6999
:10E250006E616C2073637265656E2073697A6520E8
:10E260006F7220617373756D657320646566617587
:10E270006C7420696E206361736520746865207218
:10E280006561646F7574206661696C732E204974D2
:10E29000206D75737420626520657865637574659B
:10E2A00064206166746572206561636820746572BC
:10E2B0006D696E616C207769647468206368616E53
:10E2C000676520746F20656E7375726520636F7269
:10E2D00072656374207465787420646973706C610E
:10E2E000792E00686973746F727900436F6D6D6188
:10E2F0006E6420686973746F72792E005573656659
:10E30000756C2C206E6F7420556E69782D6C696B5E
:10E3100065207368656C6C20636F6D6D616E6473EE
:10E320002E00636C65617200436C656172207363DB
:10E330007265656E2E0072656D0049676E6F72655D
:10E34000206C696E657320626567696E6E696E67C1
:10E350002077697468202772656D202700646566E0
:10E3600061756C7400417373756D6520383020637E
:10E37000686172732073637265656E207769647477
:10E380006820616E642073656E6420746869732010
:10E3900073657474696E6720746F20746865207487
:10E3A00065726D696E616C2E006261636B656E648F
:10E3B00073004C69737420616374697665207368B7
:10E3C000656C6C206261636B656E64732E0A00621B
:10E3D00061636B73706163655F6D6F646500546F3B
:10E3E00067676C65206261636B7370616365206B46
:10E3F0006579206D6F64652E0A536F6D65207465B5
:10E40000726D696E616C7320617265206E6F74202D
:10E4100073656E64696E672073657061726174659F
:10E420002065736361706520636F646520666F7239
:10E43000206261636B737061636520616E64206448
:10E44000656C65746520627574746F6E2E205468F7
:10E45000697320636F6D6D616E6420666F726365B2
:10E4600073207368656C6C20746F20696E746572BC
:10E47000707265742064656C657465206B657920C5
:10E480006173206261636B73706163652E00636FFB
:10E490006C6F727300546F67676C6520636F6C6F8D
:10E4A0007265642073796E7461782E0076743130F1
:10E4B0003000546F67676C652076743130302063AC
:10E4C0006F6D6D616E64732E0070726F6D7074008D
:10E4D000546F67676C652070726F6D70742E006585
:10E4E00063686F00546F67676C65207368656C6C58
:10E4F000206563686F2E00737461747300536865E0
:10E500006C6C20737461746973746963732E006238
:10E5100061636B7370616365005365742064696641
:10E52000666572656E742065736361706520636FE4
:10E53000646520666F72206261636B7370616365EE
:10E5400020616E642064656C657465206B65792E4E
:10E550000064656C6574650053657420746865209B
:10E5600073616D652065736361706520636F6465B9
:10E5700020666F72206261636B73706163652061F6
:10E580006E642064656C657465206B65792E00721D
:10E5900065736574005265736574207368656C6C8F
:10E5A000207374617469737469637320666F722079
:10E5B000746865204C6F67676572206D6F64756C59
:10E5C000652E0073686F7700476574207368656C0B
:10E5D0006C207374617469737469637320666F72FD
:10E5E00020746865204C6F67676572206D6F647575
:10E5F0006C652E0044697361626C65207368656C9C
:10E600006C206563686F2E2045646974696E6720AD
:10E610006B65797320616E64206D6574612D6B6527
:10E62000797320617265206E6F742068616E646C0E
:10E63000656400456E61626C65207368656C6C2072
:10E640006563686F2E0044697361626C6520707247
:10E650006F6D70742E00456E61626C652070726F14
:10E660006D70742E0044697361626C65207674313C
:10E67000303020636F6D6D616E64732E00456E6186
:10E68000626C6520767431303020636F6D6D616E21
:10E6900064732E0044697361626C6520636F6C6FF4
:10E6A0007265642073796E7461782E00456E6162C4
:10E6B0006C6520636F6C6F7265642073796E746132
:10E6C000782E00436F6D6D616E64206275666665BD
:10E6D0007220697320746F6F2073686F7274207476
:10E6E0006F20657870616E6420616C6C20636F6D63
:10E6F0006D616E6473206D61746368696E67207705
:10E70000696C6463617264207061747465726E3ADE
:10E710002025730A00666C6173680072302F6131C6
:10E720003A2020307825303878202072312F61321D
:10E730003A2020307825303878202072322F61330B
:10E740003A20203078253038780072332F61343AFF
:10E750002020307825303878207231322F69703A95
:10E760002020307825303878207231342F6C723A7E
:10E7700020203078253038780020787073723A2065
:10E7800020307825303878004661756C74696E6782
:10E7900020696E737472756374696F6E206164644E
:10E7A0007265737320287231352F7063293A2030D7
:10E7B000782530387800556E68616E646C65642029
:10E7C0004952516E3A202564002A2A2A2A2A2042D8
:10E7D0005553204641554C54202A2A2A2A2A0020E3
:10E7E00020537461636B696E67206572726F72008B
:10E7F0002020556E737461636B696E672065727259
:10E800006F720020205072656369736520646174C3
:10E810006120627573206572726F7200202042461B
:10E82000415220416464726573733A2030782578D0
:10E83000002020496D70726563697365206461749E
:10E840006120627573206572726F72002020496EBC
:10E85000737472756374696F6E206275732065726C
:10E86000726F72002020466C6F6174696E672D7044
:10E870006F696E74206C617A79207374617465209D
:10E88000707265736572766174696F6E20657272FD
:10E890006F72002A2A2A2A2A2055534147452046CA
:10E8A00041554C54202A2A2A2A2A002020446976DD
:10E8B0006973696F6E206279207A65726F0020201B
:10E8C000556E616C69676E6564206D656D6F7279F8
:10E8D000206163636573730020204E6F20636F7047
:10E8E000726F636573736F7220696E737472756390
:10E8F00074696F6E73002020496C6C6567616C20D1
:10E900006C6F6164206F66204558435F52455455D3
:10E91000524E20696E746F205043002020496C6C69
:10E920006567616C20757365206F6620746865206B
:10E9300045505352002020417474656D70742074EA
:10E940006F206578656375746520756E64656669AA
:10E950006E656420696E737472756374696F6E009E
:10E960002A2A2A2A2A204D5055204641554C542007
:10E970002A2A2A2A2A002020537461636B696E6751
:10E98000206572726F722028636F6E7465787420D0
:10E9900061726561206D69676874206265206E6FC1
:10E9A000742076616C6964290020204461746120C0
:10E9B0004163636573732056696F6C6174696F6E30
:10E9C0000020204D4D4641522041646472657373AE
:10E9D0003A2030782578002020496E737472756370
:10E9E00074696F6E204163636573732056696F6C41
:10E9F0006174696F6E005265736572766564204557
:10EA00007863657074696F6E202800537075726941
:10EA10006F757320696E7465727275707420284901
:10EA200052512000535053454C20696E2074687237
:10EA3000656164206D6F646520646F6573206E6F1F
:10EA40007420696E64696361746520505350002AB4
:10EA50002A2A2A2A2048415244204641554C542013
:10EA60002A2A2A2A2A002020427573206661756CA2
:10EA700074206F6E20766563746F72207461626CAF
:10EA800065207265616400202044656275672065B9
:10EA900076656E740020204661756C742065736322
:10EAA000616C6174696F6E20287365652062656CA6
:10EAB0006F772900415243485F45584345505420E1
:10EAC0007769746820726561736F6E2025780A001B
:10EAD0002A2A2A2A2A204465627567206D6F6E698A
:10EAE000746F7220657863657074696F6E202A2A6E
:10EAF0002A2A2A002A2A2A2A2A202573202564293C
:10EB0000202A2A2A2A2A006D7075004661696C65E0
:10EB10006420746F20616C6C6F63617465206E6536
:10EB200077204D505520726567696F6E2025750AF4
:10EB300000506172746974696F6E2025753A207394
:10EB4000616E69747920636865636B206661696CC6
:10EB500065642E00464C4153485F30005352414D8E
:10EB60005F300061626F727428290A006765746FF4
:10EB70007074006E65745F627566006E65745F62C6
:10EB800075665F73696D706C6500000001000000C0
:10EB9000736F6300696E76616C69642066696C6589
:10EBA000206E616D652121006D6F756E7420706F30
:10EBB000696E74206E6F7420666F756E642121001B
:10EBC00066696C652073686F756C64206265206F80
:10EBD00070656E656420666F722077726974652057
:10EBE000746F207472756E636174652121006669AB
:10EBF0006C65207472756E636174696F6E206E6FE0
:10EC00007420737570706F72746564212100666979
:10EC10006C65206F70656E206572726F722028259A
:10EC200064290066696C65207472756E636174692D
:10EC30006F6E206661696C65642028256429006612
:10EC4000696C6520636C6F7365206572726F7220EA
:10EC5000282564290066696C6520726561642065F9
:10EC600072726F7220282564290066696C652077AE
:10EC700072697465206572726F722028256429009C
:10EC800066696C65207365656B206572726F7220B2
:10EC9000282564290066696C652074656C6C2065A4
:10ECA00072726F7220282564290066696C65207471
:10ECB00072756E63617465206572726F72202825AB
:10ECC000642900696E76616C6964206469726563A9
:10ECD000746F7279206E616D6521210064697265BF
:10ECE00063746F7279206F70656E206572726F72D7
:10ECF0002028256429006469726563746F72792025
:10ED000072656164206572726F7220282564290023
:10ED10006469726563746F727920636C6F736520C8
:10ED20006572726F722028256429006661696C65BE
:10ED30006420746F20637265617465206469726514
:10ED400063746F72792028256429006661696C6597
:10ED50006420746F20756E6C696E6B2070617468CE
:10ED6000202825642900696E76616C6964206669D3
:10ED70006C65206F7220646972206E616D6521215F
:10ED8000006661696C6564206765742066696C65FE
:10ED9000206F722064697220737461742028256466
:10EDA00029006D6F756E7420706F696E74206E6FC0
:10EDB0007420696E697469616C697A6564212100E7
:10EDC00066696C652073797374656D20616C72651A
:10EDD000616479206D6F756E746564212100696EC0
:10EDE00076616C6964206D6F756E7420706F696EEA
:10EDF000742121006D6F756E7420706F696E7420C0
:10EE0000616C72656164792065786973747321211E
:10EE1000007265717565737465642066696C652040
:10EE200073797374656D2074797065206E6F7420CA
:10EE30007265676973746572656421210066732069
:10EE40007479706520256420646F6573206E6F741B
:10EE500020737570706F7274206D6F756E74696E4B
:10EE600067006D6F756E7420706174682025732063
:10EE70006973206E6F7420756E6D6F756E7461624C
:10EE80006C65006673206D6F756E74206572726FAD
:10EE9000722028256429006C6974746C656673207F
:10EEA000706172746974696F6E20617420257300DB
:10EEB0004175746F6D6F756E742025732073756363
:10EEC000636565646564004175746F6D6F756E741C
:10EED000202573206661696C65643A2025640025ED
:10EEE0007320756E6D6F756E746564004C69747413
:10EEF0006C6546532076657273696F6E2025752E9A
:10EF000025752C206469736B2076657273696F6E4A
:10EF10002025752E25750043616E277420696E6962
:10EF200074206C6974746C656673206261636B65D0
:10EF30006E642C2072657669657720636F6E6669F2
:10EF4000677320616E6420666C616773203078257A
:10EF50003038780063616E2774206F70656E2066AC
:10EF60006C61736820617265612025642C20657274
:10EF7000722025640063616E2774206765742066C3
:10EF80006C617368206465766963653A2025730057
:10EF900046532061742025733A30782578206973B0
:10EFA00020257520307825782D6279746520626C73
:10EFB0006F636B73207769746820257520637963AC
:10EFC0006C6500706172746974696F6E2073697A20
:10EFD00065733A207264202575203B2070722025CD
:10EFE00075203B206361202575203B206C61202526
:10EFF000750063616E2774206D6F756E7420284CE8
:10F000004653202564293B20666F726D61747469D4
:10F010006E670063616E206E6F7420666F726D6143
:10F020007420726561642D6F6E6C792073797374CE
:10F03000656D0072656D6F756E74206166746572C2
:10F0400020666F726D6174206661696C656420284A
:10F050004C465320256429002573206D6F756E740E
:10F06000656400D9FBFBFBFBFBFBFBFBFBFBFBFB3A
:10F07000FBFBFBFBFBFBFBFBFBFBFBFBFBFBFBFBE0
:10F08000FBFBFBFBFBFBFBFBFBFBFBFBFBFBFBFBD0
:10F09000FBFBFBFBFBFBFBFBFBFBFBFBFBFBFBFBC0
:10F0A000FBE4E5FBFBFBFBEAEBECFBFBEFFBFBAC68
:10F0B000FBF4FBFBF7FBFBFBFBFBFBFEF2FBFBFBB1
:10F0C000FBFBFBFBFBFBFBFBFBFBFBFBFBFBFBFB90
:10F0D000FBFBFBFBFBFBFBFBFBFBFBFBFBFBFBFB80
:10F0E000FBFBFBFBFBFBFBFBFBA6FBFBFBFBFBFBC5
:10F0F000FBFBFBFBE4E5FBFBFBFBEAEBECFBFBEFC9
:10F10000FBFBFBFBF4FBFBF7FBFBFBFBFBFBFE2F23
:10F110006C667331006C6974746C6566730025737A
:10F1200020646F65736E27742065786973740A00B4
:10F130002573206973206E6F742061206469726585
:10F1400063746F72790A00556E61626C6520746F2A
:10F15000206F70656E2025732028657272202564EB
:10F16000290A00556E61626C6520746F20726561BA
:10F1700064206469726563746F72790A0045727203
:10F180006F72206372656174696E67206469725B77
:10F1900025645D0A004661696C656420746F206FA8
:10F1A000627461696E2066696C652025732028652C
:10F1B00072723A202564290A004E6F74206120661D
:10F1C000696C652025730A0046696C652073697A4D
:10F1D000653A20257A640A004661696C656420748A
:10F1E0006F206F70656E20257320282564290A0022
:10F1F0004661696C656420746F207365656B2025BA
:10F200007320282564290A0025303858202000253D
:10F210003032582000252A63004661696C656420FD
:10F22000746F20726561642066726F6D2066696C10
:10F230006520257320286572723A20257A64290A90
:10F24000004661696C656420746F2072656D6F762D
:10F250006520257320282564290A004661696C65AC
:10F260006420746F207265616420257320282564F2
:10F27000290A004661696C656420746F20777269A1
:10F28000746520257320282564290A004661696C6D
:10F29000656420746F2077726974652025730A0095
:10F2A0004661696C656420746F20636C6F736520C0
:10F2B00025730A004661696C656420746F2073745D
:10F2C000617476667320257320282564290A0062FC
:10F2D00073697A6520256C752C20667273697A656E
:10F2E00020256C752C20626C6F636B7320256C7508
:10F2F0002C20626672656520256C750A004661697E
:10F300006C656420746F207472756E63617465201F
:10F31000257320282564290A002D6F004D69737319
:10F32000696E6720617267756D656E740A00466963
:10F330006C652073797374656D20636F6D6D616E9C
:10F340006473006364004368616E676520776F7261
:10F350006B696E67206469726563746F7279004CC3
:10F360006973742066696C657320696E20637572B9
:10F3700072656E74206469726563746F7279006D72
:10F380006B646972004372656174652064697265BB
:10F3900063746F727900707764005072696E7420C4
:10F3A00063757272656E7420776F726B696E672019
:10F3B0006469726563746F72790052656164206676
:10F3C000726F6D2066696C650063617400436F6ED7
:10F3D000636174656E6174652066696C6573206134
:10F3E0006E64207072696E74206F6E207468652080
:10F3F0007374616E64617264206F757470757400EB
:10F4000052656D6F76652066696C650063700043B8
:10F410006F70792066696C650073746174766673C9
:10F420000053686F772066696C6520737973746523
:10F430006D207374617465007472756E630054722C
:10F44000756E636174652066696C650057726974D6
:10F45000652066696C650067726F7570006D637515
:10F460006D67725F66735F677270006275665F7367
:10F47000697A65006275665F636F756E74006D63AF
:10F48000756D67725F6F735F677270006D63756D26
:10F49000677220736D70006D63756D67725F736D59
:10F4A00070004661696C656420746F20616C6C6FDC
:10F4B0006320534D502062756600736D705F7368F2
:10F4C000656C6C0000FFFFFFFFFFFF000000000005
:10F4D0000000FFFFFFFFFFFF00000000000070754D
:10F4E000626C69630072616E646F6D007075626C4E
:10F4F00069632D69640072616E646F6D2D696400CB
:10F50000253032583A253032583A253032583A258B
:10F510003032583A253032583A2530325820282592
:10F52000732900303132333435363738396162630C
:10F530006465660062745F727061004254204C57CB
:10F540002057510002FB349B5F80000080001000B8
:10F55000000000000062745F6275660062745F64A0
:10F5600061746100436F756C64206E6F74207375F5
:10F57000626D69742072785F776F726B3A202564D0
:10F58000004461746120627566666572206F7665FD
:10F5900072666C6F7720286C696E6B207479706569
:10F5A00020307825303278290048617264776172A2
:10F5B00065206572726F722C206861726477617267
:10F5C0006520636F64653A20256400556E61626C46
:10F5D0006520746F206C6F6F6B757020636F6E6E3B
:10F5E00020666F722068616E646C65202575005519
:10F5F0006E61626C6520746F206C6F6F6B2075702C
:10F6000020636F6E6E20776974682068616E646C29
:10F610006520257500546F6F20736D616C6C202818
:10F62000257520627974657329206576656E74206E
:10F6300030782530327800556E68616E646C656490
:10F64000206576656E7420307825303278206C65C0
:10F650006E2025753A20257300496E76616C6964C9
:10F66000204843492041434C207061636B657420FE
:10F6700073697A6520282575290041434C2064610F
:10F680007461206C656E677468206D69736D617458
:10F6900063682028257520213D2025752900556E99
:10F6A00061626C6520746F2066696E6420636F6EA2
:10F6B0006E20666F722068616E646C65202575002F
:10F6C000496E76616C696420484349206576656EB1
:10F6D000742073697A65202825752900574553548D
:10F6E0005F544F504449522F7A65706879722F7376
:10F6F00075627379732F626C7565746F6F74682FA0
:10F70000686F73742F6863695F636F72652E63003F
:10F7100062745F6863695F6576745F6765745F666E
:10F720006C616773286864722D3E657674292026A3
:10F73000202831554C203C3C2028312929004153B8
:10F7400053455254494F4E204641494C205B257346
:10F750005D20402025733A25640A00556E6B6E6F5C
:10F76000776E206275662074797065202575005566
:10F770006E68616E646C65642076656E646F722D70
:10F780007370656369666963206576656E742030A1
:10F790007825303278206C656E2025753A202573E7
:10F7A000004E6F2070656E64696E672070657269C7
:10F7B00070686572616C20636F6E6E656374696FEB
:10F7C0006E00556E6578706563746564207374614E
:10F7D00074757320307825303278202573004E6F91
:10F7E00020636F6D6D616E642073656E7420666F4B
:10F7F0007220636D6420636F6D706C65746520307A
:10F800007825303478004F70436F64652030782558
:10F8100030347820636F6D706C6574656420696E38
:10F820007374656164206F662065787065637465C4
:10F83000642030782530347800657674206E756DDC
:10F840005F68616E646C657320283D25752920749E
:10F850006F6F206C6172676520282575203E20251A
:10F860007529004E6F20636F6E6E656374696F6EED
:10F8700020666F722068616E646C6520257500706B
:10F8800061636B65747320636F756E74206D69734B
:10F890006D6174636800696E74657276616C206571
:10F8A000786365656473207468652076616C69644B
:10F8B0002072616E676520307825303478006C6185
:10F8C00074656E6379206578636565647320746818
:10F8D000652076616C69642072616E67652030789E
:10F8E0002530347800737570765F74696D656F7557
:10F8F000742065786365656473207468652076613B
:10F900006C69642072616E676520307825303478C8
:10F91000004661696C656420746F207365742072A1
:10F920006571756972656420736563757269747950
:10F93000206C6576656C004E6F206368616E67654C
:10F9400020746F20656E6372797074696F6E2073B6
:10F95000746174652028656E6372797074203078E4
:10F96000253032782900756E6B6E6F776E00657684
:10F97000745F666C6167732026202831554C203CEB
:10F980003C202830292900496E76616C6964206228
:10F9900075662074797065202575005B305D0049BF
:10F9A00064656E7469747925733A2025730049641F
:10F9B000656E746974795B25645D3A20257300482F
:10F9C00043493A2076657273696F6E20257320284B
:10F9D00030782530327829207265766973696F6EC8
:10F9E000203078253034782C206D616E7566616327
:10F9F000747572657220307825303478004C4D5023
:10FA00003A2076657273696F6E20257320283078EE
:10FA1000253032782920737562766572203078251A
:10FA200030347800556E61626C6520746F207365A8
:10FA30006E6420746F206472697665722028657226
:10FA40007220256429004F7574206F6620636F6DE6
:10FA50006D616E64206275666665727300556E61D5
:10FA6000626C6520746F20616C6C6F6361746520DB
:10FA700062756666657200556E636C656172656479
:10FA80002070656E64696E672073656E745F636D68
:10FA90006400737563636573730009636F6D6D61F3
:10FAA0006E64206F70636F64652030782530347821
:10FAB0002074696D656F75740A00657272203D3D32
:10FAC00020300009436F6E74726F6C6C6572207524
:10FAD0006E726573706F6E736976652C20636F6DDF
:10FAE0006D616E64206F70636F64652030782530BF
:10FAF00034782074696D656F757420776974682037
:10FB00006572722025640A006F70636F646520302F
:10FB100078253034782073746174757320307825BB
:10FB2000303278202573004661696C656420746FFB
:10FB3000207265616420444C45206D6178206461C9
:10FB40007461206C656E0074785F6F6374657473A4
:10FB50002065786365656473207468652076616CE0
:10FB600069642072616E67652025750074785F7422
:10FB7000696D6520657863656564732074686520C8
:10FB800076616C69642072616E6765202575004E30
:10FB90006F6E2D4C452063617061626C6520636FF0
:10FBA0006E74726F6C6C65722064657465637465E5
:10FBB00064210041434C2042522F4544522062753B
:10FBC0006666657273206E6F7420696E6974696110
:10FBD0006C697A65640056656E646F7220484349AB
:10FBE00020657874656E73696F6E73206E6F742014
:10FBF000617661696C61626C6500485720506C6188
:10FC000074666F726D3A2025732028307825303461
:10FC100078290048572056617269616E743A202530
:10FC200073202830782530347829004669726D7742
:10FC30006172653A20257320283078253032782982
:10FC40002056657273696F6E2025752E25752042CA
:10FC500075696C64202575004661696C6564207463
:10FC60006F207265616420737570706F7274656463
:10FC70002076656E646F7220636F6D6D616E647364
:10FC8000004661696C656420746F20726561642050
:10FC9000737570706F727465642076656E646F72D0
:10FCA000206665617475726573004843492064720B
:10FCB00069766572206973206E6F74207265616465
:10FCC000790042542052582057510048434920643B
:10FCD0007269766572206F70656E206661696C6509
:10FCE000642028256429004E6F2070656E64696E5B
:10FCF0006720636F6E6E20666F722070656572207C
:10FD0000257300556E657870656374656420484F8F
:10FD100053545F4E554D5F434F4D504C45544544F1
:10FD20005F5041434B4554532C2073746174757379
:10FD30002030782530327820257300000909090920
:10FD40000102090909090909090909090907090934
:10FD50000909090609090909090909090909090916
:10FD60000909090905312E306200312E3100312E8A
:10FD70003200322E3000322E3100332E3000342E3D
:10FD80003000342E3100342E3200352E3000352E26
:10FD90003100352E3200352E3300352E3400362E0C
:10FDA00030005374616E6461726420426C756574D6
:10FDB0006F6F746820636F6E74726F6C6C65720025
:10FDC00056656E646F72207370656369666963203F
:10FDD000636F6E74726F6C6C6572004669726D77DA
:10FDE000617265206C6F6164657200526573637542
:10FDF0006520696D6167650072657365727665641B
:10FE0000006E5246353178006E5246353278006EBB
:10FE10005246353378006E524635344878006E527B
:10FE20004635344C7800496E74656C20436F7270AF
:10FE30006F726174696F6E004E6F726469632053F4
:10FE4000656D69636F6E647563746F72004E5850B0
:10FE50002053656D69636F6E647563746F727300B0
:10FE600062745F6863695F636F72650057455354DE
:10FE70005F544F504449522F7A65706879722F73DE
:10FE800075627379732F626C7565746F6F74682F08
:10FE9000686F73742F6863695F636F6D6D6F6E2E2B
:10FEA0006300636D6420646973616C6C6F77656473
:10FEB000004661696C656420746F206469736162D7
:10FEC0006C652061646472657373207265736F6C16
:10FED0007574696F6E005265736F6C76696E67201A
:10FEE0006C6973742073697A6520657863656564ED
:10FEF00065642E20537769746368696E6720746F38
:10FF000020686F73742E004661696C656420746F9D
:10FF100020636C656172207265736F6C7574696FB4
:10FF20006E206C697374004661696C656420746F3F
:10FF3000206164642049524B20746F20636F6E749B
:10FF4000726F6C6C657200536574207072697661B3
:10FF50006379206D6F646520636F6D6D616E6420E1
:10FF60006973206E6F7420737570706F727465643E
:10FF7000004661696C656420746F2073657420703D
:10FF8000726976616379206D6F646500446973619D
:10FF9000626C696E67206164647265737320726558
:10FFA000736F6C7574696F6E206661696C6564202F
:10FFB0002865727220256429004661696C65642099
:10FFC000746F2072656D6F76652049524B206672A2
:10FFD0006F6D20636F6E74726F6C6C6572004F6E24
:10FFE0006C792072616E646F6D20737461746963E3
:10FFF000206964656E7469747920616464726573E4
:0200000260009C
:100000007320737570706F7274656400496E7661E9
:100010006C696420696E70757420706172616D65C1
:1000200074657273004661696C656420746F207238
:10003000656164207075626C6963206164647265D7
:100040007373005265616420537461746963204165
:10005000646472657373657320636F6D6D616E6444
:10006000206E6F7420617661696C61626C65004618
:1000700061696C656420746F2072656164207374BB
:100080006174696320616464726573736573004EA3
:100090006F20737461746963206164647265737343
:1000A00065732073746F72656420696E20636F6E70
:1000B00074726F6C6C65720043616E277420736597
:1000C0007420626F7468204944454E544954592045
:1000D00026204E52504100556E61626C6520746F4F
:1000E00020736574206964656E7469747920616435
:1000F000647265737300556E61626C6520746F2065
:100100007365742072616E646F6D206164647265E2
:1001100073730062745F696400546F6F2062696773
:10012000206164766572746973696E6720646174B6
:1001300061004661696C656420746F20737461723C
:1001400074206164766572746973657200466169D2
:100150006C656420746F2073746F702061647665C1
:1001600072746973696E673A20256400436F6E7418
:10017000726F6C6C65722063616E6E6F7420726555
:1001800073756D6520636F6E6E65637461626C6517
:10019000206164766572746973696E6720282564CE
:1001A000290062745F616476004661696C65642051
:1001B000746F2067656E65726174652045434320E6
:1001C0006B6579202564004661696C656420746FF5
:1001D000206578706F727420454343207075626C9F
:1001E0006963206B6579202564004661696C6564EC
:1001F00020746F206578706F7274204543432070BF
:10020000726976617465206B6579202564004661AA
:10021000696C656420746F2064657374726F7920F3
:10022000454343206B65792049442025640046619D
:10023000696C656420746F20696D706F72742074CE
:1002400068652070726976617465206B65792066D7
:100250006F72206B65792061677265656D656E747C
:1002600020256400526177206B6579206167726593
:10027000656D656E74206661696C65642025640037
:100280004661696C656420746F2064657374726F75
:100290007920746865206B6579202564007073612E
:1002A0005F696D706F72745F6B6579282920726564
:1002B0007475726E6564207374617475732025643F
:1002C0000043616C6C6261636B20616C7265616498
:1002D000792072656769737465726564004275732D
:1002E0007920706572666F726D696E6720616E6FDE
:1002F000746865722045434448206F70657261746C
:10030000696F6E00E69D350E480103CCDBFDF4AC51
:100310001191F4EFB9A5F9E9A7832C5E2CBE97F2F1
:10032000D203B0208BD28915D08E1C742430ED8F6F
:10033000C24563765C15525ABF9A32636DEB2A65EB
:10034000499C80DC62745F656363004661696C652B
:100350006420726561642072656D6F7465206665E6
:100360006174757265732028256429004661696C83
:100370006564204C45205365742050485920282539
:100380006429004661696C656420746F207365742C
:100390002064617461206C656E20282564290055F5
:1003A0006E65787065637465642066697273742025
:1003B0004C32434150206672616D6500556E657820
:1003C000706563746564204C3243415020636F6EE6
:1003D00074696E756174696F6E004E6F7420656E1E
:1003E0006F756768206275666665722073706163F9
:1003F0006520666F72204C32434150206461746105
:1004000000556E65787065637465642041434C20C7
:10041000666C616773202830782530327829004176
:10042000434C206C656E206D69736D617463682048
:10043000282575203E202575290028756E6B6E6F66
:10044000776E29006E6F207472616E736974696FC4
:100450006E20257300496E76616C696420282575CD
:1004600029206F6C6420737461746500636F6E6E15
:10047000202570206661696C656420746F20657347
:100480007461626C6973682E205246206E6F6973C6
:10049000653F006E6F2076616C69642028257529A0
:1004A00020737461746520776173207365740069CB
:1004B0006E636F6D70617469626C652068616E64F3
:1004C0006C652025750054696D656F7574206469CD
:1004D000736361726465642E204E6F20626C6F637B
:1004E0006B696E6720696E2073797377712E005582
:1004F0006E61626C6520746F20616C6C6F636174F7
:1005000065206275666665722077697468696E2019
:1005100074696D656F757400636F6E6E2025703A37
:10052000206E6F7420636F6E6E6563746564004641
:100530006174616C206572726F7220282564292EA7
:1005400020446973636F6E6E656374696E672025FE
:100550007000466F756E642076616C696420636F0D
:100560006E6E656374696F6E202825702920776927
:100570007468206164647265737320257320696EEA
:10058000202573207374617465200053656E6420A8
:100590004C4520706172616D2075706461746520D6
:1005A0006661696C65642028657272202564290083
:1005B00053656E64206175746F204C4520706172C4
:1005C000616D20757064617465206661696C656435
:1005D00020286572722025642900646973636F6E38
:1005E0006E656374656400646973636F6E6E6563E2
:1005F000742D636F6D706C657465007363616E2D2F
:100600006265666F72652D696E6974696174696E81
:100610006700696E6974696174696E672D66696CDB
:100620007465722D6C697374006164762D636F6EEE
:100630006E65637461626C65006164762D646972D5
:100640002D636F6E6E65637461626C6500646973BF
:10065000636F6E6E656374696E670062745F636F6B
:100660006E6E004E6F20617661696C61626C652010
:100670004C3243415020636F6E7465787420666F0E
:100680007220636F6E6E20257000556E61626C651E
:1006900020746F20616C6C6F636174652062756695
:1006A00066657220666F72206F7020307825303258
:1006B0007800457870656374696E672031207265D3
:1006C000662C20676F7420256400616C726561641C
:1006D0007920686176652076696577206F6E2025C0
:1006E0007000546F6F20736D616C6C204C3243410D
:1006F00050207369676E616C696E672050445500C5
:100700004C32434150206C656E677468206D69738C
:100710006D617463682028257520213D2025752989
:1007200000496E76616C6964206964656E74207638
:10073000616C756520696E204C32434150205044F5
:100740005500546F6F20736D616C6C204C452063B5
:100750006F6E6E20706172616D20727370005265F1
:100760006A656374696E6720756E6B6E6F776E2055
:100770004C324341502050445520636F6465203013
:10078000782530327800546F6F20736D616C6C2067
:100790004C32434150205044552072656365697660
:1007A00065640049676E6F72696E67206461746189
:1007B00020666F7220756E6B6E6F776E2063686156
:1007C0006E6E656C204944203078253034780063A3
:1007D0006F6E6669670062745F6C326361700055AA
:1007E0006E61626C6520746F206372656174652050
:1007F000555549443A2073697A6520257500556E30
:1008000061626C6520746F20637265617465205548
:100810005549443A2073697A65202564004E6F205B
:10082000617661696C61626C652041545420636F2C
:100830006E7465787420666F7220636F6E6E20250B
:1008400070004E6F20617661696C61626C65204159
:100850005454206368616E6E656C20666F7220630D
:100860006F6E6E20257000415454204D5455206504
:10087000786365656465642C206D61782025752C2E
:100880002077616E74656420257A75004154542088
:100890006368616E6E656C206E6F7420636F6E6E40
:1008A0006563746564004572726F72207369676E68
:1008B000696E6720646174610052616E206F7574A7
:1008C000206F662054582062756666657273206FCB
:1008D0007220636F6E74657874732E00476F742096
:1008E0006572722025642C206E6F742063616C6CBD
:1008F000696E672041545420636200546F6F207307
:100900006D616C6C204154542050445520726563D5
:10091000656976656400556E68616E646C65642017
:1009200041545420636F646520307825303278005C
:10093000496E76616C6964206C656E202575206651
:100940006F7220636F646520307825303278004EF6
:100950006F7420636F6E6E656374656400556E61BD
:10096000626C6520746F2066696E64204154542067
:100970006368616E6E656C004E6F20415454206355
:1009800068616E6E656C20666F72204D545520252F
:100990007A75004E6F2070656E64696E67204154F1
:1009A00054207265717565737400446973636F6E6A
:1009B0006E656374696E67206661696C6564202882
:1009C00065727220256429004154542054696D6574
:1009D0006F757420666F7220646576696365202583
:1009E000732E20446973636F6E6E656374696E67FE
:1009F0002E2E2E0062745F6174740076616C7565D2
:100A00005F6C656E206F662025752070726F766949
:100A100064656420666F72204E554C4C2076616C84
:100A2000756500756E61626C6520746F2073617608
:100A3000652053433A206E6F20636667206C6566BD
:100A40007400434D41432075706461746520666194
:100A5000696C6564202564004E6F20737061636566
:100A600020746F2073746F726520436C69656E74B7
:100A700020537570706F727465642046656174757B
:100A8000726573004E6F20737061636520746F2010
:100A900073746F7265204343432063666700556E2D
:100AA00061626C6520746F20696D706F7274207460
:100AB0006865206B657920666F722041455320433D
:100AC0004D414320256400434D4143206F706572C2
:100AD0006174696F6E20696E6974206661696C6506
:100AE0006420256400434D41432066696E69736844
:100AF000206661696C656420256400556E61626CD6
:100B00006520746F2072656769737465722068610F
:100B10006E646C65203078253034780052656164ED
:100B2000206D6574686F64206E6F74207365740047
:100B30004661696C656420746F2072656164206130
:100B400074747269627574652025702028657272EC
:100B500020257A642900496E76616C69642072658B
:100B60006164206C656E6774683A20257A64004C75
:100B7000696E6B206973206E6F7420656E63727985
:100B80007074656400446576696365206973206EDE
:100B90006F74207375627363726962656420746F29
:100BA000206368617261637465726973746963005C
:100BB0004E6F2062756666657220617661696C6150
:100BC000626C6520746F2073656E6420696E646961
:100BD000636174696F6E00434343202570206E6F1C
:100BE00074207772697461626C650053432072658A
:100BF00073746F726520696E6469636174696F6E86
:100C0000206661696C6564004E6F2062756666657A
:100C10007220617661696C61626C6520746F20730B
:100C2000656E64206E6F74696669636174696F6E66
:100C3000004661696C656420746F2073657420736D
:100C40006563757269747920666F7220626F6E6475
:100C50006564207065657220282564290062742F00
:100C60006363630062745F67617474004E6F206138
:100C70007661696C61626C6520534D5020636F6EC4
:100C80007465787420666F7220636F6E6E202570B5
:100C900000556E61626C6520746F2066696E642019
:100CA000534D50206368616E6E656C004661696CDF
:100CB000656420746F2067656E6572617465204499
:100CC000484B657900556E61626C6520746F2067D2
:100CD0006574206B65797320666F722025730043FD
:100CE000616C63756C61746520636F6E6669726DAB
:100CF000206661696C656400556E6B6E6F776E205F
:100D000070616972696E67206D6574686F64202810
:100D10002575290043616C63756C617465204C54C2
:100D20004B206661696C65640043616C63756C613E
:100D30007465206C6F63616C2044484B6579206357
:100D40006865636B206661696C65640043616C6310
:100D5000756C6174652072656D6F74652044484BD5
:100D6000657920636865636B206661696C65640002
:100D700052656D6F7465207075626C6963206B6578
:100D8000792072656A65637465640052656D6F747D
:100D900065206973207573696E67204465627567A5
:100DA000205075626C6963206B65790052656365DC
:100DB0006976656420696E76616C6964207075621D
:100DC0006C6963206B65790054686520696E2D70CD
:100DD000726F67726573732070616972696E6720E4
:100DE000686173206265656E2064656C6574656416
:100DF0002100534D5020646F6573206E6F74206125
:100E00006C6C6F7720612070616972696E67206613
:100E100061696C75726520617420746869732070F3
:100E20006F696E742E204B6E6F776E2069737375C9
:100E3000652E20446973636F6E6E656374696E67B7
:100E400020696E73746561642E005075626C69630D
:100E5000206B6579206E6F7420617661696C6162C8
:100E60006C6500546F6F20736D616C6C20534D5036
:100E70002050445520726563656976656400534D62
:100E80005020636F6D6D616E642028636F64652010
:100E9000307825303278292072656365697665641B
:100EA0002061667465722074696D656F7574005297
:100EB00065636569766564207265736572766564DD
:100EC00020534D5020636F64652030782530327890
:100ED00000556E68616E646C656420534D502063EC
:100EE0006F64652030782530327800556E657870F3
:100EF000656374656420534D5020636F64652030D2
:100F0000782530327800496E76616C6964206964B6
:100F1000656E74697479202573005265667573690E
:100F20006E67206E65772070616972696E672E202A
:100F3000546865206F6C6420626F6E64206D7573F9
:100F40007420626520756E706169726564206669DF
:100F50007273742E0070616972696E6720666169D0
:100F60006C656420287065657220726561736F6EB0
:100F7000203078257829004E6F206B6579732073B7
:100F80007061636520666F7220257300534D502099
:100F900054696D656F7574000005061F1F291812CE
:100FA0000308020305080A000801030401050405FB
:100FB00009060701010606080000010001000301FF
:100FC0000003020201000200000000000203010011
:100FD0000362745F736D700062745F6B6579730098
:100FE0006C888391AAF5A53860370BDB5A6083BE05
:100FF00062745F63727970746F004661696C6564D6
:1010000020746F20696D706F727420414553206B9E
:101010006579202564004661696C656420746F20E1
:10102000636F6D70757465204D4143202564006DBC
:101030006375626F6F745F64667500757362645F79
:10104000776F726B710055534244206576656E74FC
:1010500020616C6C6F636174696F6E206661696C8E
:101060006564210055534244206576656E74206D99
:10107000656D6F727920636F72727570746564004C
:10108000556E6B6E6F776E2055534220706F77658B
:1010900072206576656E7420256400556E657870E3
:1010A0006563746564206576656E7420286E72666B
:1010B000785F75736264293A2025642C206570205E
:1010C000307825303278005F65705F7374617475B5
:1010D000735F676574206661696C65642120436F86
:1010E00064653A202564006E6F74206174746163D6
:1010F0006865642C20455020307825303278206592
:1011000076656E742064726F70706564006E52460E
:101110002055534244207472616E73666572206577
:1011200072726F7220284F5554293A20307825303A
:101130003278004661696C656420746F20616C6C64
:101140006F63206576740055534244206576656E62
:10115000742071756575652066756C6C2100556E1F
:101160006B6E6F776E2055534244206576656E74C2
:101170003A2025686400696E76616C696420656E4A
:1011800064706F696E7420636F6E666967757261F3
:1011900074696F6E00696E76616C696420656E6457
:1011A000706F696E7420696E6465782F6164647213
:1011B00065737300696E76616C696420656E647036
:1011C0006F696E7420747970650069736F20656E45
:1011D00064706F696E742063616E206F6E6C79202D
:1011E00062652069736F004550206D6178207061E1
:1011F000636B65742073697A65206D757374206202
:1012000065206120706F776572206F662032005311
:1012100054414C4C20756E737570706F72746564B8
:10122000206F6E2049534F20656E64706F696E7435
:1012300000456E64706F696E7420307825303278A6
:10124000206973206E6F7420656E61626C65640046
:101250006E5246205553424420777269746520656A
:1012600072726F723A202564000100020375736286
:101270005F6E726678000001010101016E72665FA7
:10128000757362645F636F6D6D6F6E00636C6F6327
:101290006B40343030303030303000636C6F636B13
:1012A000006866636C6B006C66636C6B00636C6FEC
:1012B000636B5F636F6E74726F6C0072616E646FEC
:1012C0006D40343030306430303000726E6700650D
:1012D0006E74726F70795F62745F68636900726EBA
:1012E000675F6863690063696E73747220253032CA
:1012F00078207472616E7366657220746F6F206CF3
:101300006F6E673A20257A75004A45444543206947
:1013100064205B2530327820253032782025303229
:10132000785D20657870656374205B2530327820A5
:101330002530327820253032785D005244535220D7
:101340006661696C65643A202564005244535220FA
:10135000666F722057525352206661696C65643A19
:10136000202564005145202573206661696C656401
:101370003A202564007772697465206572726F7215
:101380003A2061646472657373206F722073697AA6
:10139000652065786365656473206578706563743E
:1013A00065642076616C7565732E416464723A20C1
:1013B0003078256C782073697A6520257A750072FB
:1013C000656164206572726F723A2061646472654F
:1013D0007373206F722073697A6520657863656521
:1013E00064732065787065637465642076616C75DC
:1013F00065732E416464723A203078256C782073CE
:10140000697A6520257A7500657261736520657259
:10141000726F723A2061646472657373206F722018
:1014200073697A6520657863656564732065787093
:1014300065637465642076616C7565732E416464C0
:10144000723A203078256C782073697A6520257A85
:101450007500756E737570706F7274656420617459
:10146000203078256C782073697A6520257A75009C
:1014700077616974206572726F72206174203078B0
:10148000256C782073697A6520257A75006572610C
:101490007365206572726F72206174203078256CDC
:1014A000782073697A6520257A750070323571313C
:1014B00036684030007032357131366800717370B3
:1014C000695F6E6F7200696E76616C696420616439
:1014D00064726573733A2030782530386C783A2519
:1014E0007A7500756E616C69676E6564206164640D
:1014F000726573733A2030782530386C783A257AE3
:1015000075006E6F7420776F72642D616C69676E01
:1015100065643A2030782530386C783A257A750041
:10152000666C6173682D636F6E74726F6C6C65723C
:1015300040343030316530303000666C6173685F44
:10154000636F6E74726F6C6C657200666C61736849
:101550005F6E7266006770696F40353030303033CF
:101560003030006770696F31006770696F403530E7
:10157000303030303030006770696F300000010269
:1015800003040506074661696C656420746F206179
:101590006C6C6F6361746520505049204368616EC4
:1015A0006E656C00756172744034303030323030AA
:1015B00030007561727430007869616F5F736572B5
:1015C00069616C00756172745F6E7266785F7561D7
:1015D00072746500656E747279004661696C656449
:1015E00020746F20616C6C6F6361746520706F751F
:1015F000636820627566004E6F20706F7563685F68
:1016000062756620616C6C6F6361746564004E6F17
:10161000206D6F726520737061636520666F722044
:10162000706F7563682068656164657200496E76E5
:10163000616C6964206865616465723A20256400A4
:10164000426C6F636B2073697A652025752069731E
:1016500020626967676572207468616E20737570B7
:10166000706F72746564202575004661696C6564ED
:1016700020746F207061727365206365727469668F
:1016800069636174653A2030782578004661696C39
:101690006564206C6F6164696E672073657276653E
:1016A000722063657274004661696C6564206C6FBA
:1016B0006164696E672073657276657220434120AC
:1016C0006365727400706F7563682E676F6C696F05
:1016D00074682E696F004661696C65642076657276
:1016E000696679696E6720736572766572206365D5
:1016F00072743A20307825782C20257800556E6554
:1017000078706563746564207365727665722063B2
:101710006572746966696361746520736572696175
:101720006C206E756D6265722073697A653A20254A
:1017300075004578747261637420504B3A20496E8D
:1017400076616C6964206B657920747970650045F9
:1017500078747261637420504B3A207772697465B3
:10176000206572726F7220307825780030820220F6
:10177000308201A6A003020102021400EE8FA6200F
:10178000F7C94862797617A8943FF43BE7287D3083
:101790000A06082A8648CE3D040303303F310B3049
:1017A0000906035504061302555331163014060377
:1017B00055040A130D476F6C696F74682C20496ECD
:1017C000632E311830160603550403130F476F6C50
:1017D000696F746820526F6F74205831301E170D76
:1017E0003234313131393135353233345A170D34E1
:1017F00034313131343135353233335A303F310BB6
:1018000030090603550406130255533116301406E9
:101810000355040A130D476F6C696F74682C2049D7
:101820006E632E311830160603550403130F476FED
:101830006C696F746820526F6F7420583130763045
:101840001006072A8648CE3D020106052B810400BA
:1018500022036200044AEF468E85E66BB7A0ED0DC9
:101860008E8B737429A67FC1CEEBC1CE17480D8431
:10187000A5532B47E0FAFCCAE1586CE72CCF2BB6F6
:101880008A58A3B0372DB20F15162814F7C881EF68
:10189000FB1AF94134BA613D64B8CA68FCFCA99CE2
:1018A000DD0C99B981255F7A78DEF58F2E58F846E0
:1018B0003B58C9F834A3633061300E0603551D0F41
:1018C0000101FF040403020106300F0603551D1336
:1018D0000101FF040530030101FF301D0603551D02
:1018E0000E04160414CE8EBC0952D898C123E00809
:1018F0003D44000645715D56F1301F0603551D231A
:10190000041830168014CE8EBC0952D898C123E03A
:10191000083D44000645715D56F1300A06082A86E6
:1019200048CE3D040303036800306502307D2DC2BC
:10193000F71F5B0A53A851AE0A9954E8512A0AA925
:10194000477F24566C6042E26C935377E6F54D7501
:10195000FFB78383679C4B95224DD5A402023100CB
:10196000A499FD4E9AD3320803D075353E3302E96F
:10197000CC80581BFDD2C99533B0C1C01EF44F288E
:101980006A4063ED1E8DF29A2D5257426B310783E8
:101990004661696C656420746F2067656E6572616D
:1019A00074652073657373696F6E2049443A20250E
:1019B00064004661696C656420746F2067656E65BC
:1019C000726174652073657373696F6E204944207A
:1019D0007461673A202564004D697373696E6720EE
:1019E000736572766572206B657900436F756C6400
:1019F0006E277420736574207570206B6579206480
:101A0000657269766174696F6E3A2025640046617B
:101A1000696C6564206B65792061677265656D65C9
:101A20006E743A2025640045303A25633A25733AAE
:101A300043256325633A25303258004661696C6559
:101A4000642073657373696F6E206B6579206275AE
:101A5000696C643A202564004661696C656420699C
:101A60006E666F20696E7075743A20256400466159
:101A7000696C6564206B6579206465726976617450
:101A8000696F6E3A20256400436F756C646E27742D
:101A900020616C6C6F6361746520656E6372797030
:101AA00074656420626C6F636B00496E76616C696B
:101AB0006420706C61696E74657874206C656E6703
:101AC00074683A20257500436F756C646E27742026
:101AD000656E63727970743A20256400556E65787E
:101AE000706563746564206C656E67746800496E28
:101AF00076616C6964206369706865727465787476
:101B0000206C656E6774683A202575004661696CC3
:101B100065642064656372797074696F6E3A20251C
:101B2000640073616561645F73657373696F6E00F0
:101B300053657373696F6E2049442067656E6572E3
:101B40006174696F6E206661696C656420286572D6
:101B5000723A202564290053657373696F6E206B98
:101B600065792067656E65726174696F6E20666164
:101B7000696C6564004E6F7420696E206120736526
:101B80007373696F6E0073616561645F75706C6912
:101B90006E6B00416C676F726974686D20646F656D
:101BA000736E2774206D61746368004F6C642073DA
:101BB00065716E756D3A20256C6C752028776173A0
:101BC00020256C6C752900496E76616C696420640F
:101BD0006F776E6C696E6B0053657373696F6E20FF
:101BE0007265757365206661696C65643A20494465
:101BF000206E6F742073657175656E7469616C0019
:101C000053657373696F6E207265757365206661C5
:101C1000696C65643A204E6F206D61746368004B97
:101C200065792067656E65726174696F6E206661A3
:101C3000696C6564005265706C6179696E672070CB
:101C40006F756368202575202868696768657374F7
:101C50003A202575290073616561645F646F776E52
:101C60006C696E6B000274D2276E9A5CD3B1F64E2B
:101C7000B789AE16A389666C616773007365727667
:101C800065725F636572745F736E72005061636B3F
:101C90006574697A6572206661696C65643A2025AD
:101CA00064000275D2276E9A5CD3B1F64EB789AE46
:101CB00016A389696E666F5F63687263000273D2F0
:101CC000276E9A5CD3B1F64EB789AE16A389027718
:101CD000D2276E9A5CD3B1F64EB789AE16A38902AD
:101CE00076D2276E9A5CD3B1F64EB789AE16A38929
:101CF000526563656976696E6720446F776E6C69BB
:101D00006E6B20656E747279206F6E2070617468DE
:101D10002025730046696E697368656420656E747A
:101D2000727920666F7220257300426567696E6E56
:101D3000696E6720476F6C696F74682055706C69B5
:101D40006E6B00676C74685F64697370617463685C
:101D500000436F756C64206E6F7420666F726D2027
:101D600073657474696E67732075706C696E6B004F
:101D70002E632F73746174757300446964206E6FF1
:101D8000742073746172742043424F52206C6973E3
:101D90007420636F72726563746C79004661696C5C
:101DA000656420746F20676574206C6162656C00E7
:101DB0004661696C656420746F20736B697020756F
:101DC0006E737570706F72746564207479706500DD
:101DD000446964206E6F7420656E642043424F52E4
:101DE000206C69737420636F72726563746C790020
:101DF0002F2E6300676C74685F73657474696E6717
:101E00007300556E6B6E6F776E2073657474696EB8
:101E10006773207479706500706B6700436F756C31
:101E200064206E6F74207265706F7274204F54411D
:101E300020737461746520666F72202573202825D5
:101E40006429004E6F7420656E6F7567682073702B
:101E500061636520746F2073746F726500466169F9
:101E60006C656420746F20646573657269616C6968
:101E70007A65206D616E6966657374004661696C90
:101E8000656420746F20646573657269616C697A3A
:101E9000652068617368002F2E752F632F2A002F2D
:101EA0002E752F64657369726564006F74610044F8
:101EB000726F7070696E67204F5441206461746165
:101EC00020666F722025732C20646F776E6C6F61B3
:101ED00064206E6F7420726571756573746564003B
:101EE0006F74615F757070657200446964206E6F15
:101EF000742073746172742043424F52206D61707C
:101F000020636F72726563746C790074737472000D
:101F10004661696C656420746F206465636F6465F5
:101F2000202573206D6170206B6579007533320058
:101F3000446964206E6F7420656E642043424F5282
:101F4000206D617020636F72726563746C79007AC2
:101F500063626F725F7574696C00000000000001BD
:101F600001000000000000203030303030303030D0
:101F700030303030303000010000010000005745A3
:101F800053545F544F504449522F6D6F64756C65C4
:101F9000732F66732F6C6974746C6566732F6C662F
:101FA000732E630025733A25643A20436F7272756D
:101FB0007074656420646972207061697220617454
:101FC000207B307825782C20307825787D0025738B
:101FD0003A25643A204379636C65206465746563CF
:101FE00074656420696E207461696C206C69737417
:101FF0000025733A25643A204E6F206D6F7265207C
:10200000667265652073706163652030782578009D
:1020100025733A25643A205375706572626C6F635C
:102020006B203078257820686173206265636F6D5E
:102030006520756E7772697461626C650025733A0C
:1020400025643A20556E61626C6520746F20737050
:102050006C6974207B307825782C20307825787D49
:102060000025733A25643A20556E61626C652074D0
:102070006F20657870616E64207375706572626C34
:102080006F636B0025733A25643A20496E76616C64
:1020900069642076657273696F6E20762568752E87
:1020A00025687520213D20762568752E25687500E8
:1020B00025733A25643A20556E737570706F72748B
:1020C0006564206E616D655F6D61782028257520DF
:1020D0003E202575290025733A25643A20556E73F4
:1020E0007570706F727465642066696C655F6D6190
:1020F0007820282575203E202575290025733A254E
:10210000643A20556E737570706F727465642061E7
:102110007474725F6D617820282575203E202575C6
:10212000290025733A25643A20496E76616C69640A
:1021300020626C6F636B20636F756E742028257549
:1021400020213D202575290025733A25643A204930
:102150006E76616C696420626C6F636B2073697A60
:10216000652028257520213D202575290052096A02
:10217000D53036A538BF40A39E81F3D7FB7CE33929
:10218000829B2FFF87348E4344C4DEE9CB547B947B
:1021900032A6C2233DEE4C950B42FAC34E082EA147
:1021A0006628D924B2765BA2496D8BD12572F8F6E8
:1021B0006486689816D4A45CCC5D65B6926C704851
:1021C00050FDEDB9DA5E154657A78D9D8490D8ABCA
:1021D000008CBCD30AF7E45805B8B34506D02C1ED2
:1021E0008FCA3F0F02C1AFBD0301138A6B3A911131
:1021F000414F67DCEA97F2CFCEF0B4E67396AC7449
:1022000022E7AD3585E2F937E81C75DF6E47F11A34
:10221000711D29C5896FB7620EAA18BE1BFC563EF8
:102220004BC6D279209ADBC0FE78CD5AF41FDDA8C8
:10223000338807C731B11210592780EC5F60517F96
:10224000A919B54A0D2DE57A9F93C99CEFA0E03BF3
:102250004DAE2AF5B0C8EBBB3C83539961172B04F4
:102260007EBA77D626E169146355210C7D637C77AD
:102270007BF26B6FC53001672BFED7AB76CA82C984
:102280007DFA5947F0ADD4A2AF9CA472C0B7FD93BC
:1022900026363FF7CC34A5E5F171D8311504C723B4
:1022A000C31896059A071280E2EB27B27509832CB2
:1022B0001A1B6E5AA0523BD6B329E32F8453D10088
:1022C000ED20FCB15B6ACBBE394A4C58CFD0EFAAA7
:1022D000FB434D338545F9027F503C9FA851A340F5
:1022E0008F929D38F5BCB6DA2110FFF3D2CD0C13D6
:1022F000EC5F974417C4A77E3D645D197360814FFE
:10230000DC222A908846EEB814DE5E0BDBE0323A1F
:102310000A4906245CC2D3AC629195E479E7C837D8
:102320006D8DD54EA96C56F4EA657AAE08BA78255B
:102330002E1CA6B4C6E8DD741F4BBD8B8A703EB55B
:10234000664803F60E613557B986C11D9EE1F898BF
:102350001169D98E949B1E87E9CE5528DF8CA189FF
:102360000DBFE6426841992D0FB054BB164348415A
:1023700043484132302D504F4C59313330350043B2
:1023800048414348413230004145532D3235362DC6
:10239000434243004145532D3139322D43424300DE
:1023A0004145532D3132382D434243004145532D91
:1023B0003235362D454342004145532D3139322DBA
:1023C000454342004145532D3132382D45434200AB
:1023D00073656370333834723100736563703235FE
:1023E000367231000A3009202A864886F70D020924
:1023F00000686D616353484132353600484D4143B2
:102400002D5348412D323536002A864886F70D0275
:102410000A00686D616353484133383400484D41C8
:10242000432D5348412D33383400608648016503FD
:102430000402010069642D736861323536006086DC
:10244000480165030402020069642D736861333832
:1024500034002B0E030207006465734342430044BB
:1024600045532D434243002A864886F70D03070053
:102470006465732D656465332D6362630044455361
:102480002D454445332D4342430060864801650392
:10249000040102006165733132382D6362630041CB
:1024A00045533132382D434243006086480165036D
:1024B000040116006165733139322D636263004196
:1024C00045533139322D434243006086480165034C
:1024D00004012A006165733235362D636263004161
:1024E00045533235362D434243002A8648CE3D03BC
:1024F0000107002A864886F70D0101010072736109
:10250000456E6372797074696F6E00525341002A90
:102510008648CE3D02010069642D65635075626C8A
:1025200069634B65790047656E6572696320454351
:10253000206B6579002B8104010C0069642D6563B3
:102540004448004543206B657920666F72204543FF
:102550004448002A8648CE3D040302006563647344
:10256000612D776974682D534841323536004543F3
:10257000445341207769746820534841323536000E
:102580002A8648CE3D0403030065636473612D779A
:102590006974682D534841333834004543445341EE
:1025A00020776974682053484133383400616E796C
:1025B000506F6C69637900416E7920506F6C69636C
:1025C00079002B060105050703010069642D6B7076
:1025D0002D7365727665724175746800544C532092
:1025E000576562205365727665722041757468651F
:1025F0006E7469636174696F6E002B0601050507CF
:1026000003020069642D6B702D636C69656E744103
:1026100075746800544C532057656220436C69659B
:102620006E742041757468656E7469636174696F56
:102630006E002B060105050703030069642D6B700E
:102640002D636F64655369676E696E6700436F64DD
:1026500065205369676E696E67002B0601050507E3
:1026600003040069642D6B702D656D61696C507297
:102670006F74656374696F6E00452D6D61696C20C0
:1026800050726F74656374696F6E002B06010505E7
:102690000703080069642D6B702D74696D655374B0
:1026A000616D70696E670054696D65205374616D6A
:1026B00070696E67002B0601050507030900696450
:1026C0002D6B702D4F4353505369676E696E6700D1
:1026D0004F435350205369676E696E67002B0601A4
:1026E000040182E425010069642D6B702D77697304
:1026F000756E2D66616E2D64657669636500576938
:102700002D53554E20416C6C69616E63652046699E
:10271000656C642041726561204E6574776F726BE1
:10272000202846414E2900551D130069642D63651C
:102730002D6261736963436F6E73747261696E7445
:102740007300426173696320436F6E7374726169D1
:102750006E747300551D0F0069642D63652D6B65E4
:1027600079557361676500551D250069642D6365A2
:102770002D6578744B65795573616765004578748C
:10278000656E646564204B657920557361676500EB
:10279000551D110069642D63652D7375626A65634B
:1027A00074416C744E616D65005375626A65637443
:1027B00020416C74204E616D65006086480186F88A
:1027C0004201010069642D6E657473636170652D4B
:1027D0006365727474797065004E657473636170BB
:1027E0006520436572746966696361746520547914
:1027F000706500551D200069642D63652D63657249
:102800007469666963617465506F6C696369657347
:1028100000436572746966696361746520506F6C0A
:10282000696369657300551D0E0069642D63652D2C
:102830007375626A6563744B65794964656E746922
:1028400066696572005375626A656374204B6579C9
:10285000204964656E74696669657200551D2300C0
:1028600069642D63652D617574686F726974794B45
:1028700065794964656E746966696572004175744D
:10288000686F72697479204B6579204964656E744C
:102890006966696572005504030069642D61742DD1
:1028A000636F6D6D6F6E4E616D6500436F6D6D6F23
:1028B0006E204E616D6500434E005504060069644C
:1028C0002D61742D636F756E7472794E616D650044
:1028D000436F756E747279005504070069642D6149
:1028E000742D6C6F63616C697479004C6F63616CFB
:1028F000697479004C005504080069642D61742DD9
:1029000073746174650053746174650053540055A9
:10291000040A0069642D61742D6F7267616E697AB3
:102920006174696F6E4E616D65004F7267616E69AB
:102930007A6174696F6E004F0055040B0069642D55
:1029400061742D6F7267616E697A6174696F6E610F
:102950006C556E69744E616D65004F726720556EDF
:102960006974004F55002A864886F70D0109010059
:10297000656D61696C4164647265737300452D6DAA
:1029800061696C20616464726573730055040500AD
:1029900069642D61742D73657269616C4E756D6229
:1029A00065720053657269616C206E756D62657247
:1029B000005504100069642D61742D706F7374618B
:1029C0006C4164647265737300506F7374616C2042
:1029D00061646472657373005504110069642D614C
:1029E000742D706F7374616C436F646500506F7306
:1029F00074616C20636F6465005504040069642D84
:102A000061742D7375724E616D65005375726E61E0
:102A10006D6500534E0055042A0069642D61742DC4
:102A2000676976656E4E616D6500476976656E20F3
:102A30006E616D6500474E0055042B0069642D6181
:102A4000742D696E697469616C7300496E6974698B
:102A5000616C730055042C0069642D61742D6765E9
:102A60006E65726174696F6E5175616C69666965D6
:102A7000720047656E65726174696F6E2071756171
:102A80006C69666965720055040C0069642D617497
:102A90002D7469746C65005469746C650055042E5E
:102AA0000069642D61742D646E5175616C6966698D
:102AB00065720044697374696E67756973686564EB
:102AC000204E616D65207175616C69666965720083
:102AD0005504410069642D61742D70736575646FD0
:102AE0006E796D0050736575646F6E796D00099233
:102AF000268993F22C6401010069642D75696400D4
:102B000055736572204964000992268993F22C64FA
:102B100001190069642D646F6D61696E436F6D709A
:102B20006F6E656E7400446F6D61696E20636F6DCA
:102B3000706F6E656E740044430055042D00696427
:102B40002D61742D756E697175654964656E746962
:102B50006669657200556E69717565204964656EB8
:102B600074696669657200141400001C2030401CF2
:102B70002000001C20304040400000404080808009
:102B800080000090886848141400001C2030401C0D
:102B90002000001C203040141400001C2030401C79
:102BA0002000001C20304050726F632D54797065F6
:102BB0003A20342C454E43525950544544002D2D53
:102BC0002D2D2D454E442045432050524956415409
:102BD00045204B45592D2D2D2D2D002D2D2D2D2DE5
:102BE000424547494E20454320505249564154459D
:102BF000204B45592D2D2D2D2D002D2D2D2D2D45C5
:102C00004E442050524956415445204B45592D2D94
:102C10002D2D2D002D2D2D2D2D424547494E205077
:102C2000524956415445204B45592D2D2D2D2D00EF
:102C300065636B65792E51004F7061717565004554
:102C4000434453410045435F4448004543002B063D
:102C5000010505070804002D2D2D2D2D424547495E
:102C60004E2043455254494649434154452D2D2D4C
:102C70002D2D002D2D2D2D2D454E442043455254F4
:102C8000494649434154452D2D2D2D2D0028696D70
:102C90006167655F6E756D29203C2030784600576E
:102CA0004553545F544F504449522F626F6F746CB8
:102CB0006F616465722F6D6375626F6F742F626FE1
:102CC0006F742F626F6F747574696C2F7372632FDA
:102CD000626F6F747574696C5F7075626C69632E76
:102CE000630028737761705F7479706529203C20D8
:102CF00030784600626F6F745F7365745F6E6578DD
:102D00007400626F6F745F77726974655F73776167
:102D1000705F696E666F006D6375626F6F745F756B
:102D200074696C0001020203030303556E6B6E6F3E
:102D3000776E206572726F72003E3E3E205A45509B
:102D400048595220464154414C204552524F52203E
:102D500025643A202573206F6E204350552025644A
:102D6000004661756C7420647572696E6720696EC7
:102D7000746572727570742068616E646C696E67D8
:102D80000A0043757272656E7420746872656164BE
:102D90003A20257020282573290043505520657856
:102DA00063657074696F6E00556E68616E646C6502
:102DB0006420696E74657272757074005374616317
:102DC0006B206F766572666C6F77004B65726E650F
:102DD0006C206F6F7073004B65726E656C20706154
:102DE0006E69630069646C65006F73007379737753
:102DF0006F726B710064756D6D7900736C656570D1
:102E0000696E6700646561640073757370656E64F4
:102E100065640061626F7274696E670073757370C8
:102E2000656E64696E6700717565756564002A2A50
:102E30002A2A2A2064656C6179696E6720626F6F47
:102E40007420313030306D732028706572206275C7
:102E5000696C6420636F6E66696775726174696F0F
:102E60006E29202A2A2A2A2A0A002A2A2A20426F80
:102E70006F74696E67205A6570687972204F5320AD
:102E80006275696C642076342E312E30202864659A
:102E90006C6179656420626F6F7420313030306D01
:082EA0007329202A2A2A0A00E6
:102EA80000000000290401000000000000010000EB
:102EB800000000000000000000000000000000000A
:102EC80000000000000000000000000000000000FA
:102ED800000000009504010000000000000100004F
:102EE80000000000000000000000000000000000DA
:102EF80000000000000000000000000000000000CA
:102F080000000000510E0100000000000001000058
:102F180000000000000000000000000000000000A9
:102F28000000000000000000000000000000000099
:102F38000000000000000000000000000000000089
:102F48000000000000000000000000000000000079
:102F58000000000000000000000000000000000069
:102F68000000000000000000000000000000000059
:102F78000000000000000000000000000000000049
:102F88000000000000000000000000000000000039
:102F98000000000000000000000000000000000029
:102FA8000000000000000000000000000000000019
:102FB8000000000000000000000000001C0A0020C3
:102FC800FC09002000C20100000008000000000009
:102FD80000000000000000000000000000000000E9
:102FE80000000000CDCB040000000000000100003C
:102FF80000000000000000000000000000000000C9
:1030080000000000000000000000000000000000B8
:1030180000000000000000000000000000000000A8
:103028000000000000000000000000000000000098
:103038000000000000000000000000000000000088
:103048000000000000000000000000000000000078
:103058000000000000000000000000000000000068
:103068000000000000000000000000000000000058
:103078000000000000000000000000000000000048
:103088000000000000000000000000000000000038
:103098000000000000000000000000000000000028
:1030A8000000000000000000000000000000000018
:1030B8000000000000000000000000000000000008
:1030C80000000000000000000000000000000000F8
:1030D8000000000000000000FDB601000000000034
:1030E80000000000000000000000000000000000D8
:1030F80000000000000000000000000000000000C8
:1031080000000000000000000000000000000000B7
:1031180000000000000000000000000000000000A7
:103128000000000000000000000000000000000097
:103138000000000000000000000000000000000087
:103148000000000000000000000000000000000077
:103158000000000000000000000000000000000067
:103168000000000000000000000000000000000057
:10317800000000000000000000000000907805003A
:103188001F00000000000000FFFFFFFFFF1F0000FE
:10319800FFFFFFFFFFFFFFFF0000000050040020BB
:1031A800B8040020200500200000000000000000F6
:1031B8000000000000000000000000000000000007
:1031C80000000000000000000000000000000000F7
:1031D80000000000000000000000000000000000E7
:1031E80000000000000000000000000000000000D7
:1031F80000000000000000000000000000000000C7
:1032080000000000000000000000000000000000B6
:1032180000000000000000000000000000000000A6
:103228000000000000000000000000000000000096
:103238000000000000000000000000000000000086
:1032480001000000000000000E33CDAB34126DE623
:10325800ECDE05000B00000000000000000000008C
:103268000000000000000000000000000000000056
:103278000000000000000000000000000000000046
:103288000000000000000000000000000000000036
:103298000000000000000000000000000000000026
:1032A8000000000000000000000000000000000016
:1032B8000000000000000000000000000000000006
:1032C80000000000000000000000000000000000F6
:1032D80000000000000000000000000000000000E6
:1032E80000000000000000000000000000000000D6
:1032F80000000000000000000000000000000000C6
:1033080000000000000000000000000000000000B5
:1033180000000000000000000000000000000000A5
:103328000000000000000000000000000000000095
:103338000000000000000000000000000000000085
:103348000000000000000000000000000000000075
:103358000000000000000000000000000000000065
:103368000000000000000000000000000000000055
:103378000000000000000000000000000000000045
:103388000000000000000000000000000000000035
:103398000000000000000000000000000000000025
:1033A8000000000000000000000000000000000015
:1033B8000000000000000000000000000000000005
:1033C80000000000000000000000000000000000F5
:1033D80000000000000000000000000000000000E5
:1033E80000000000000000000000000000000000D5
:1033F80000000000000000000000000000000000C5
:1034080000000000000000000000000000000000B4
:1034180000000000000000000000000000000000A4
:103428000000000000000000000000000000000094
:1034380088050020880500209005002090050020C0
:103448009805002098050020A0050020A005002070
:10345800A8050020A8050020B0050020B005002020
:10346800B8050020B8050020C0050020C0050020D0
:10347800C8050020C8050020D0050020D005002080
:10348800D8050020D8050020E0050020E005002030
:10349800E8050020E8050020F0050020F0050020E0
:1034A800F8050020F805002000060020000600208E
:1034B800080600200806002010060020100600203C
:1034C80018060020180600202006002020060020EC
:1034D800280600202806002030060020300600209C
:1034E800380600203806002040060020400600204C
:1034F80048060020480600205006002050060020FC
:1035080058060020580600206006002060060020AB
:10351800680600206806002070060020700600205B
:10352800780600207806002080060020800600200B
:1035380088060020880600209006002090060020BB
:103548009806002098060020A0060020A00600206B
:10355800A8060020A8060020B0060020B00600201B
:10356800B8060020B8060020C0060020C0060020CB
:10357800C8060020C8060020D0060020D00600207B
:10358800D8060020D8060020E0060020E00600202B
:10359800E8060020E8060020F0060020F0060020DB
:1035A800F8060020F8060020000700200007002089
:1035B8000807002008070020100700201007002037
:1035C80018070020180700202007002020070020E7
:1035D8002807002028070020300700203007002097
:1035E8003807002038070020400700204007002047
:1035F80048070020480700205007002050070020F7
:1036080058070020580700206007002060070020A6
:103618006807002068070020700700207007002056
:103628007807002078070020800700208007002006
:1036380088070020880700209007002090070020B6
:103648009807002098070020A0070020A007002066
:10365800A8070020A8070020B0070020B007002016
:10366800B8070020B8070020C0070020C0070020C6
:10367800C8070020C8070020D0070020D007002076
:10368800D8070020D8070020E0070020E007002026
:10369800E8070020E8070020F0070020F0070020D6
:1036A800F8070020F8070020000800200008002084
:1036B8000808002008080020100800201008002032
:1036C80018080020180800202008002020080020E2
:1036D8002808002028080020300800203008002092
:1036E8003808002038080020400800204008002042
:1036F80048080020480800205008002050080020F2
:1037080058080020580800206008002060080020A1
:103718006808002068080020700800207008002051
:103728007808002078080020800800208008002001
:1037380088080020880800209008002090080020B1
:103748009808002098080020A0080020A008002061
:10375800A8080020A8080020B0080020B008002011
:10376800B8080020B8080020C0080020C0080020C1
:10377800C8080020C8080020D0080020D008002071
:10378800D8080020D8080020E0080020E008002021
:10379800E8080020E8080020F0080020F0080020D1
:1037A800F8080020F808002000090020000900207F
:1037B800080900200809002010090020100900202D
:1037C80018090020180900202009002020090020DD
:1037D800280900202809002030090020300900208D
:1037E800380900203809002040090020400900203D
:1037F80048090020480900205009002050090020ED
:10380800580900205809002060090020600900209C
:10381800680900206809002070090020700900204C
:1038280078090020780900208009002080090020FC
:1038380021120000A911002001010000A811002098
:1038480009070000D4CE0500312E302E30000000CC
:103858000000000000000000000000000000000060
:103868000000000000000000000000000000000050
:103878000000000000000000000000000000000040
:103888000000000000000000000000000000000030
:1038980065A504009DAA040094840500BCF50020D9
:1038A8000000000000000000000000000000000010
:1038B800000000000000000000040000BCF9002027
:1038C80000000000000000000000000000000000F0
:1038D8000000000000000000000400008D3A010014
:1038E8008000000065370100000000006537010016
:1038F8008000000000000000010000006C0A0020A9
:10390800000000000000000000000000F0CE0020D1
:10391800000000000000000000000000000000009F
:103928000000000000000000000200001C860500E6
:10393800D81B002011C2040015C2040001000000B9
:10394800010000000000000000000000000000006E
:10395800FC2406000100000001000000BC0A002051
:10396800BC0A0020C80A0020000000000000000077
:10397800010000000FF10500EC0A00200000000023
:10398800000000000000000004000000000000002B
:10399800000000000000000000000000000000001F
:1039A80010000000100000000000000000000000EF
:1039B800000200004000000020000000000000009D
:1039C8000C350020CC340020AC340020000000006E
:1039D80000000000000000000000000000000000DF
:1039E80000000000000000000000000000000000CF
:1039F80000000000000000000000000000000000BF
:103A080000000000000000000000000000000000AE
:103A1800000000000000000000000000000000009E
:103A2800000000000000000000000000000000008E
:103A3800000000000000000000000000000000007E
:103A4800000000000000000000000000000000006E
:103A5800000000000000000000000000000000005E
:103A6800000000000000000000000000000000004E
:103A7800000000000000000000000000000000003E
:103A8800000000000000000000000000000000002E
:103A9800000000000000000000000000000000001E
:103AA80000000000C48A0500050008005BCB040084
:103AB80000000000EC8A050007000000ADCB040000
:103AC8000000000093D10400000000000000000086
:103AD8000000000025A50100000000000000000013
:103AE80000000000CDCB0100000000000000000035
:103AF8000000000055CA010000000000000000009E
:103B080000000000CDD70100000000000000000008
:103B18000000000001D101000000000000000000CA
:103B2800800C0020800C0020000000000000000035
:103B380041E60100ADF50100BFE20400000000000D
:103B4800000000008DEC010029E1040055E00400AC
:103B5800B1E40100000000004ACB050000000200AB
:103B680056CB050000000A0066CB050000002000C7
:103B7800000000000000000000000000000000003D
:103B88000000000000000000000000007FE70400C3
:103B9800000000007ACB05000000020086CB05007B
:103BA8000000020092CB0500000002000C0D00206E
:103BB8000C0D002000000000000000000E000000B6
:103BC800200D0020200D0020091A0200000000002E
:103BD80000000000F43800200000000099510200A5
:103BE80000000000FC38002000000000D141020065
:103BF80000000000043900200000000099E80200DD
:103C0800000000000C3900200000000099E80200C4
:103C18000000000014390020000000003D3E0200B2
:103C280000000000B4480020000000000DF502006C
:103C380000000000CC4800200000000099E80200C5
:103C480000000000D448002000000000D16B0200F2
:103C5800000000005C490020000000001D76020002
:103C680000000000644900200000000099E80200FC
:103C7800000000006C49002000000000B577020039
:103C88000000000074490020000000007582020056
:103C980000000000384D002000000000884D002082
:103CA80000000000684F00200000000018500020AD
:103CB800000000000502030000000000045300207B
:103CC8000000000099E502000000000030530020C9
:103CD8000000000099E80200000000004C57002096
:103CE80000000000392F02000000000044570020A7
:103CF80000000000392F0200000000003C5700209F
:103D080000000000B12B0200000000003457002022
:103D180000000000392F0200000000002C5700208E
:103D280000000000B12B0200000000002457002012
:103D380000000000392F0200980E0020980E002085
:103D48000100000001000000A80E0020A80E0020BD
:103D5800B00E0020B00E002000000000010000009E
:103D6800C00E0020C00E002000000000000000006F
:103D7800E00E00200000000000000000000000002D
:103D880000000000000000004A7100202000000030
:103D980000000000651C060000000800A21C0600C8
:103DA800000002006817002000000000000000006A
:103DB800BD1C060000000200CE1C06000000020028
:103DC800DF1C060000000A00FFFFFFFFFFFFFFFFE8
:103DD800FFFFFFFFFFFFFFFF0000000000000000E3
:103DE80000000000000000000000000000000000CB
:103DF80000000000000000000000000000000000BB
:103E080000000000000000000000000000000000AA
:103E1800000000000000000000000000000000009A
:103E2800000000000000000000000000000000008A
:103E3800000000000000000000000000000000007A
:103E4800000000000000000000000000000000006A
:103E5800000000000000000000000000000000005A
:103E6800000000000000000000000000000000004A
:103E7800000000000000000000000000000000003A
:103E8800000000000000000000000000000000002A
:103E980008000000FF000000000000000300000010
:103EA800000000003FC00F006CAE05001CAE05000E
:103EB800F4AD0500AD530400C54C0400154C0400D6
:103EC800201000202010002028100020281000209A
:103ED800F8020020FFFFFFFF00000200430000007F
:103EE80000000000000000000000000000000000CA
:103EF8000000000000000000000000004300000077
:103F080000000000000000000000000000000000A9
:103F18000000000000000000000000004300000056
:103F28000000000000000000000000000000000089
:103F38000000000000000000000000004300000036
:103F48000000000000000000000000000000000069
:103F58000000000000000000000000004300000016
:103F68000000000000000000000000000000000049
:103F780000000000000000000000000043000000F6
:103F88000000000000000000000000000000000029
:103F980000000000000000000000000043000000D6
:103FA8000000000000000000000000000000000009
:103FB80000000000000000000000000031A0040024
:103FC800D99F040000000000A4C8050044CB0500E8
:103FD800888F0500888F0500888F0500888F050069
:103FE800888F0500888F0500888F0500888F050059
:103FF800888F0500FFFFFFFFFFFFFFFFFFFFFFFFA9
:10400800FFFF000001004153434949000000000040
:104018000000000000000000000000000000000098
:10402800000000000000415343494900000000001F
:104038000000000000000000000000000000000078
:1040480000000000000000000672D2276E9A5CD3C0
:10405800B1F64EB789AE16A38911002F00000000F3
:104068000000000000000000000000000000000048
:104078000000000000000000000000000000000038
:104088000000000000000000000000000000000028
:104098000000000000000000000000000000000018
:1040A8000000000000000000000000000000000008
:1040B80000000000000000000000000000000000F8
:1040C80000000000000000000000000000000000E8
:0C40D800000000000000000000000001DB
:1040E40000000000000000000000000000000000CC
:0440F40000000000C8
:0440F80000000000C4
:1040FC0000000000000000000000000000000000B4
:10410C0000000000000000000000000000000000A3
:10411C000000000000000000000000000000000093
:10412C000000000000000000000000000000000083
:10413C000000000000000000000000000000000073
:10414C000000000000000000000000000000000063
:10415C000000000000000000000000000000000053
:10416C000000000000000000000000000000000043
:10417C000000000000000000000000000000000033
:10418C000000000000000000000000000000000023
:10419C000000000000000000000000000000000013
:1041AC000000000000000000000000000000000003
:1041BC0000000000000000000000000000000000F3
:1041CC0000000000000000000000000000000000E3
:1041DC0000000000000000000000000000000000D3
:0C41EC00000000000000000000000000C7
:1041F8005013002050130020BCF2002000000000E3
:10420800010000002C000000000000006C130020DA
:104218006C13002040CE00200000000001000000C8
:10422800B000000000000000881300208813002060
:104238003CF30020000000002000000014000000F3
:1042480000000000A4130020A4130020F0D20020D6
:1042580000000000040000006400000000000000EE
:10426800C0130020C013002020D20020000000004E
:10427800040000003400000000000000DC130020EF
:10428800DC130020E8F2002000000000030000001A
:084298001C0000000000000002
:1042A00000000000C0CC00208001000000000000E1
:0442B000000000000A
:1042B4000C1400200C14002000000000000000007A
:1042C4000E00000020140020201400200000000034
:1042D400000000000E0000003414002034140020FC
:1042E40000000000000000000E0000004814002040
:1042F4004814002000000000000000000E00000030
:104304005C1400205C140020000000000000000089
:044314000E00000097
:104318007014002070140020010000000400000048
:10432800BCFD0020C0FD0020BCFD0020BCFD00201D
:1043380000000000941400209414002000000000E5
:10434800A0140020A01400200100000001000000BB
:10435800B0140020B0140020B8140020B8140020B5
:1043680000000000FFFFFFFFC8140020C814002051
:104378000000000000000000D8140020D81400201D
:10438800E0140020E01400200000000000000000FD
:10439800F0140020F0140020F8140020F814002075
:1043A800000000000000000008150020081500208B
:1043B8001015002010150020030003001000000055
:1043C80000000000808C0500C4EE00200000000002
:1043D8000000000034150020341500203C15002092
:1043E8003C150020030003001000000051EB010001
:1043F800288D050044F200200000000000000000A5
:104408006015002060150020681500206815002040
:104418000300030001000000000000004C8B0500B1
:10442800FCE8002000000000000000008C150020BF
:104438008C1500209415002094150020010001001F
:104448001000000085CF0100708C05009CEB002057
:104458000000000000000000B8150020B81500207A
:10446800C0150020C0150020030003000100000053
:10447800000000003C8C050048EB00200000000014
:1044880000000000E4150020E4150020EC150020D1
:10449800EC1500200C000C0006000000F1A1010042
:1044A8003C8B0500F0E60020000000000000000042
:1044B80010160020101600201816002018160020CC
:1044C800040004000400000000000000248B050024
:1044D80080DA002000000000000000003C160020E8
:1044E8003C1600204416002044160020020002005A
:1044F800000000000000000034860500F0D1002014
:104508000000000000000000681600206816002067
:104518007016002070160020010001000100000044
:0C452800000000005C8B050054EA00203D
:1045340012010002EF020140E32F00010104010215
:10454400030109020000000100E032080B0002022E
:10455400020000090400000102020000052400100A
:1045640001052401020104240202052406000107B6
:1045740005800310000A09040100020A0000000774
:104584000580024000000705000240000004030902
:10459400040E035A455048595200000000000022FE
:1045A400035849414F20424C4520436F6E736F6C52
:1045B4006500000000000000000000000000000092
:1045C40000220330313233343536373839414243EF
:1045D4004445460000000000000000000000000008
:0545E4000000000000D2
:1045EC0000000000AF1600209BAE0400C93C010087
:1045FC00293A010000000000000000000300000048
:04460C003C0A002044
:10461000C0CB0500E1E5040000000000C4CB0500AC
:1046200000000100CCCB05000BE8040000000000F6
:10463000180F002000000100CE1C060019610300C5
:1046400000000000F865002000000100B8CB050064
:104650000BE8040000000000F40E00200000010040
:10466000651C0600000000008FFE04000000000032
:1046700000000200BCCB05000BE8040000000000B5
:10468000FC0E002000000100A21C0600ED5F0300EC
:1046900000000000AC65002000000100D0CB050048
:1046A0000BE8040000000000200F002000000100C3
:1046B000DF1C0600816103007FFF04000466002008
:1046C00000000300C8CB05000BE804000000000058
:1046D000100F002000000100BD1C0600BD6003009B
:0C46E00000000000F46500200000010054
:1046EC00971E060079660300C56603002C0F002098
:1046FC009F1E060000000000BD680300300F002064
:10470C00F01D0600000000006D630300280F002060
:08471C00F5660300B163030020
:10472400DCCE05004BD00500010C0100A8090020D7
:04473400D9A0040004
:0C473800FBDA050002000000150501007E
:08474400F56103009962030016
:08474C0045040100000000001B
:0447540015E015E077
:0400000310006C413C
:00000001FF
