:10000000805F0020DD1E0000A7650000C91E000003
:10001000C91E0000C91E0000C91E0000000000002B
:10002000000000000000000000000000311F000080
:10003000C91E000000000000C91E0000C91E00000B
:10004000AD200000AD200000AD200000AD2000007C
:10005000AD200000AD200000AD200000AD2000006C
:10006000AD200000AD200000AD200000AD2000005C
:10007000AD200000AD200000AD200000AD2000004C
:10008000AD200000AD200000AD200000AD2000003C
:10009000AD200000AD200000AD200000AD2000002C
:1000A000AD200000AD200000AD200000AD2000001C
:1000B000AD200000AD200000AD200000AD2000000C
:1000C000AD200000AD200000AD200000AD200000FC
:1000D000AD200000AD200000AD200000AD200000EC
:1000E000AD200000AD200000AD200000AD200000DC
:1000F000AD200000AD200000AD200000AD200000CC
:1001000053B94AB9002908BF00281CBF4FF0FF317E
:100110004FF0FF3000F00CB8ADF1080C6DE904CEE3
:1001200000F008F8DDF804E0DDE9022304B07047D0
:10013000704700BF2DE9F04786468C460846089E6A
:10014000154674461946002B40F0C2808542B2FA2B
:1001500082F245D94AB1C2F1200300FA02FC2EFA1C
:1001600003F3954043EA0C0C94404FEA154EA8B2B5
:10017000BCFBFEF8230C0EFB18CC08FB00F943EA8D
:100180000C43994528D9EB1808F1FF3704D299455B
:1001900002D9A8F102072B44A3EB0903A4B2B3FBD5
:1001A000FEFC0EFB1C330CFB00F044EA0344A042AF
:1001B00014D92C190CF1FF3304D2A04202D9ACF1AE
:1001C00002032C44241A43EA07401EB1D440002302
:1001D00034607360BDE8F0874746DDE76346F1E7CA
:1001E00092BB431B01214FEA154EAFB2B3FBFEFC9D
:1001F000200C0EFB1C330CFB07F840EA0343984528
:1002000062D9EB180CF1FF3004D2984502D9ACF159
:1002100002002B44A3EB0803A4B2B3FBFEFC0EFBCD
:100220001C330CFB07F744EA0344A7424ED92C19B0
:100230000CF1FF3304D2A74202D9ACF102032C44E3
:10024000E41B43EA0040C0E7C2F1200320FA03F1B7
:10025000954090402EFA03F303434FEA154EAFB298
:10026000B1FBFEFC0EFB1C10190C0CFB07F841EA5D
:100270000041884504FA02F422D969180CF1FF30D4
:1002800004D2884502D9ACF102002944A1EB08014F
:100290009BB2B1FBFEFC0EFB1C110CFB07F743EA03
:1002A00001439F420ED9EB180CF1FF3104D29F425B
:1002B00002D9ACF102012B44DB1B41EA004192E779
:1002C0006046E3E76146F7E76046A3E76346B7E7C2
:1002D000834206D916B9002108467BE7C6E900E04B
:1002E000F9E7B3FA83F78FB9834201D3724508D88F
:1002F000BEEB020460EB030301209C461EB9002103
:1003000068E73846FAE7C6E9004CF8E7C7F1200C81
:10031000BB4022FA0CF41C432EFA0CF120FA0CF329
:10032000B84001434FEA14490EFA07F5B3FBF9F858
:100330001FFA84FE09FB18300B0C08FB0EFA43EA87
:1003400000439A4502FA07F240D9E31808F1FF305A
:1003500004D29A4502D9A8F102002344A3EB0A0370
:1003600089B2B3FBF9F809FB183308FB0EFE41EA2A
:1003700003418E452CD9611808F1FF3304D28E4514
:1003800002D9A8F10203214443EA0040A0FB0298ED
:10039000A1EB0E014145CE46434602D306D14D4561
:1003A00004D2B9EB020E68EB04030138002EA6D08C
:1003B000B5EB0E0261EB030101FA0CFC22FA07F324
:1003C0004CEA0303F940C6E9003198E74046C5E727
:1003D0004346D9E730B5304B304AC3F800263048A1
:1003E000C3F8042687B0C3F808264921C3F80C26B1
:1003F000C3F81026C3F81426C3F81826C3F81C2621
:1004000006F02EF800F06EF803A800F047FD254B2B
:100410001B68834204D02448452106F021F8FEE7FA
:10042000059A2248224D492106F01AF803992148DD
:100430004B7D0A7DC98A0091492106F011F81E48BA
:10044000492106F00DF802A99DF8100001F0A0FB6B
:1004500003990298098908232A4606F00FF80446F2
:1004600000B1FEE7029806F008F803F031FA01F057
:1004700015F801F04BFD2B6883F3088884F314888A
:10048000BFF36F8FBFF36F8F6B6898470B484521A1
:1004900005F0E6FFFEE700BF000001403546526E62
:1004A000CC85000070010020E58500000886000072
:1004B0006801002037860000558600007A8600001B
:1004C00021B1012906D06FF015007047044B53F895
:1004D00030007047024B03EBC0035868704700BF01
:1004E000B882000002484FF4C05105F035B800BF93
:1004F000381600202DE9F04FF7B0DDE9818ADFF8EA
:10050000F89136A80F46D9F8006015461C4607F04A
:1005100046FB002136A805F057F9B8F1000F07D0C7
:10052000BAF1000F04DD5246414636A807F040FB01
:100530003B897A89D7F80CB013449B444FF00008EC
:10054000C34565D80CA936A807F071FB36A807F09B
:100550002AFB839B23B120220CA9184606F08BF8B6
:10056000002300932A464FF6FF73394606A805F08C
:1005700027FC804600285BD128460B9C00F0FEF942
:10058000844255D8DFF874B1DFF874A14FF0FF341E
:100590000DF1120304AA05A906A805F05FFC0028C6
:1005A00046DB40F0A280059906A805F0A3FC50B9EF
:1005B000BDF81200534A4FF6FF7132F8023B8B42EE
:1005C00036D09842F9D1BDF81270102F3AD0202FB2
:1005D0006DD0012FDCD1BDF81030202B28D8059923
:1005E00036AA284605F04AFF044608BB9DF810309D
:1005F0000293202B09D8DAF80030434F0393039B72
:100600009C421CA836DB07F0CEFA4FF0FF34BFE760
:10061000809BABEB080A9A4528BF9A465346224670
:100620004146284605F02AFF28B136A807F0BBFA54
:10063000D9F800605CE05246214636A807F0B8FAC7
:10064000D0447DE7BDF81070202FF1D105993B46CD
:1006500036AA284605F012FF0028E9D13A4636A905
:100660000CA805F055FCDBF800308342E0D14FF0D8
:1006700001088DE707F093FA00211CA805F0A4F803
:100680007A6857F8081B12681CA807F091FA14A999
:100690001CA807F0CCFA029A36A914A805F0C4FFEA
:1006A00018B91CA807F07FFA72E70134A7E7631CAA
:1006B0003FF46EAFDAF80030A342A6DDBDF810308B
:1006C000B3F5807FB4D1059936AA284605F0D6FE49
:1006D0000028ADD1E4B2BDF81030009436AA3946F6
:1006E0000CA800F0A9F806468FE7B8F1000F9FD0DC
:1006F000304677B0BDE8F08F040000207001002084
:10070000C082000088850000C48200002DE9F04707
:100710008946ADF5AE6D1946454B1E68DDF890353E
:10072000B3F5807F7ED1202A7CD15CAA05F004F845
:100730000446002876D19DF86F32BC2B72D10DF1A2
:1007400090080190DF2745460AA807F028FA002103
:100750000AA805F039F820220DF24F210AA807F067
:1007600027FA04220DEB02010AA807F021FA02A9D8
:100770000AA807F05CFA202F9DF80730BA46A8BFF8
:100780004FF0200A01334046524602A9A7EB0A0760
:100790008DF8073005F06FFF002FD044D4DC0AA895
:1007A00007F001FAAC465CAB2946DF22087813F863
:1007B000017B013A80EA070001F8010BF6D12B78A2
:1007C00003F07F032B701CF8017B5FBB0134BE2C50
:1007D000F9D195F8BE30012B24D10AA807F0DFF932
:1007E00039460AA804F0F0FF124908220AA807F0C7
:1007F000DFF9494620220AA807F0DAF920220DF293
:100800004F110AA807F0D4F902A90AA807F00FFAB5
:100810000AA807F0C8F920220DF24F2102A805F01E
:1008200077FB064630460DF5AE6DBDE8F08700BF9C
:10083000040000209D8600002DE9F04F1F46A3B064
:100840002F4B9DF8B0501E68804604A889469246FA
:1008500007F05EF90922012104A804F02FFF294BBB
:1008600053F83540029403EBC50303AA5B681B6889
:100870001C442146302302A806F035FA002838D15E
:10088000DDE9023213449C4233D106AA214602A874
:1008900006F03DFA68BB0DF1200B5A46214602A82E
:1008A00006F035FA054620BB06A806F0DEFD029BE1
:1008B00005909C421DD1CDE9005B2B462A4606A936
:1008C00004A807F0E2F8A0B904A804F00FFF80B96B
:1008D00006A806F0CAFD059004A807F023F9874290
:1008E00007D1009753464A46414604A8FFF70EFF3A
:1008F000064604A807F018F9304623B0BDE8F08F8B
:1009000004000020C4820000094A0B78400052F81D
:1009100020108B4209D0013052F82000834214BFCE
:100920004FF0FF304FF4377070474FF43770704717
:10093000CC8200001FB50F4B13F830000C4601F0BD
:1009400027F950B92068816810236A46103905F0EC
:1009500095FD28B1206805F090FD4FF0FF3006E0CE
:1009600005491022684605F05FFE0028F2D104B068
:1009700010BD00BFCC820000BC85000013B504464A
:1009800005F0CDFA6A460146204605F000FA30B17E
:100990000448452105F064FD002002B010BD009818
:1009A000FBE700BFA58600002DE9F0434A4F87B062
:1009B000054600200E463C689046FFF781FD04A9DD
:1009C000C0B201F0E5F800284ED13146FFF778FDBE
:1009D0002C2405A9C0B204FB065401F0D9F848B391
:1009E0002C21714305EB010C049ADCF81030D80679
:1009F0003ED504999EB3284605F082FB98F807304F
:100A0000042B27D100210846FFF75AFD05A9C0B2E3
:100A100001F0BEF818BB0599284605F071FB0446A5
:100A2000059805F02AFDD4B92C482246492105F045
:100A300017FD14E0059805F06AFD8146059805F05C
:100A40001CFD631EE21C13F8011F4945C8D19A42E0
:100A5000F9D1CEE7002004F0F3FF0428D2D0204BD8
:100A60001C68049805F009FD204607B0BDE8F08336
:100A700068581C4988422AD1DCF80C10BCF80800E0
:100A8000401824D2BCF80A10091820D2906881427C
:100A90001DD240F60C610B4019D1CDE90233019310
:100AA0004FF48073009321460F4B2846FFF722FD39
:100AB00004460E4B1B68A342D3D056B104980021C4
:100AC000826805F005FD0A4A0A484521AFE73C68FF
:100AD000EFE7094AF8E700BF04000020F2860000B3
:100AE000000000203DB8F396382E00207001002051
:100AF000E886000031870000E08600007FB50D46E3
:100B0000044600212846CDE9021105F0B8FA28B3C1
:100B10002368194EB34203D103AA204605F027FAF1
:100B2000E36AB34204D102AA0121204605F01FFA6C
:100B3000DDE90232934288BF0393039BAB60039AC3
:100B40002946204600F0B2FB0C4B1A68002A03DD50
:100B50000B48572105F084FC04B070BD01A9FFF7D4
:100B6000E9FE019805F1080105F0E4F9AB68019888
:100B7000039305F082FCE2E73DB8F39614150020DC
:100B8000598700002DE9F84FDFF870B01C4C1D4D5F
:100B9000884691469A4600260B9B9E4201D3002030
:100BA0000FE00B9B154A9F1BB7F5806F28BF4FF4D2
:100BB00080673B4606EB0A01404605F05FFC10B13A
:100BC0000120BDE8F88F0A993B465A4671184846FD
:100BD00005F069FC0028F3D1C4F800563E44C4F87F
:100BE0000456C4F80856C4F80C56C4F81056C4F895
:100BF0001456C4F81856C4F81C56CDE774010020EA
:100C0000000001403546526EF0B59B4B43620E46E4
:100C100003F5F4630021036589B004460846FFF735
:100C20004FFC04F120010546C0B200F0B1FF0346BD
:100C3000E8B90121FFF744FC04F14C010546C0B2BC
:100C400000F0A6FF0346E0B9204605F0EEF90546A0
:100C5000C8B900221146204605F0D1F9054660B317
:100C600086480022572105F0FBFB01239EE000226D
:100C7000CDE90023824800232A46452105F0F0FBF8
:100C8000FEE70122F4E77F48F422572105F0E8FB54
:100C900001239D4284F85830DBD194F858308DF808
:100CA0001730042B00F28580012B00F2898000F0C0
:100CB0009C80FF2384F8583097E0204600F000FA2B
:100CC0000028D2D004A805F0D1F90146204605F04D
:100CD0006CFA18B16C482A465721C4E704A805F0FD
:100CE000CEF980F0010104AAC9B2204605F087F9C7
:100CF00002460028B4D104A805F0C1F9054660BB3E
:100D000004A92046FFF7FAFE9DF8173084F8583002
:100D1000033B012B06D8284600F0E6F810B1FF236C
:100D200084F858309DF81730023B022B0BD8002076
:100D300000F0C4F838B1FF2384F8583053484521F7
:100D400005F08EFBFEE794F85830FF2BF6D000221A
:100D50001146204605F053F987E79DF81770012FDB
:100D600018D1104604F06CFE831E022B05460ED8E7
:100D700004AA39462046FFF717FE454B1B689842E8
:100D800005D0444B1D68A84214BF0525012584F8F1
:100D9000585082E7012104AA2046FFF705FE3C4B8C
:100DA0001B6898420CBF9DF81730052384F8583013
:100DB00073E7052B7FF47DAF002000F095F811E07C
:100DC00004A92046FFF79AFE94F85830DA1E012A4B
:100DD00014D8002000F088F800287FF46AAF0020C3
:100DE00000F06CF800287FF464AF94F85830FF2BC3
:100DF00007D12648452105F033FBFEE7022BF4D14D
:100E0000EDE70022012B244D039214D01146204619
:100E100005F0F5F878B12D68102200210DEB0200E5
:100E200005F034FCE06C05F028FB206A05F025FB9A
:100E3000284609B0F0BD002211462046FFF7B4FD58
:100E4000134F3B689842E6D12B689842E3D0114B90
:100E50001B689842DFD0039B01330393039B012B54
:100E600000D0FEE7206A04F090FF3071236A5B68CF
:100E700034603D68B360CFE7740500201788000038
:100E800088870000D5870000438800006D88000037
:100E900070010020000000200400002038B5064D3D
:100EA000044660220021284605F0F0FB2146284632
:100EB000FFF7AAFE38BD00BFB414002013B5094BDC
:100EC00001A913F8300000F063FE48B9019806F05C
:100ED000FBFF0446019805F0D0FA204602B010BD91
:100EE0000124FAE7D48200001FB50F4B01A913F8C3
:100EF000300000F04DFEA8B9019802A904F04AFDA7
:100F0000044668B99DF80B30032B03D1019806F015
:100F1000A9FF0446019805F0B0FA204604B010BDC0
:100F20000124F7E70124F8E7D48200002DE9F3411A
:100F300006460C4617461D460BB9002628E0184603
:100F400005F09DF80028F8D16946FFF7F3FC0098FA
:100F500038B90124009805F090FA204602B0BDE8A7
:100F6000F08101A904F0E6FF0028F2D1009805F015
:100F700084FA3046019905F066F9736A5E686B7908
:100F8000012B21D1002CD8D12B68834298BF002699
:100F900021460020FFF794FA6946C0B200F0F8FD40
:100FA0000028D6D1009820233A46314605F066FA4B
:100FB00004460028CDD1002DCCD03C680D4BE41A5E
:100FC00018BF4FF0FF34C5E7022BB6D12B68012BB9
:100FD00005D98342B1D8B4FA84F46409ADE7ACD141
:100FE000002CD5D0012CA8D12C79023C18BF0124AB
:100FF000A3E700BF3DB8F3962DE9F04F074685B053
:101000000C46014600201646FFF77EFC051E50DB0D
:101010003846E46D04F083FF5FFA84F96B1E09FB28
:1010200003084FF0000A4FF0010B4FF0FF349DB959
:10103000BAF1010F03DD2148452105F011FA631CC7
:1010400006D0F32C2ADC013440F201133460B38063
:10105000284605B0BDE8F08F6B1E00930DF10F021E
:1010600001234146384605F009FA031E019322DBAD
:1010700001220DF10F01384606F08FFE019B40B1B1
:101080005B4501D00AF1010A009DA8EB09089B46C7
:10109000CDE7B4F1FF3F08BF2C46F5E70223F43C4F
:1010A0007371631004F0010401330134336034714F
:1010B000CEE70725CCE70125CAE700BF7988000005
:1010C000F8B5866A456D044605F0ACF8AE420AD024
:1010D0006B1CB34207D0834205D01748572105F057
:1010E000BFF90020F8BDF42E19D914485721F6E7AE
:1010F000626A02EBC3025768226D02EBC3025268B8
:10110000974202D00E485721E9E701339D42EFD1C3
:10111000204605F0B6F828B90A485721DFE7002332
:101120001F46F3E7AE4205D9636A03EBC5035B686C
:10113000BB42E7D10120D5E79C880000D48800009D
:10114000038900002F89000000B589B004A901209F
:1011500006F095FE9DF81020012A41D0254B264926
:10116000032A08BF0B469DF8132002929DF8122017
:1011700001929DF81120214800924921204A05F052
:101180006FF906A9022006F07AFE9DF81820012AC0
:1011900028D0184B1849032A08BF0B469DF81B207E
:1011A00002929DF81A2001929DF81920009213488E
:1011B000144A492105F054F99DF81030012B13D140
:1011C0009DF81230032B0FD19DF81830012B0BD056
:1011D0000D48492105F044F9022009B05DF804FBEF
:1011E0000A4BC0E7094BD9E70948492105F038F90E
:1011F0000020F2E7688900007189000085890000FD
:1012000077890000C6890000D68900006C8900003B
:10121000F589000070B54B6814461E4A03F0FF23A1
:10122000934286B006460D462FD10B68012B2CD178
:1012300004A9204604F0AEFB9DF81020012A26D018
:10124000154B1649032A08BF0B469DF8132002923E
:101250009DF8122001929DF8112000921048114A29
:10126000492105F0FDF89DF81030032B0DD12146E2
:10127000304604F045FF204606F0F4FDA9682046FC
:1012800004F066FE204604F065FB06B070BD064B18
:10129000DBE700BF000100046889000071890000DD
:1012A00085890000C68900006C8900002DE9F04F97
:1012B000164689B005460C467448492105F0D0F819
:1012C0003146284604F0BFFF6B6A824620465E68BE
:1012D00004F0D5FEE8B1E86D04F01CFEAF6A00230F
:1012E000013F3344984201D9013FFAE7BA4510D390
:1012F0006748572105F0B4F807FB06F365480AFB79
:101300000662572105F0ACF80123E37109B0BDE88E
:10131000F08F06A9012000F03BFC07A9022000F095
:1013200037FC079A21462846FFF774FF6379012BA3
:101330004BD1DFF864B1574641E02268C2F10103A6
:1013400053449F423AD86B6A196853F8370003EB4D
:10135000C703012A53F8083CA3EB0103A0EB0109E2
:10136000049311D1079B0393E368022B08D04146F5
:10137000284604F0C5FE22464146284604F0F6FE03
:101380000399284604F0BCFE32464946404604F024
:10139000B5FE049B42464146CDE900962846FFF73C
:1013A000F1FB2146284604F077FE236801332360D1
:1013B00020B1DBF800300133CBF80030013FDDF81D
:1013C0001880002FB9D10123236002236371012704
:1013D000BA45DDF8189006D2484605F04EF8079851
:1013E00005F04BF892E723689F424DD36A6ADDF817
:1013F0001CB052F837100491FB00083B11680391B0
:10140000D1582A6DD0581368A0EB03082379012B1B
:1014100038D1039B3246C91A4846059104F06EFE46
:101420000599009143464A46594601962846FFF7DA
:10143000A9FB2146284604F02FFE0223237118B190
:10144000154A13680133136032464146584604F08A
:1014500055FEDDE9032349469B1ACDE900865A462D
:101460002846FFF78FFB2146284604F015FE236827
:10147000013323600123237130B1074A136801331C
:10148000136001E0022BDFD00137A1E70C8A0000D6
:10149000358A0000648A000014150020BFF36F8FA6
:1014A00072B6124B4FF0FF32C3F88020C3F884208D
:1014B000C3F88820C3F88C20C3F89020C3F8942088
:1014C000C3F89820C3F89C20C3F88021C3F8842176
:1014D000C3F88821C3F88C21C3F89021C3F8942164
:1014E000C3F89821C3F89C21704700BF00E100E0D9
:1014F000014B1B68184700BF08000020014B186013
:10150000704700BF0800002007B50B4600210246C7
:101510000091034800F006F803B05DF804FB00BF3B
:10152000F11400002DE9F04F8DB01D46531E824688
:10153000019103934FF00009039B5878252803F18C
:10154000010419D11E4600204FF0FF380236034631
:101550000290444631780396392954D81F2914D86B
:10156000002900F0EE8101992520D04701993078BB
:10157000D04709F10209DFE7002800F0E281019974
:10158000D04709F101090394D6E7A1F12002192AF5
:10159000E9D801A757F822F00116000067150000EE
:1015A0006715000001160000671500008116000095
:1015B000671500006715000067150000671500003B
:1015C000CD1600000116000067150000E1160000AE
:1015D0008D160000671500009B160000BB1600006A
:1015E000BB160000BB160000BB160000BB160000B7
:1015F000BB160000BB160000BB160000BB160000A7
:1016000008460136A6E7582900F0EB80A1F16302F5
:10161000D7B2172FA7D8172AA5D801A757F822F0B5
:101620008918000007170000671500006715000003
:1016300067150000E7160000071700006715000097
:1016400067150000E7160000671500006715000029
:1016500067150000BD170000671500006715000042
:101660005D180000671500000717000067150000EF
:1016700067150000BD17000067150000E7160000A1
:1016800001992520D04709F1010955E7029A02F096
:10169000FE0202924FF00008B3E7002C0DDAB8F119
:1016A000000F0DDA029A002A00F0438124EAE47464
:1016B0000A2202FB0414303CA3E7B8F1000FF5DB6B
:1016C0000A2202FB0812A2F130089AE7B8F1000FD3
:1016D00055F8042B80F22F81002A80F22E8154428B
:1016E000022202928DE7682903D1682B06D1482394
:1016F00087E76C2902D16C2B00F02181002B7FF44D
:1017000032AF0B467DE77A2B06D1752955F8046B6D
:1017100014D14FF0000B0CE06C2BF6D04C2BF4D115
:10172000073525F007037529D3E9006B03F1080598
:1017300006D120283BD1854F013C09E04FEAE67BEA
:10174000BBF1000FF5DA7642814F6BEB4B0B013C9E
:101750000DF12D03059300230493304659460A22C8
:101760000023FEF7CDFC059B303203F8012DB44673
:101770000593049B5A46BCF10A0F8B4672F1000296
:1017800003F1FF3106460491E7D2C3F1010B303378
:101790000DEB0306B8F1000FA6F104066DDA029B0B
:1017A000D9077DD4A8EB0B03A4EB0B0413E02B2883
:1017B0000ABF684F684F04F1FF34C9E770290FD1A1
:1017C00055F8042B0023FAB9634F644E053C6FF0C3
:1017D00004034FF0050B029A920770D4A04666E00E
:1017E00078216C2B03D155F8042B002308E04C2BF7
:1017F000F9D1073525F007031D465B6855F8082B1E
:10180000232825D1880621D5554F023C01F06001DF
:10181000A1F1390B0DF12D0E002602F00F0109295F
:1018200088BF594430310EF8011D102A4FEA1211B9
:1018300041EA03714FEA131C73F1000306F1FF3014
:1018400008D2C6F1010B06F13003A1E7454FDCE7F2
:10185000414FDBE706460A466346DEE755F8046B70
:10186000304604F0DAFEB8F1000F834602DB404553
:10187000A8BFC346384F4FF00008A8EB0B03002B5E
:1018800092DDA4EB0804A6E755F8043B8DF8183068
:10189000314F013C4FF0FF334FF0010B06AE9AE79A
:1018A000A046EAE7029301992020D047029BB8F1B5
:1018B0000108F7D524EAE472013C9144A41AB84621
:1018C00006E0049302920199D047029A049B904645
:1018D000424612F8010B0028F3D11A46013A15D5F9
:1018E000002BACBFC7EB03077F425B46013B15D51E
:1018F000BBF1000FA8BF5F444F442646013E14D5FC
:10190000002CA8BF3F1907EB080915E604930292C3
:1019100001993020D047049B029ADFE70293019996
:1019200016F8010BD047029BE0E701992020D04731
:10193000E4E70122D5E6904663E6144661E64C23CF
:101940005FE648460DB0BDE8F08F00BFA58B0000F4
:10195000A38B0000A78B000078880000AF8B0000ED
:10196000A98B0000AC8B00002DE9F047058B0446E5
:101970002807904611D4022905F0070540F0CC80D5
:10198000204604F095FC78B10138218B042811D849
:10199000DFE800F0C2106D85950001290CBF45F00D
:1019A000100545F02005258388F31188BFF36F8F5C
:1019B000BDE8F08701F0070AAA4500F0A5800027DE
:1019C000B9463E46A368002B00F0BC8041F00801F8
:1019D000218388F31188BFF36F8FA168002900F07D
:1019E000BA800D68002900F0B680D1F80480334633
:1019F00052462046C047002D76D02B6829461D460A
:101A0000F0E701F007035A1F012A1BD8002221F03A
:101A10000701062B276889B2C4E9002209D13B4699
:101A200003E0628B013262831B68002BF9D141F025
:101A300002012183204604F03BFC00287AD041F0CB
:101A4000200176E0042B0AD121F0070189B221831D
:101A5000204604F02DFC10B141F020012183218BA0
:101A600001F0070AAA454FD00027B946AAE7236923
:101A700021F0070141F00601062DD3F800902183E3
:101A80002DD1B9F1000F3FD041F00801218388F337
:101A90001188BFF36F8F3A492046C84729E021F0EB
:101AA0000701236941F0040189B2042DD3F80490A1
:101AB0002183E6D000273E464FF0040A82E721F05A
:101AC0000701236941F0050189B2052DD3F808907B
:101AD0002183D6D000273E464FF0050A72E7002743
:101AE0003E464FF0060A6DE72B4687E7B9F1000F37
:101AF000D1D1EFF31188202383F31288BFF36F8FC6
:101B0000238B23F008032383258BEA062ED525F0AB
:101B10001003238305F007056669218B002EBFF6AD
:101B200070AF00232768C4E9003321F0070141F0BA
:101B300001012183218B01F0070AAA454FF000091A
:101B40007FF440AF002F9CD041F00801218388F33F
:101B50001188BFF36F8F002FC8D03D6839463346D8
:101B60005246204604F0D0FB2F46F4E7AB067FF543
:101B70001BAF25F02003238305F0070500E700BF16
:101B800035630000014B036000207047E0820000D5
:101B900070B5104B1C680D46B4B10F4B196800238B
:101BA0008B4202DB6FF0010070BD224612F8106B11
:101BB000864202D001331446F2E7E06806F091F95C
:101BC00028B12C600020EFE76FF00C00ECE76FF01D
:101BD0001200E9E70C000020E082000010B588B098
:101BE000436802938368C068CDE903320A68002322
:101BF000CDE906230C4601AA0449059304F009FE29
:101C0000079808B9059B236008B010BD1D6500004A
:101C100008B5044804F03FFBBDE80840024804F062
:101C20003ABB00BFB58B0000EE8B000030BFFFF762
:101C3000FDBF00BF70B5264B15469A6A12F0100F13
:101C40009A6A14BF1124102412F0080F9A6A18BF60
:101C50001224920706460AD5586B9A6A140634D5A0
:101C600019B19A6A22F080029A62132401E06FF09F
:101C70001500174B9A6A12F0010F9A6A18BF1424C4
:101C800012F0200F9A6A18BF1524D20602D49B6A5C
:101C90009B070AD50E4B5B68190506D5314600F047
:101CA000C5F910B180F309880224094B9A6A92069B
:101CB00042BF5A6A22F400525A629A6A42F0FF0204
:101CC0009A6200232B70204670BD6FF01500CCE7A0
:101CD00000ED00E0134B9A6A12F0007F9A6A14BF7D
:101CE0001E201D2012F0807F9A6A18BF1F2012F458
:101CF000002F9A6A18BF212012F4802F9A6A18BF09
:101D0000222012F4003F9A6A18BF232012F4803F69
:101D10009A6A6FEA02426FEA12429A6218BF24205E
:101D2000704700BF00ED00E010B5194B0246986AFD
:101D30009C6A10F4805F14BF1720162014F4006F03
:101D40009C6A18BF1820A40509D5986B986A0004EE
:101D500004D51AB19A6A22F400429A6219200C4BF7
:101D60009A6A12F4806F9A6A18BF1A20D2050CD4AE
:101D70009B6A13F4005F18BF1C20054A936A43F462
:101D80007F43936200230B7010BD1B20F5E700BF5B
:101D900000ED00E070B5454B5B688AB00546C3F3C3
:101DA0000803002686F31188BFF36F8F02F07F408F
:101DB000B0F17F4F11D102F00C0008280DD01007B0
:101DC0004CBF0D4601260022033B8DF80720032B54
:101DD00005D8DFE803F01E5D615A3546F3E70024BD
:101DE0009DF807309BB92022294602A804F043FC45
:101DF000099B002E54D0C3F3080222B96FEA532383
:101E00006FEA4323099302A9204604F0C2FB0AB0FB
:101E100070BD264BDA6A9107E1D4DA6A002ADEDB6C
:101E2000DA6A5200DBD55A69A96942F480725A61B4
:101E3000BFF34F8FBFF36F8F5A6931F8021C22F442
:101E400080725A61BFF34F8FBFF36F8F4DF60272EE
:101E500091420AD09A6AD2B24AB10DF10702012129
:101E60002846FFF7E7FE0446BAE72C68B8E79A6A07
:101E700012F47F4F05D00DF107010120FFF754FF49
:101E8000F1E79B6AB3F5803FA9D3FFF723FFEAE7A9
:101E90000DF107020021E3E70DF107010020EDE756
:101EA00023F4FF7323F00103ACE700BF00ED00E073
:101EB000044B5A6942F010025A615A6922F0080232
:101EC0005A61704700ED00E0EFF30880EFF30981FD
:101ED00001B57246FFF75EFF01BD00BF01F02AFDAC
:101EE000202080F3118808484FF40461401880F3E3
:101EF0000988EFF314800221084380F31488BFF3AC
:101F00006F8F00F06FF80000402F00200749D1F8D4
:101F100090200023C2F307221846934200DB70474B
:101F2000C1F89830C1F8A0000133F6E700ED00E0F9
:101F30001EF0040F0CBFEFF30880EFF309808169F6
:101F400011F8021C0229FFD001B5724604F027FBEC
:101F500001BD00BF40B2002807DB044A410901234C
:101F600000F01F00834042F82130704700E100E09C
:101F700040B200280CDB4309064900F01F00203363
:101F80000122824041F82320BFF34F8FBFF36F8FB0
:101F9000704700BF00E100E0054B420900F01F0060
:101FA00053F82220012303FA00F01040704700BFCD
:101FB00000E100E040B20028A8BF00F1604001F15C
:101FC0000101B8BF064B4FEA4111ACBF00F56140BB
:101FD00000F00F00C9B2B4BF195480F80013704765
:101FE00014ED00E00F4A08B50F4B22F07F029A6013
:101FF000BFF34F8FBFF36F8FD3F8882022F47002A6
:10200000C3F88820EFF3148323F0040383F31488C8
:10201000BFF36F8F03F0CAFD03F010FE00F03AF833
:1020200003F0D0FD0000000000ED00E010F1160FFD
:10203000074B08D0984208D34033834205D98B42DE
:1020400003D9044870474033F9E70020704700BFC8
:1020500080370020C037002080B50C460746154663
:10206000064E86F309880020054988472046294600
:102070001A46B84703488047FEE700BFC05F00200C
:10208000BF650000CD650000014B10221A6170474A
:1020900000ED00E0044800232021C2180133302B5A
:1020A00082F80013F9D1704700E100E008B5EFF3C2
:1020B0000583064A103B02EBC30152F8330049681E
:1020C0008847BDE8084004F075BA00BF748000007E
:1020D000024B034A0348022100F066B800000420C6
:1020E0000000002024830000084AC2F898000B6812
:1020F00023F01F03034343F01003C2F89C308B68A6
:1021000043F00103C2F8A030704700BF00ED00E0CB
:102110002DE9F043DFF8608085B00E461F46044687
:102120004FF00009B14523DA6068D8B13FB1411ED4
:1021300008421BD11F2819D92368194216D12368D8
:10214000019304F05AFAA36803430393D8F890501C
:10215000C5F30725D0B2013DA84207D801A9FFF772
:10216000C3FF421C09F101090C34DBE76FF01502D3
:10217000104605B0BDE8F08300ED00E0044B0522F9
:10218000C3F89420BFF34F8FBFF36F8F704700BF2A
:1021900000ED00E0BFF35F8F024B0022C3F89420F4
:1021A000704700BF00ED00E010B5034C012322781A
:1021B000FFF7AEFF207010BD382F00202DE9F0434F
:1021C000534B544CD3F890302568C3F307239D42FA
:1021D00085B000F29A80FFF7DDFF00200C268542D3
:1021E0001AD14D4C4D4F25706846FFF7CBFCDFF8F8
:1021F0002081DFF82C9106460025AE4213D12378CA
:1022000043490020D1F89020C2F30722934276DBA5
:10221000FFF7B4FF002042E0616806FB0011FFF702
:1022200063FF0130DBE7009800EB05114FEA051C66
:10223000CB683B40B3F5000F48D00AD8B3F5001F78
:1022400030D0B3F5800F36D0B3F5801F10D00135F4
:10225000D3E7B3F1807F42D0B3F1007FF7D150F8DC
:102260000C3088684A6804F0C8F940F4802009E01E
:1022700050F80C3088684A6804F0BFF940F0885084
:1022800040F43020CDE901230390D8F89030207835
:10229000C3F30723013B98422AD96FF0150005B01C
:1022A000BDE8F08350F80C3088684A6804F0A5F95E
:1022B00040EA0900E6E750F80C3088684A6804F004
:1022C0009CF940F0007040F40030DBE750F80C302F
:1022D00088684A6804F091F940F08270D2E750F8BB
:1022E0000C3088684A6804F088F940F08870C9E7C3
:1022F00001A9FFF7F9FE237801332370A7E7C1F89E
:102300009830C1F8A00001337CE74FF0FF30C6E7FA
:1023100000ED00E03C830000382F00200000F0FFBB
:102320000000081108B5024803F0B5FFFEE700BF42
:10233000238C0000014B1860704700BF1000002084
:102340000E4A0123C2F840354FF080424FF08051D1
:10235000C2F87835D1F83001082808D1D1F8341105
:10236000052904D80648415C09B1C2F838364FF057
:1023700080430122C3F880250020704700E001401F
:10238000298C000020B1034B800143F00103184762
:10239000704700BFB0820000084B70B5C31A0D46ED
:1023A00007499B10044659430648402204F08BF924
:1023B0002B4601462046BDE8704018472C150020EA
:1023C000B76DDBB6FC7F000073B50C4C0C4A4023A4
:1023D000041B00930D460B460A49A41061430646B0
:1023E000094804F09BF9011E05DA30462B4602B07D
:1023F000BDE87040184702B070BD00BF2C1500202A
:102400008B670000B76DDBB6FC7F000010B5EFF303
:102410001184202383F31288BFF36F8F074A136858
:1024200023F00201DB07116002D4012004F08DFBD0
:1024300084F31188BFF36F8F10BD00BF7C1500209F
:10244000002270B5012104461046FFF7B3FD0F4886
:1024500001F0FAFB0E4B984215D101F005FC2669FC
:102460000C49304603F073FF00280BDB012535646F
:102470002469084904F11C0003F069FF002801DB0E
:10248000E564002070BD6FF00400FBE75D250000EF
:102490000000AD0B5C83000030B4104B0C2202FB3B
:1024A000003301460020D3E90E529863EFF3118008
:1024B000202484F31288BFF36F8F1C6C04F0C004D7
:1024C00044F002041C6480F31188BFF36F8F1DB1C8
:1024D0002B46034830BC184730BC70472C150020F1
:1024E000FC7F000010B4EFF31182202383F31288E5
:1024F000BFF36F8F1748016841F002040460C807FA
:1025000007D482F31188BFF36F8F012010BC01F054
:10251000BDBB4FF08041D1F80C04D1F80C14C907B1
:10252000EFD5EFF3118083F31288BFF36F8F0A4961
:102530000B6C03F0C00343F002030B6480F31188BB
:10254000BFF36F8F82F31188BFF36F8F002010BC31
:10255000FFF7A2BF7C1500202C15002010B1012828
:1025600004D07047034B1B6C5B0701D1FFF794BF8E
:10257000704700BF2C1500202DE9F8433649BFF302
:102580005B8F0746012251E8003F41E80020002808
:10259000F9D1BFF35B8F33B9304931484B60CB6021
:1025A0008A6003F0E7FE7B1E012B2DD8012F07D197
:1025B0004FF08043D3F81C3403F00303012B23D0E6
:1025C00005F0D1FC054608BB264B1B78F3B14FF054
:1025D00080430222C3F808230646DFF88C904FF0B0
:1025E00080444FF00108D4F81824D4F81834D203EA
:1025F00015D503F00303012B01D0012F0FD125B313
:1026000086F31188BFF36F8FBDE8F883EFF311866F
:10261000202383F31288BFF36F8F0125DDE7304657
:1026200003F0DCFFD4F81835002BDCD1D4F80421FA
:10263000002AD8D0C4F80431D4F80431C4F818857D
:10264000C9F88081C4F80880CDE74FF080430222AA
:10265000C3F80423D8E700BF281500201815002070
:10266000481500203E2F002000E100E008B5074893
:1026700005F037FC38B10648FFF75CFE0448FEF76A
:102680003DFF002008BD6FF01200FBE7388000001E
:10269000952600000A2838B5074D044604D1AB68DA
:1026A0000D215B6828469847AB6803485B68E1B238
:1026B0009847204638BD00BF3880000000F17440C4
:1026C00000F5A6000A289ABF024B33F910006FF0FC
:1026D0000F007047A6850000024B0B6001231360BA
:1026E000704700BFEC830000004870478083000003
:1026F0000268154BFF2A08BF4FF0FF32C3F82425AC
:102700004268FF2A08BF4FF0FF32C3F828258268CD
:10271000FF2A08BF4FF0FF32C3F83025C268FF2AF6
:1027200008BF4FF0FF32C3F834250269FF2A08BF03
:102730004FF0FF32C3F838254269FF2A08BF4FF037
:10274000FF32C3F83C2570470090024038B50F4B6C
:10275000994204460FD1EFF31180202383F31288AE
:10276000BFF36F8F1D46237833B10023237080F3AE
:102770001188BFF36F8F38BD03F030FFEFF3118086
:1027800085F31288BFF36F8FEDE700BF0000AD0B3C
:102790002DE9F04F824685B088461746002A00F0A2
:1027A0008E80002B00F087800029C0F28880CA1834
:1027B0004168C96A8A4200F28280C8F1000505F0CA
:1027C00003059D4228BF1D467A4202F0030207F02E
:1027D000030658BF5642764206F003069E4228BFC3
:1027E0001E465A1B9B1B23F0030322F00309994545
:1027F000C8BF994602F0030BC8BFA2EB030BB9F1A7
:10280000000F18D0BB1908EB050249461846019382
:1028100004F02EFA04460146DAF81000FFF796FF9E
:10282000284A94423DD1B54205D0019B4A461946FB
:10283000781903F009FFC5B1C5F10406A8EB06023B
:10284000042102A804F014FA04460146DAF8100044
:10285000FFF77CFF1B4B9C4223D106F108032A465D
:102860000DEB0301384603F006FFBBF1000F17D054
:10287000082108EB05024A440DEB010004F0F8F9C9
:1028800004460146DAF81000FFF760FF0D4B9C424A
:1028900007D109EB05005A4602A9384403F0EBFEC4
:1028A000084CDAF8100004F04FF8204605B0BDE8F7
:1028B000F04FFFF703BF184605B0BDE8F08F6FF08B
:1028C0001500F9E70000AD0B2DE9F3470F4605466B
:1028D00041681E469046002A75D0002B73D0042B09
:1028E00001D9B3076FD117F003006CD1002F6ADB59
:1028F000CA6ABB19934266D803F0F3FF044648B195
:10290000012003F0EEFF286904F01EF8204602B013
:10291000BDE8F087032E1ED804213A460DEB0100D6
:1029200004F0A6F9044601462869FFF70FFF274B7C
:102930009C4235D13246414601A803F09CFE042159
:102940003A460DEB010004F090F90446014628696F
:10295000FFF7FCFE24E008F06043B3F1005F02D112
:1029600018F0030F2BD0DFF864A0042EB14628BF67
:102970004FF004094A46414601A803F07CFE3A465E
:10298000494601A804F071F9044601462869FFF799
:10299000DDFE544504D1B6EB0906C8444F44E4D1EA
:1029A0002046FFF78BFE0446012003F09AFF0646FF
:1029B000286903F0C9FF002C08BF3446A6E73A4651
:1029C00031464046BFE76FF015049FE70000AD0BAE
:1029D0002DE9F047C1F30B03D0F8048007460E46FB
:1029E0001546002A61D0C2F30B0018435DD10029BF
:1029F0005BDB8B18D8F82C20934256D803F071FF7C
:102A0000044600284BD1DFF8A890D8F82C30AB4210
:102A100017D104F030F9AA46044638692146FFF779
:102A200095FE4C4522D15644A5EB0A05012003F042
:102A30006DFF041E30DB14F00104F7D1002DE4D14A
:102A400018E0B5F5803F09D3B3B2D3B931460120C0
:102A500002F0A8F84FF4803A0446DEE7B5F5805F4F
:102A60000FD214493869134CFFF770FE2046FFF768
:102A700025FE0446012003F034FF002C08BF044665
:102A80000DE0C6F30B000028EBD1314602F08AF8C6
:102A90004FF4805A0446C0E7012003F022FF386952
:102AA00003F052FF2046BDE8F0876FF01504F9E708
:102AB0000000AD0B0400AD0B2DE9F04743685D6BE2
:102AC00090B007460AAA0021284603F0C5FF041E5D
:102AD0006FDB0A9B2A681979186800F033FB041E23
:102AE00067DB002201212920FFF764FAD7F8048070
:102AF0003A695A49404601F0B7FFFFF7DFFD041E6F
:102B000052DB574D0FCD0AAC0FC495E803000026E9
:102B10000DF1040984E803000196AB23C9E90166BD
:102B20008DF804304F4BD3F82425D2B20492D3F859
:102B30002825D2B20592D3F83025D2B20692D3F826
:102B40003425D2B20792D3F83825D2B20892D3F8FE
:102B50003C350AA8DBB20993FFF7CAFD012001F05A
:102B6000F9FF04AD01462846FFF7C2FD3E4B9942EE
:102B700023D13146484603F083FE041E14DB0820AF
:102B800005F0AAF94FF0030A9F2331460AA8CDE9C0
:102B90000A66CDF81090CDF814A08DF828300C9569
:102BA00003F06EFE041E0BDA01F0F2FF08B101F033
:102BB000DDFF204610B0BDE8F0876FF00404F3E7B6
:102BC0005246494608F1300003F02EFD0446002825
:102BD0003ED17A68537F023B012B37D9167F023EE4
:102BE000022E8CBF00260126022003F08FFE002853
:102BF00031DBC3B2C0F340008642D5D083F002037C
:102C000000260120ADF800608DF8013003F07EFE53
:102C1000041EC9DB022301210AA88DF800400A9690
:102C2000CDF810D005930C968DF828100B9503F075
:102C300027FE04460028B7D1012003F067FE041EDA
:102C400001DBE307F8D404EAE474ADE70126CBE73F
:102C50006FF01204A8E70446A6E700BF6B68000007
:102C600080820000009002400000AD0B024B0B6020
:102C700001231360704700BF801500200048704793
:102C8000F483000010B503F0ECFF034C206003F068
:102C9000E4FF6060002010BD801500204FF08042EE
:102CA000D2F81015D2F8103501F01E0123F01F03E1
:102CB0000B4343F00103C2F81035024B00221A7097
:102CC000704700BF3B2F00204FF08053D3F83031C6
:102CD000082B20D14FF08042D2F81015CB071AD51F
:102CE000D2F8103501F01E0123F01F030B43C2F888
:102CF0001035D2F808315BB1D2F8103523F01F033C
:102D00000B4343F00103C2F810356FF08B0070479E
:102D1000024B01221A700020704700BF3B2F002099
:102D20002DE9F0410D46164603F097FF3146074660
:102D3000284603F017FE28B3B5FBF7F307FB135340
:102D400003BBB6FBF7F407FB1464DCB9B74213D836
:102D500003F083FFDFF834800746FFF7B5FF044632
:102D600068B9284601F016FC98F800300BB1FFF75F
:102D700095FFF61B3D44F0D12046BDE8F0816FF091
:102D80008B04F9E76FF01504F6E700BF3B2F002036
:102D90002DE9F8430E463046194617461C4603F007
:102DA000E1FD30B344EA060515F0030521D11CB35B
:102DB000DFF848906319032BA6EB050807D8104AE3
:102DC000D2F80034DB07FBD50020BDE8F883FFF71D
:102DD0007BFF58B97B1B4046196801F0FBFB99F853
:102DE00000300BB1FFF75AFF043DE3E76FF08B00B3
:102DF000EBE76FF01500E8E72046E6E73B2F002001
:102E000000E00140F0B54068057B01F01F0444EA92
:102E10004514056987B0002D64D0B2F5001F00F19C
:102E2000100506D12146284603F00FFF002007B009
:102E3000F0BD01AE0027B2F5800F0197776039D160
:102E4000B3F1007F14BF052304238DF80430002361
:102E5000CDE904630393836823FA01F111F00101C2
:102E60001AD1B2F1A07F17D104F01F03620903F554
:102E7000E0732AD0012A3BD11F4A52F82330DB07E6
:102E80000AD40DF1030632462146284601F0DCF94A
:102E90001A4B98421CD0029603AA2146284601F0FC
:102EA00095F8174B984220D101222146284601F07F
:102EB0002FFABBE7B3F1C06F05D0B3F1007F14BFA9
:102EC00001230223C1E70323BFE74FF0A042D4E769
:102ED0003146284601F016FA094B9842DBD06FF0D4
:102EE0000B00A4E76FF08500A1E76FF015009EE7E7
:102EF00051F82330FFDE00BF000300500400AD0B8B
:102F00000000AD0B38B545682B69B3B110352846C4
:102F100001F0E8F9044680B90146284601F0AEF90F
:102F2000084B98420BD108492246284601F086F901
:102F3000224605210620FFF73DF8002038BD6FF03E
:102F40000400FBE70000AD0B4D2F0000420970B5F7
:102F5000034602D0012A17D070BD0D4E3269516868
:102F60000029F9D003F01F0301250C689D400029BA
:102F7000F2D08A682A4002D04B68304698472CB17C
:102F8000236821461C46F2E7024EE7E72346F8E7AE
:102F900024800000108000002DE9F043466840F2D4
:102FA0000635D006337B87B002EA050554BFC2F36D
:102FB0004010032001F01F07B5F5837F144647EA50
:102FC00043178DF8030045D00FD8062D18D007D829
:102FD000B5B1022D40D06FF0150007B0BDE8F08309
:102FE000B5F5807FF7D101250AE040F20222954233
:102FF00034D0B5F5407F33D0B5F5007FEBD1022555
:103000000123220303FA01F12CD57368C3F80815D4
:10301000326982BB07F01F037F0929D0012F77D1C6
:103020003E4A02EB830284F48033D2F80017C3F3E4
:103030000043C4F3404444EA430421F4E16144EA18
:10304000800421F0070144EA05230B43C2F800374E
:103050000020C2E70725D3E70425D1E70525CFE700
:103060000325CDE7630344BF7368C3F80C15CFE7AE
:103070004FF0A042D5E710360DF102023946304636
:1030800001F0E2F814F4403F80460CD13946304656
:1030900003F0D9FD224B9845DAD19DF80210304655
:1030A00001F02AF9D4E701AB4FF0000903AA394631
:1030B0003046CDE90439CDE90199CDF80C9000F006
:1030C00085FF174B984286D114F4003315D09DF834
:1030D00003308DF80E3084F48034C4F300444B4642
:1030E00003AA394630468DF80C508DF80D4001F09A
:1030F00027F80B4B9842CDD06DE7CDE9043303AAF6
:103100000DF1030339463046039300F05FFFF0E70B
:1031100003F5E07352F82330FFDE00BF00030050D8
:103120000000AD0B036803F01F025B09026004D0CE
:10313000012B034818BF002070474FF0A040704794
:10314000000300502DE9F04FDFF89491DFF894A1CF
:1031500085B01546834600EB810140F2FF185945C2
:1031600003D1002005B0BDE8F08FDBF800305E042D
:10317000C3F3C322C3F3080400F1AC801B0E19F89B
:103180000270444508BF4FF0FF34222B00F2A580A7
:10319000DFE803F012191F22252B22A3A3A3A33BD0
:1031A00068A3A3A3A3A3A3A3A3A36B818487A3A3BF
:1031B000A38A9194979A9D00C5F80C45601C5ED136
:1031C0000BF1040BCBE7C5F81445621CF8D00026C0
:1031D0005FE0C5F80845F1E7C5F81045F5E7631C61
:1031E000C5F80845ECD0002604E0661CC5F80C457F
:1031F000E6D0012603A80394FFF794FF039B012266
:1032000002FA03F3C0F80C3508E0C5F80845002FB2
:10321000DBD1631CD4D0002632460627DBF8003011
:10322000019303F40040002818BF002203A8009275
:1032300018BF01260394FFF775FF039C019B009ABA
:1032400000EB8400C3F3412CD0F800473B0243EA73
:103250008C03134304EA0A04234343EA4603C0F8F9
:103260000037ADE7C5F80C45D1E7C5F86045601CEF
:10327000DBF80030A4D0C3F30043002BB9D003A87F
:103280000394FFF74FFF039B012606FA03F3C0F8F0
:1032900008353246C2E7C5F86445E8E7C5F8684531
:1032A000E5E7C5F86C45E2E7C5F82445621C87D020
:1032B00000220126B2E7C5F828457FE7C5F830456A
:1032C000F4E7C5F83445F1E7C5F83845EEE7C5F849
:1032D0003C4573E76FF0150044E76FF0850041E768
:1032E0008A8C0000F0F8FCFF2DE9F04104464768A5
:1032F0000D4604F038FE4FF0200868B9244B1B78C7
:1033000053B16426606803F0D4FBD0B9012003F008
:103310000EFC013EF6D1F4E7EFF31186314688F357
:103320001288BFF36F8F606803F0C3FBA8B986F300
:103330001188BFF36F8FEFE786F31188BFF36F8FAC
:10334000DFE7EFF31186314688F31288BFF36F8F02
:10335000606803F0AEFB0028EED0BB691D706368A7
:10336000BA691B680020C3F844250122C3F8482528
:10337000C3F82001D3F82041C3F85801D3F858010D
:103380009A6081F31188BFF36F8FBDE8F08100BFB1
:103390003E2F0020F7B50546002201210220FEF74E
:1033A00009FE0220FEF7D6FD6A6811681369C1F8AC
:1033B0002435137D507D927D03431343C1F86C3552
:1033C0006E68D6E9004313F0010348D02F6907F176
:1033D000080003F0B8FB304B98425AD1387A04F118
:1033E0000C0204F5907103F0A4FB387A012707FA68
:1033F00000F000F0C1FB0823C4F80035B369C4F83D
:1034000044350023C4F84835A760D4F85831002B60
:10341000FBD00021C4F800156B68DC6801AA2046C7
:1034200003F01AFB002805DB019B22681979186854
:10343000FFF788FE6A6813680821C3F80015117A3F
:1034400051B9D269C3F834250122C3F83825C3F82D
:103450001011D3F810111A60002003B0F0BD08223B
:10346000C4F80025B269C4F84425C4F848350123DE
:10347000A360D4F82031002BFBD00023C4F8203106
:10348000D4F820310123E3604FF48073C4F804338F
:10349000BBE76FF00400E0E70000AD0B70B501235F
:1034A00083400E4ABFF35B8FDC4352E8001F01EA02
:1034B000040542E80056002EF7D1BFF35B8F4FF4AE
:1034C000803282400648C0F80823BFF35F8FBFF305
:1034D0006F8F0B4214BF0120002070BDB01500207B
:1034E0000010014070B40E49D1E90034D01AC3185D
:1034F00044F1000422F07F46C1E90034A6F5001330
:10350000B3F5400F09D2074B1B681A0A1B069C191A
:10351000054B42F10005C3E9004570BC02F0D8BB81
:10352000D0000020B4150020D800002011B3BFF354
:103530005B8F0123104A834052E800CF4CEA030C12
:1035400042E800C10029F7D1BFF35B8F0B4A4FF46B
:1035500080338340C2F80433094BBFF35B8F1B6891
:10356000BFF35B8FC340DB0742BF064B4FF4003213
:10357000C3F80021704700BFB015002000100140C3
:10358000AC15002000E100E00D4B1868010A0006B0
:10359000BFF35F8F0B4BD3F80435181841F10001CE
:1035A000B3F5801F0AD2084BD3E90023904271EB98
:1035B000030303D210F1807041F10001704700BF96
:1035C000B415002000100140D80000202DE9F04F74
:1035D00085B016461F469DF840A00446FFF75EFFE3
:1035E0000190FFF7D1FFB04271EB070354D23E4B7D
:1035F000301A67EB0101984271F100014FD23B4B49
:1036000003EB0413D3E902239F4208BF96425ED026
:1036100037494FF4803804F1500508FA04F8AD003A
:10362000C1F848832046ADB203F074FA26F07F4B10
:1036300005F1804504F5A87305F58835DC464FF0A3
:1036400003090293029A2CF07F4341F82230C1F81B
:103650004483D1F80435274A6FF00200C01A604451
:1036600020F07F40904232D9286868B1D1F8043503
:103670000393A3EB0B0020F07F40B0F5000F26D999
:10368000204603F047FA039BBAF1000F07D109EB7C
:10369000030C09F10109D5E7BAF1000F09D06FF069
:1036A000150520460199FFF741FF284605B0BDE802
:1036B000F08F0123104ABFF35B8FA34052E8000F45
:1036C000184342E800010029F8D1BFF35B8F074996
:1036D0000E98230101EB0412C8500F9B5360C2E9FE
:1036E00002670025DDE700BF01008000C000002068
:1036F00000100140FDFF7F00AC1500207FB51C4C81
:103700001C4BC4F80833C4F848331B4B00254FF05A
:10371000FF304FF0FF31C4F80855C3E902014FF400
:103720008033C4F80433154B02264FF400320121D4
:10373000C4F804631120C3F880212A46FEF73AFC3E
:103740001120FEF707FC0E4A0123A36023601360DB
:103750000C4B0D4A0093CDE9015500232846FFF795
:1037600035FF3046FEF708FF284604B070BD00BFA5
:103770000010014003000F00C000002000E100E045
:10378000B0150020E5340000FFFF7F002DE9F7436E
:103790002F4CD4F8043399070BD5D4F8043143B136
:1037A0002C4A0023C4F80431D4F8043113680133DF
:1037B0001360D4F80433DA0329D5BFF35B8F264BAB
:1037C00053E8002F22F0010143E800100028F7D150
:1037D000BFF35B8FD30702D4D4F84031BBB10025CF
:1037E000C4F84051D4F84031FFF7CEFEEFF3118218
:1037F000202383F31288BFF36F8F184BD3E902673E
:10380000B042B94106D282F31188BFF36F8F03B083
:10381000BDE8F0834FF0FF384FF0FF39C3E902896C
:10382000D3E900101D604FF48033C4F84833C4F866
:103830004051D4F8403182F31188BFF36F8F0029D3
:10384000E5D0009032463B4628468847DFE700BF78
:1038500000100140B4150020AC150020C00000206D
:1038600030B5431C124C85B005D08442A8BF044635
:10387000012CB8BF0124FFF787FE0E4B0C4DD3E996
:103880000013401AB0F5000F10D22218AA4228BF28
:103890002A4652184FF0000007490091CDE9010077
:1038A00043F10003FFF792FE05B030BD2A46F0E772
:1038B000FFFF7F00D0000020E534000008B5FFF7CF
:1038C00063FE024B1B68C01A08BD00BFD000002079
:1038D00010B5084C012363601120FEF749FB064B2D
:1038E000C4F80833C4F84833044B4FF40032C3F82B
:1038F000802110BD0010014003000F0000E100E036
:103900004FF08053D3F83021082A06D1D3F8343150
:10391000052B02D8024AD05C70470020704700BFD8
:10392000A68C0000024AD2F80034002BFBD070476E
:1039300000E0014010B54FF08053D3F83021082A41
:103940004ED14FF080420021C2F80C11C2F8101184
:10395000C2F8381502F54042D3F80414C2F8201515
:10396000D3F80814C2F82415D3F80C14C2F828159B
:10397000D3F81014C2F82C15D3F81414C2F830156B
:10398000D3F81814C2F83415D3F81C14C2F8401533
:10399000D3F82014C2F84415D3F82414C2F84815FB
:1039A000D3F82814C2F84C15D3F82C14C2F85015CB
:1039B000D3F83014C2F85415D3F83414C2F8601593
:1039C000D3F83814C2F86415D3F83C14C2F868155B
:1039D000D3F84014C2F86C15D3F84434C2F87035EB
:1039E000FFF78EFF18B13A4B3A4AC3F88C26FFF71F
:1039F00087FF18B1384BFB22C3F81825FFF780FF6B
:103A000070B14FF080414FF08053D1F8E42ED3F8DD
:103A1000583222F00F0203F00F031343C1F8E43EC3
:103A2000FFF76EFF20B12D4B4FF40072C3F8402614
:103A30004FF08053D3F83031082B1AD14FF0804328
:103A4000D3F80024D20744BF6FF00102C3F800246A
:103A50004FF08053D3F83431052B02D8204AD35C81
:103A60003BB14FF01023D3F808224FF08043C3F846
:103A700058254FF01023D3F80022002A03DBD3F897
:103A80000432002B22DA174901234FF01020C1F82D
:103A900004351224FFF746FFC0F80042FFF742FF4B
:103AA000C0F80442FFF73EFF0023C1F80435FFF7DA
:103AB00039FFBFF34F8F0C490C4BCA6802F4E06228
:103AC0001343CB60BFF34F8F00BFFDE710BD00BFB6
:103AD000005000404881030000F000400090024088
:103AE000A08C000000E0014000ED00E00400FA05B9
:103AF00030B50468CCB1BFF35B8FB4FA84F3C3F183
:103B00001F03DBB201229A4024EA020250E8005F60
:103B1000A54204D140E8002CBCF1000FF6D1BFF360
:103B20005B8FE6D102480B7030BD0248FCE700BF56
:103B30000000AD0B0200AD0B10B50368CB40DB07F6
:103B400014D401238B400268BFF35B8F43EA020168
:103B500050E8004F944204D140E8001CBCF1000F33
:103B6000F6D1BFF35B8FEED1014810BD0148FCE7F1
:103B70000000AD0B0400AD0B014BC3F8040570470A
:103B800000F00140F7B50546F8B101281BD1042229
:103B90004FF4807301464FF0804003440244C0F864
:103BA00008130026012111601E608D421B688DF8EC
:103BB000071008BF0DF1070642F210744FF080475E
:103BC00045B1012D28D003B0F0BD0C224FF4827313
:103BD0000221E0E7D7F8183403F480333EB9002B14
:103BE000F1D0012002F0A3FF013CF3D1EBE7D7F8BD
:103BF000182402F003023260002BE4D09DF8070085
:103C0000012803D102F093FF013CD9D1012DDAD173
:103C10000C4B00225A71D6E7D7F80C3403F48033EA
:103C20003EB9002BF4D0012002F081FF013CF3D11A
:103C3000EEE7D7F80C2402F001023270002BDDD140
:103C4000E6E700BFB8150020044B1A7922B901221B
:103C500018609A800248704702487047B8150020E3
:103C60000000AD0B0C00AD0B08B5074B1B682BB16A
:103C70000020FEF791F908B9FEF76CF94FF0804388
:103C80000022C3F8182508BDB815002010B510B1E2
:103C9000012843D010BD4FF08043D3F81814D3F857
:103CA0001824C80321D502F00303012B04D013B15B
:103CB0000020FFF767FF00234FF080420220C2F888
:103CC000183508224FF4827303F1804300211960F4
:103CD00002F180421C6801241460154A12680AB37C
:103CE0004FF08043C3F80403D4E7D3F81424D1077A
:103CF000E1D5D3F81C249207DAD40D4A12681AB120
:103D00000222C3F80423C5E7D3F80421002AFBD01C
:103D10000022C3F80421D3F80431BBE700224FF49A
:103D20008073D1E71A68002AFCD019601B68B1E7DC
:103D3000B815002010B54FF08043D3F800216AB1C8
:103D40000022C3F80021D3F800210122C3F8082380
:103D5000114B587910B95A711B6898474FF080433E
:103D6000D3F8042172B10022C3F80421D3F804214E
:103D7000D3F81824D3F81824920704D10122C3F8E9
:103D800018259A6010BD0222C3F80823024BBDE833
:103D900010401B6801201847B8150020036803F085
:103DA0001F025B09026004D0012B034818BF0020EA
:103DB00070474FF0A040704700030050034A43098A
:103DC00000F01F00D35C1844C0B27047AC8C0000F8
:103DD00070B50546FFF7F2FF0C4C08300E4634F87C
:103DE0001030DA0508D5C3F3432304EBC302284699
:103DF00054F8333052689847A3682BB1E2683146D3
:103E00002846BDE87040184770BD00BF1400002070
:103E100008B5FFF7D3FF034B083033F81000400B11
:103E200008BD00BF1400002008B5FFF7C7FF034B13
:103E3000083033F81000C0F3400008BD1400002023
:103E400008B5FFF7BBFF034B083033F81000C0F391
:103E5000401008BD14000020034611F0010010B509
:103E6000CCB20DD1A207C4F3400012D5094AD2F852
:103E700020055860C2F82005003818BF012008E06E
:103E80004FF0A041D1F820251A60C1F82025002A62
:103E9000E8D010BD0003005010B5FFF78FFF124AA5
:103EA000083032F81030D9051CD5C3F3432123F470
:103EB000F85322F8103002F10E04002034F8023FCB
:103EC00013F4807F03D0C3F3432399420AD0013017
:103ED0003028F3D1002342F831300448BDE81040C7
:103EE000FFF72ABE10BD00BF140000208C00002088
:103EF000F0B5054600200446012607468C420BD14A
:103F0000114BD3F87C2132B10022C3F87C21D3F8C5
:103F10007C3140F00040F0BDE3B29B0003F58072BD
:103F20009B0806FA03F31D420BD002F1804202F512
:103F3000C042D2F800C0BCF1000F02D01760126876
:103F400018430134DAE700BF00600040F7B50646C9
:103F50000846FFF733FF194F00F108050C4637F804
:103F60001530DB0727D5304602F049FE2046FFF723
:103F700067FF40B12046FFF74BFF316800F5A270A4
:103F8000002341F820302046FFF786FF002301A8D8
:103F900027F815300194FFF701FF019B00EB830028
:103FA000074BD0F80027134043F00203C0F8003756
:103FB000044803B0F0BD0448FBE700BF1400002034
:103FC000F0F8FCFF0000AD0B0400AD0B2DE9FF4144
:103FD000164680460846FFF7F1FE0D463168044656
:103FE00009B32846FFF720FF18B12846FFF728FF3E
:103FF00010BB0023CDE900338DF80E308DF80F3063
:104000000DF10F020B4628460DF10E0102F09FFD47
:10401000474A04F1080132F8113023F0020343F05B
:10402000010322F81130736863B328461F7859687A
:10403000FFF7FAFE10B1D1B13E4826E03C4A04F148
:10404000080032F8103023F02003DB04DB0C22F8E8
:10405000103061B1032FEFD87168496891F800C042
:10406000D8F80010A7B90CF5A27C41F82C70304AA2
:1040700004F1080132F8113023F01C0343EA8703EE
:1040800022F81130B3684BBB2B4804B0BDE8F08177
:1040900001EB8C0143EA4C33D1F810E52EF0030E0E
:1040A000C1F810E5D8F8001001EB8C0E43F02003A6
:1040B000DEF8101522F8103021F44F3121F4407150
:1040C000CEF810152902DEF8108501F47C5141EA82
:1040D000074141EA0801CEF81015C8E7D3E90067A7
:1040E0002846FFF7D9FE002ECED0114DD5E900238A
:1040F000964203D19F4201D1002209E00F480DF101
:104100000F01FFF7F5FC0C4B9842BED19DF80F2034
:1041100045F8326005EBC20308345F6035F81430AF
:1041200043EA422343F4807325F81430ACE700BF20
:10413000140000200400AD0B0000AD0B8C0000202B
:104140002DE9F0430C4685B08046204611461E46B8
:10415000FFF734FE054629B32046FFF765FE18B980
:104160002046FFF76DFE18BB314F05F1080937F8FF
:10417000193013F01C0F02D04B78012B18D00123FB
:104180008DF80F300023CDE900134A1C8B1C20460C
:104190000DF10F0102F0DBFC37F8193043F0030397
:1041A00027F81930002E41D02046FFF73DFE18B900
:1041B000204805B0BDE8F08396F800C0D8F800307C
:1041C0001B4F0CF5A272002143F8221005F10802E2
:1041D00037F8121021F02001C904C90C27F8121079
:1041E00075781DB3D8F80000B67800EB8C002D046C
:1041F000D0F8103523F4991323F4F853C0F8103590
:10420000230203F47C5305F440353605D0F810E55D
:104210002B4306F4801641EA4C31334341F0200130
:1042200043EA0E0327F81210C0F810350248C0E721
:10423000140000200400AD0B0000AD0B014BC3E9DE
:10424000021270471400002010B508461446FFF70C
:10425000F7FD50B10846FFF7B1FD054B083033F8C4
:10426000103004485B0B237010BD0348FCE700BF0F
:10427000140000200000AD0B0400AD0B70B5164D0E
:1042800095F8804006462CBB2146602205F11000BF
:1042900002F0FCF930682E6F21468E420ED10023C9
:1042A000C0F87C31D0F87C3140F30730FDF752FE86
:1042B00001230A4885F88030AB6770BDCBB29B0004
:1042C00003F580727C2B08BF845001F1010108BF07
:1042D0008358E2E70248F0E7140000200000AD0B2D
:1042E0000C00AD0B034B93F88000003818BF012081
:1042F000704700BF140000200148FFF71DBC00BF3D
:10430000880000200148FFF7F3BB00BF88000020B1
:1043100073B503681646D3F80423002AA8BF4FF0EC
:1043200000420546A8BFC3F8042308460C46FFF721
:1043300087FD00B30846FFF777FD0146D8B9204650
:10434000FFF766FD04B2A40004F5807203462868F6
:104350008150296882582144D1F8102542F0010289
:10436000C1F810252EB12968012202FA03F3C1F821
:10437000043302B070BD2046FFF720FD0F4B08301C
:1043800033F81030C3F38203042B12D0052B12D064
:1043900001A80194FFF702FD019AD0F81035D3402F
:1043A00003F00103991C204602B0BDE8704002F002
:1043B00017BC0321F7E70221F5E700BF1400002036
:1043C0002DE9F04F694BDFF8A881D3F80403D8F842
:1043D0007010C0B289B040F00040FFF789FD051EA3
:1043E0002FDAC24600235AF87C1F06A8CDE906330F
:1043F000FFF732FD5F4B01930DF118094FF0000BF1
:10440000019A12F8013B0192DA0803F007031AF847
:10441000022022FA03F3DA071CD409F10409BBF1E4
:10442000000F14D0D8F870104FF00040FFF760FD77
:10443000D8F87C1006A8FFF70FFD0028DAD125F088
:1044400000450124002D79D109B0BDE8F08F4FF06F
:10445000010BD5E7484B5B440293D9F800100029C3
:10446000DBD0029B91FAA1F11C78B1FA81F141EA0B
:1044700044142046FFF7A2FC0830059438F8107069
:10448000C808BB0819F80020039301F007010123B5
:1044900003FA01F122EA010209F8002005A8FFF75A
:1044A0007DFC059A039B02F5E072C7F3820650F883
:1044B00022205B073746C2F3014224D52046394605
:1044C000D6B2FFF785FC05A80594FFF767FC059BAE
:1044D00003F5E07350F82330C3F301439E4207D144
:1044E0000021204602F07CFB3146204602F078FB9A
:1044F00005A80594FFF752FC059B012202FA03F37D
:10450000C0F82035A9E7022A0CD10321204602F089
:1045100067FB06F00503012BEAD139462046FFF779
:1045200057FCE5E702212046039202F059FB032ED7
:10453000F3D0039A032ADBD1022EEDE795FAA5F317
:10454000B3FA83F304FA03F29B0003F1804303F50B
:10455000C04325EA0205D3F81005D3F81015C0F3BF
:104560000520C1F30141FFF733FC6BE70060004019
:1045700014000020BC8C0000BC8C0000044AD2F85F
:104580000034DB07FBD50160BFF35F8F704700BFCE
:1045900000E001404FF080531A69B0FBF2F302FBD8
:1045A000130373B9084B0222C3F80425C3F80805A6
:1045B000D3F80024D207FBD500220448C3F8042511
:1045C00070470348704700BF00E001400000AD0B9A
:1045D0000A00AD0B10B5054C0123C4F80435FFF7F4
:1045E000CDFF0023C4F8043510BD00BF00E001403A
:1045F00001460148FFF77CBA9800002070B5104DC5
:104600006C6B9CB14FF47A735C430A23B4FBF3F4F4
:104610000C4ED6F8003163B995F839304BB90A2001
:1046200002F085FA013CF4D1074870BD4CF25034D9
:10463000EEE795F83930002BF6D10448F5E700BFD6
:10464000C0150020009002400700AD0B0000AD0B2C
:10465000094B10B500220124C3F80045C3F800211E
:104660001C6038B1FFF7CAFF044B984203D1044BDA
:1046700083F83840014810BD009002400000AD0BA7
:10468000C015002070B500F06044B4F1005F5DD14A
:1046900084075BD12F4C94F83050012D05D09D42FA
:1046A00056D194F83850002D52D02B4D022B0BBF11
:1046B000C5F81025C5F80425C5F81405C5F8080582
:1046C0000CBFC5F81815C5F80C154FF0000684F896
:1046D000396026680CBF08250425BEB994F8383027
:1046E0006BB11D4B05F1804505F524350022C3F85B
:1046F000002101232B60BDE87040FFF77FBF012040
:10470000FFF7A6FF154B9842EBD170BDA66826B106
:10471000E0606161E2611248F7E7A2610E4A84F845
:1047200030300123A0602161C2F80061C2F8043377
:1047300094F8382002F0FF0012B9FFF789FFEAE78A
:1047400005F1804505F524352B60E4E70548DCE7F5
:104750000548DAE7C0150020009002400700AD0BC5
:104760000000AD0B0A00AD0B0B00AD0B084B9A68B7
:104770005A621A699A629A69DA62DA689A6032B1A0
:104780005A691A61DA699A610022DA6070477047E3
:10479000C015002000F01F0340090FD0012810D1E0
:1047A0000B4A02EB83020B4BD2F80007034043EAAB
:1047B000012343F00203C2F8003770474FF0A042D4
:1047C000EFE7002203F5E07352F82330FFDE00BF6D
:1047D00000030050F0F8FCFF10B50E4B0238D3F880
:1047E0003C26D3F83836072813D8DFE800F0110F3D
:1047F0000D0B0A080604100EC871100C8871100AFF
:1048000048710A711A0ECA701A0C8A701A0A4A7014
:104810000B7010BD00900240023807281FD8DFE857
:1048200000F02927251123211F04CB791B068A7943
:1048300043EA02434A7943EA02230A7913430E4AC0
:10484000C2F83C36CB781B068A7843EA02434A78A2
:1048500043EA02230A781343074AC2F838367047FE
:104860000023E4E70023E5E70023E6E70023EBE786
:104870000023ECE70023EDE7009002400268154BAF
:10488000FF2A08BF4FF0FF32C3F824254268FF2AF1
:1048900008BF4FF0FF32C3F828258268FF2A08BFFF
:1048A0004FF0FF32C3F83025C268FF2A08BF4FF02F
:1048B000FF32C3F834250269FF2A08BF4FF0FF32E8
:1048C000C3F838254269FF2A08BF4FF0FF32C3F80A
:1048D0003C257047009002400A4B002283F83820A4
:1048E000094B01214FF08050C3F808131961D0F82B
:1048F0003001082808BF5965C3F80025C3F8002116
:10490000704700BFC01500200090024030B5194D1F
:104910000FCD8DB006AC0FC495E8030084E803000A
:104920001549D1F82435DBB20093D1F82835DBB234
:104930000193D1F83035DBB20293D1F83435DBB2D4
:104940000393D1F83835DBB20493D1F83C3506A88F
:10495000DBB20593FFF792FF0023C1F8003101237A
:104960000B60D1F80031002BFBD06846FFF786FFC3
:104970000DB030BD988200000090024070B590F8F4
:104980002930044613B190F82A204ABB6068FF28FA
:1049900060D0A268FF2A5DD0E268FF2A5AD022695F
:1049A000FF2A57D0B3B90321FFF7F4FEA068FFF741
:1049B000F1FEE068FFF7EEFE2069FFF7EBFE6069AD
:1049C000FF2801D0FFF7E6FEA069FF2802D00321EF
:1049D000FFF7E0FE94F82A3013B9201DFFF74EFFD1
:1049E0001D4E636A73631D4D94F8293086F83A3082
:1049F0000123C5F80833FFF789FF2368C5F8403560
:104A0000A37F617F227F9B0143EAC1031343E27FBF
:104A100043EAC213C5F84435D5F8002694F820308F
:104A200022F07F4222F0FF02134394F8212043EA50
:104A3000026394F8222043EA426394F8232043EA75
:104A40000273C5F80036336813B12920FDF782FAE6
:104A5000034870BD0348FCE7C015002000900240E9
:104A60000000AD0B0400AD0B38B50C4C94F8305081
:104A700095B9C4E9001248B90023C4E90233012200
:104A8000074884F8302084F8383038BDFFF776FFC7
:104A9000034B9842F9D1EFE70248F6E7C015002032
:104AA0000000AD0B0C00AD0B2DE9F843DFF8909042
:104AB000074699F830000128884614463DD199F8F8
:104AC0003830204E6BB3204D0123C5F80833FFF773
:104AD0001DFFB8F1000F2BD14FF0000889F8398085
:104AE000C5F80081BB787A781B0343EA02233A7841
:104AF0001343FA7843EA42333A7943EA82337A79C4
:104B000043EAC233C5F83436FFF778FDB0420CD023
:104B1000C5F800811CB178782146FFF75DFE0B488F
:104B200004E0FFF795FDB042CDD10648BDE8F8831B
:104B300078784146FFF770FECEE70548F6E700BFFC
:104B4000C01500200700AD0B009002400000AD0B27
:104B50000B00AD0B034B93F838300BB9FFF778BD62
:104B600001487047C01500200C00AD0B08B5054B7F
:104B700093F83030012B03D1FFF7AEFE024808BD99
:104B80000248FCE7C01500200000AD0B0B00AD0B88
:104B9000034B93F83000003818BF0120704700BF66
:104BA000C015002038B511F0030539D11E4B1A6825
:104BB000D2B193F83040012C34D11C4AC2F81C15F4
:104BC0000421C2F8200583F8395083F83010C2F868
:104BD0000051C2F8044393F8383003F0FF00EBB9FA
:104BE000FFF736FD124818E0104CC4F81C15C4F845
:104BF000200583F8392093F8383043B10023C4F8F6
:104C000000310123E360BDE83840FFF7F7BC012025
:104C1000FFF71EFD074B9842F0D138BDD460E1E7A5
:104C20000548FAE70548F8E7C01500200090024063
:104C30000000AD0B0700AD0B0A00AD0B0B00AD0B78
:104C400010B5224BD3F8002192B1214C0022C3F8B9
:104C5000002194F8381094F8302071B90121032A0A
:104C600084F8381005D0042A05D0022A00D19960B2
:104C700010BD5960FCE7D960FAE7032A19D0042A6D
:104C800019D0022A04D1012384F82030FFF76EFDE9
:104C9000A36813B9012384F8303094F8393003F055
:104CA000FF0013B9D4E900319847002384F820307D
:104CB000DEE70223E8E7032284F82020D3F81C254E
:104CC0006262D3F8203584F82830E1E70090024092
:104CD000C0150020044B1B68584043085B4240420B
:104CE0001843C017704700BFFC1500208842F0B57C
:104CF00004D0094F04380025AA4200D1F0BD3E6817
:104D000050F8044F5E4024EA060451F825601E4026
:104D1000344304600135EFE7FC1500202DE9F04F26
:104D20008DB01D46189B179F1A9E0592B3F12A3F1E
:104D300083468A4640F08D803946169801F0FAFF86
:104D4000012838BF0120470900F01F047B01502BC8
:104D50004FF0010934BF4B4603230A9309FA03F3CA
:104D60000B930A9B059805FA03F306EB830306935E
:104D700003EB8503079302F0B5F94FEA8508089025
:104D800042460021304601F081FC079BC6F80090A6
:104D90000393089B199ACDE90153059B0093314673
:104DA0002B46304606EB080902F0ADF95146424663
:104DB000484601F060FC0223494609930B9B099A7F
:104DC000934248D142463146584601F054FC4FF0D8
:104DD0000009CA46079B0393089BCDE90153059B35
:104DE00000935A462B465946584602F08CF9002C3F
:104DF00047D1013F1F24169B53F82730E34003F0AF
:104E0000010343EA49090A9B0AF1010A534503D009
:104E1000002CDFD1002FDDD1189BB3F12A3F32D116
:104E20000698424609FB086101F025FC079B0393A5
:104E3000089B069ACDE90153059B009359462B46E2
:104E4000584602F060F9002CC1D1BFB90DB0BDE8E1
:104E5000F08F00247AE7079B0393089B01EB080A75
:104E6000CDE90153059B00934A462B46504602F07C
:104E70004AF9099B0133099351469FE7A146A2468F
:104E8000A8E7013CB7E731464FF0000A0A4B186823
:104E90001B68584080EA090080EA0A00FFF71AFF01
:104EA0002A46C3430698FFF721FF099B0AF1010A2E
:104EB00053454144EAD1B9E7FC150020054B1B6876
:104EC000013143400132084022EA03020243501EEE
:104ED00000B27047FC1500202DE9F04F99B08346D1
:104EE0000F46184600211646039302F07DFB00286A
:104EF00000F08981784B14930024012515AB0399A8
:104F000013933046CDE90B45CDE90D45CDE90F456D
:104F1000CDE9114502F0F1FAA04228DABBF1000F09
:104F200005D1E7B90024204619B0BDE8F08F21462D
:104F3000584602F06AFA04460028F2D00BA802F0A4
:104F4000B1F90DA802F0AEF90FA802F0ABF911A863
:104F500002F0A8F90C2115A800F032FBE3E7314676
:104F6000384602F01DFA04460028E7D1DAE7314658
:104F70000BA802F015FA04460028DFD103990DA80A
:104F800002F00EFA04460028D8D1F188ADF8385066
:104F900002310FA8ADF8305002F092F90446002813
:104FA000CCD101460FA802F030FA04460028C5D142
:104FB000F18811A8023102F083F904460028BDD11E
:104FC0000DA802F04EFA00F01F001F2873D0C0F1A8
:104FD0001F0319460BA8019302F069FA0446002842
:104FE000ACD101990DA802F062FA04460028A5D1BF
:104FF000BDF83250BDF83A80A5EB080A4FEA4A19CD
:1050000049460DA802F053FA0446002896D14FEA0B
:105010008A0A0DA90BA802F09FFA00284DDA49462A
:105020000DA802F061FA0446002887D108F1FF3389
:1050300005939B0005F1FF3A069305F1804508F1C1
:105040008043023B013D9B00A5EB08050893AB00A4
:105050000293059B9A4541D8BBF1000F0DD00FA9D3
:10506000584602F09DF9002840F0C980039AB388A1
:10507000928813FB02F3ABF80430002F3FF45EAFCD
:1050800001990BA802F030FA002840F0B880B388EC
:10509000ADF830300BA9384602F082F901460028FD
:1050A00040F0AF80384602F09FFA00287FF446AF08
:1050B0000123BB8042E701949AE70F9A52F80A3025
:1050C0000BA9013342F80A3008460DAA02F072FB20
:1050D000044600289DD031E7010003000D9B069A8D
:1050E00004931344DDF82C900793049B59F82A107D
:1050F0009A580F9D4FEA8A08A8F104030993029B6E
:1051000091421D4476D2A8F10400002359F8000012
:10511000FAF7F6FF002914BF4FF0FF330346BAF148
:10512000010F2B6016BF09EB0803002353F8083C5E
:105130001593A8F1040359F80330169359F8083071
:1051400017932B68DDF8108001332B60089B98447F
:105150002B68013B2B60002111A802F056F90028B2
:105160004DD1059B002B48D0D8F80020119B1A6028
:10517000079A12685A6011A92A68084602F01EFBB5
:1051800000283CD113A911A802F0E6F90028DFDCC1
:105190002A680DA911A802F011FB80BB029B4FEAFF
:1051A000C308414611A802F082F940BB0BA908468A
:1051B00011AA02F0FFFA014618BB0BA802F014FA7C
:1051C000002812DA0DA911A802F0EAF8B8B9414690
:1051D00011A802F06CF990B90BA911AA084602F0C7
:1051E000E6FA60B92B68013B2B60029B0AF1FF3A9B
:1051F000043B2DE74FF0FF3391E7059AB6E70446ED
:105200009CE60C469AE66FF00B048CE62DE9F74F0E
:1052100090461F4A1568454006460F46ED43002B51
:1052200014BF9A468A4600240C9B04F104094B459E
:1052300005D20C9B9C4220D303B0BDE8F08F042222
:1052400008EB04010DEB020001F015FA019A06EAE1
:10525000020B04220AEB04010DEB020001F00BFA31
:10526000019A2A4042EA0B020192042238190DEBFE
:10527000020101F000FA4C46D6E718F804301AF89B
:10528000042033402A4013433B550134D1E700BF8B
:10529000FC1500200928024818BF0020704700BFF5
:1052A000BE8C000001680E4A9142034615D1C169C7
:1052B000A2F11022A2F1EF1291420ED18268012ACE
:1052C0000BD8C26812B101698A4206D0586928B168
:1052D0009B691B1A5842584170470120704700BF14
:1052E00055AA00FF70B50D4B9E68A6B13046FFF77A
:1052F000D9FF044678B9F3686BB935690DB9204612
:1053000070BD2846FFF7CEFF28B9EB68B34202D143
:105310002E462D69F2E70124F1E700BF00160020B8
:105320002DE9F8433F4F3C68D4B1BC68C4B10028B4
:105330004AD0002948D001FB00F5B5FBF0F08842C7
:1053400042D1281D40D8A9070DD025F00306043608
:10535000FC6803E06368B34238D2A469002CF9D139
:105360002046BDE8F8832E46F2E7FB6041E006F1F7
:1053700020016318203A5A600022C3E902242A4817
:1053800022691A6160502949D96102B1D36062690A
:105390005A61A1699961AAB193619A6902B1536195
:1053A0004FF00109C4E9016923610023C4E9053311
:1053B0003B69DB072ED5FFF795FF58B31C4B4846DA
:1053C0001B6826E0FB60E8E70024C9E7A3681BB17F
:1053D000174B01201B6898476268921B232A04F12F
:1053E0002008C4D80123A360D4E90523002ABCD037
:1053F0009361A3690BB162695A610023C4E9053363
:105400003B69DA0706D5FFF76DFF18B1084B1B683B
:10541000012098472A4600214046444601F036F9CB
:105420009EE700BF0016002055AA00FF669911EE06
:10543000A000002070B50546002800F08880444E8A
:105440003368002B00F08380B268002A7FD083424B
:1054500003D872681344984203D33E4B01201B6863
:105460009847A5F120042046FFF71CFF18B1394BDF
:1054700001201B68984755F8183C012B03D0354B89
:1054800001201B689847002345F8183C55F8143C48
:105490003BB39A682ABB55F81C2C02F120015A68CC
:1054A0000A445A6055E905321A6155F8145C2B69B3
:1054B00003B1DD6020220021204601F0E7F82869D1
:1054C00010B18368002B2ED033699B073FD5FFF7BF
:1054D00009FF00283BD01F4BBDE870401B6801202E
:1054E000184755F8100C00282AD0836843BB42683F
:1054F000636813442033636003692361D4E905239F
:105500009AB9CBB9436963618269A261B3B19C6105
:10551000A36903B15C61236903B1DC60202200212F
:1055200001F0B4F8D0E72C46E1E79361A369002BC2
:10553000E8D062695A61E5E7F360F7E7F460E7E70E
:10554000F36845F8083C03B15C61F460BCE770BDEA
:1055500000160020A000002038B514220C46054695
:105560000021134801F092F81249134800F040F866
:10557000232C1CD915F003031FBF043CE418C3F10E
:105580000403ED1822460021284601F07FF8084B5D
:105590000A499D60C3E90054203C6C609A68116020
:1055A0009A68DA60A1F11021A1F1EF11D16138BD43
:1055B00000160020355400002153000055AA00FFBA
:1055C00010B50A46044619B1024B00211B689847E2
:1055D00010BD00BF9C000020014B1B68184700BF96
:1055E000A8000020014B1B68184700BFA400002042
:1055F000024B1860024B002019607047A800002081
:10560000A4000020F8B500F10806476804463046BB
:105610000D4601F02AFF87424BD16368B3F5806FD6
:1056200047D80021304601F0DFFF002841DD00218E
:10563000304601F006FFE0B345B9294604F11000F9
:1056400001F0D2FF002834DD0020F8BD04F1200570
:105650000021284601F0C8FF00282ADD0021284645
:1056600001F0EFFE28B304F128050021284601F0DF
:10567000BBFF00281DDD0021284601F0E2FEC0B17D
:10568000002104F1100001F0AFFF002811DD00211E
:1056900004F1300001F0A8FF00280ADD002104F128
:1056A000380001F0A1FF002803DD002104F14000D3
:1056B000C6E70148C9E700BF80BFFFFF012970B5F9
:1056C00005460E46144601D9074870BD03D0C5E90A
:1056D0001C640020F9E7002AF9D01046FFF7DAFD34
:1056E0000028F4D1F0E700BF00BFFFFF70B5002134
:1056F0000446FFF787FF054610B10E4D284670BDE2
:1057000004F10806304601F0ACFE7F28F5D91034CC
:105710002946204601F095FE0028EED0204601F0F3
:10572000A0FE0128E9D93146204601F015FF0028E6
:10573000E4DBE2E700BEFFFFF0B50C4685B00021D8
:1057400005461646FFF75EFF002839D102A801F092
:10575000A4FD21466A6802A801F08DFE044618B136
:1057600002A801F09FFD0CE005F10804214602A803
:1057700001F0F2FE002807DB02A801F093FD6FF0B4
:105780000304A4F5854418E005F1480302A96F68F5
:10579000009305F110022346084602F05FF9044623
:1057A0000028DDD13A46314602A801F07AFE0446CF
:1057B00002A801F077FD002CE3D1204605B0F0BD32
:1057C000004CFAE780BFFFFF03460846C1B9C3E9B2
:1057D00010110D4A0D49DFF838C0C3E912120D4A05
:1057E0000D49C3E914C20D4AC3E916120C4A1A66E0
:1057F00002F17452A2F52302A2F692425A66704751
:105800006FF07300704700BF85AE67BB67E6096A3B
:1058100072F36E3C3AF54FA57F520E518C68059B92
:10582000ABD9831F2DE9F04FCFB000F1640300F135
:1058300044070DF58A79009301914A463B4653F897
:10584000041F42F8041F00999942F8D104ADDFF813
:1058500000A14FF000082C46B8F10F0F61D8019B52
:10586000042203EB880103A800F005FF039802F06F
:1058700094F9A860D4E94763D4F818C15AF8041B16
:1058800073404FEAFC22D4F8206182EABC1203EA9A
:105890000C0382EA7C6273401344D4F82421D4F8C8
:1058A000106113440B44D4E9421E034441EA0E0242
:1058B0004FEA713080EAB100324001EA0E0B80EA13
:1058C000B15042EA0B020244D4F814016260184459
:1058D0001344D4F82021C4F8242108F10108D4F895
:1058E0001C212360B8F1400FC4E947C2C4E944E673
:1058F000C4E94231C4F8180105F10405ACD157F8E8
:10590000043F59F8042F13443B60009BBB42F6D17F
:1059100004A84FF49471FFF753FE00204FB0BDE888
:10592000F08F2B6855F8382C55F8341C4FEAF340AB
:1059300080EA734080EA932055F8143C13441844DD
:105940004FEAB14383EAF11383EAD103184490E7A5
:105950006884000030B5816885B0103921F00704F3
:10596000054600F0D4FD10220146684600F08EFE88
:1059700007491022684600F07EFE10236A46214641
:10598000284600F090FD003818BF012005B030BD5A
:10599000BC85000030B50D46816887B0102302AA8F
:1059A0001039044600F06AFD002802DA012007B031
:1059B00030BD102202A9204602F0EFF900283AD1AA
:1059C0001E49102202A800F02FFE00280CBF012360
:1059D00002232B70204602F0CCF9012301460DF181
:1059E0000702204600F04AFD0028DFDB9DF8073063
:1059F00003F00F021B096A702B7101220DF10701E0
:105A0000204602F0CAF910B96B78042B03D90123A0
:105A10006B7000232B71A268183A22F00702083A33
:105A2000A91C204602F0CCF90028BFD1E91C204671
:105A300002F01FFABBE70323CBE700BFBC850000E1
:105A4000F0B5354F460085B00546694657F8260043
:105A500002F015FA044610B1FF2005B0F0BD013682
:105A600002A957F8260002F00AFA012837D12B487C
:105A70002A46492100F0F4FC294B02938DF80C4092
:105A80009DF800609DF80870264C00222078314671
:105A900002F075F950B36078394602F070F928B316
:105AA000A378042B03D09DF8031099421ED1E3780C
:105AB000042B03D09DF80B10994217D12379042BA6
:105AC00010D16279022A1DD1174B18482A46492164
:105AD00000F0C6FC6079831E022BBED9BCE700280B
:105AE000CED0B9E79DF802109942EAD00132032ADC
:105AF00004F10604CAD10E482A46492100F0B0FC40
:105B00000120AAE7032A05D00A4B0B49042A08BF43
:105B10000B46DAE7094BD8E768850000E48C000003
:105B200003010303798D0000C68C00002F8D000057
:105B3000538D0000CB8C0000DD8C0000C18C000078
:105B4000014B9868603070471416002038B5094B37
:105B500053F82040013053F82050A54200D838BDFA
:105B6000636823B1204602F0E1F90834F5E72368C1
:105B70009847FAE77085000008B50A4B0122032018
:105B80001A70FFF7E3FFFCF743F802F0EBF904208B
:105B9000FFF7DCFFFAF71EFC034A137B23F0010337
:105BA000137308BD3E2F0020E000002008B5034815
:105BB000034A0021121A02F0D1F908BDC0000020EA
:105BC000402F002008B50020FFF7C0FF184B83F3DB
:105BD0000888184C636943F4007363610025E0236F
:105BE00084F82230E57725766576A57684F820500E
:105BF000636A43F4E023636284F82350FCF758F9A6
:105C0000FCF742FA4FF0FF33A362E362FCF7D6FAE7
:105C1000FCF75EFA02F064F90120FFF797FF02201B
:105C2000FFF794FF04482B462A462946FCF714FA4E
:105C30008037002000ED00E0795B00000748084A4B
:105C4000084908B5121A02F08BF90748074A0849B3
:105C5000BDE80840121A02F083B900BF000000201E
:105C6000C00000208C8D00000000002000000020FB
:105C70008C8D0000024B1868984208BF00207047C6
:105C8000AC000020034B1B680BB9FDF717BE0020CA
:105C9000704700BF3416002030B570B10B4B5B6805
:105CA00098420AD0036843B1D3E90421D0E90445FE
:105CB000121941EB0501C3E90421D0E90032136058
:105CC0005A600023C0E9003330BD00BFAC000020A3
:105CD0002DE9F047EFF31185202383F31288BFF3FA
:105CE0006F8FDFF89C90DFF89C80C9F80000FFF709
:105CF000C1FF00260027D9F80030D8E900ECD917F9
:105D000050B1D0E90442A34271EB020A18DAE41A56
:105D100062EB0102C0E9044213EB0E034CEB0101FC
:105D20000024C8E90031C9F8004002F022F92146F8
:105D3000FDF796FD85F31188BFF36F8FBDE8F087FF
:105D400014EB0E024CEBE473C0E90467C8E90023CE
:105D5000FFF7A2FF85F31188BFF36F8F8368984721
:105D6000EFF31185202383F31288BFF36F8FD9F8E7
:105D700000301B1BC9F80030FFF77CFFBBE700BFFA
:105D8000341600206001002070470078704730B55D
:105D900083688B4285B0044615460ED96368C06897
:105DA000194401AA00F031FD28B96268019B9B1AD1
:105DB0002B60029B6B6005B030BD6FF02100FAE7ED
:105DC0002DE9F7430E4617469946044628B94FF089
:105DD000FF38404603B0BDE8F0830029F7D0002A21
:105DE000F5D0CB680D891D4404230DEB0302294631
:105DF000384600F043FB80460028E8D1BDF8041087
:105E0000738946F60812914225D1BDF806109942D1
:105E1000DDD104230DEB03022944384600F02EFBAC
:105E20000028D4D1BDF8042046F607139A42CED1FB
:105E3000C4E900679DF82830A4F80890A37273891C
:105E4000BDF806202B44E360738913442B440435CA
:105E500063612561BDE7002BE4D0B8E72DE9F3418C
:105E60000E4617461D46044620B94FF0FF3002B0DB
:105E7000BDE8F0810368002BF7D04368002BF4D015
:105E80004FF6FF78D4E904239A4216D223685B893F
:105E900023B1E368934204BF0433236104232169DF
:105EA00060680DEB030200F0E9FA0028DDD1A37A67
:105EB0002BB1D4E903329A4201D30120D7E72389D9
:105EC000BDF80610434501F1040203D0BDF804C03B
:105ED0009C450BD115B1BDF804302B8023690433E8
:105EE00033603980236913442361C0E72369134475
:105EF0002361C7E748B103683BB143682BB1C06871
:105F0000884294BF0020012070474FF0FF30704757
:105F100000F08ABB4FF4377358433030704710B5E8
:105F2000044600F0EDFAA3684FF43772303B02FBF1
:105F3000103010BD70B50D46044601F01AFF2A4618
:105F4000A0F1080104232046BDE8704000F096BA95
:105F500013B50446019101F00CFF0423A0F10801E0
:105F60000DEB0302204601F047FF02B010BDF7B56C
:105F7000044600200D461746FAF7A2FA6946C0B259
:105F8000FBF706FE30B10125009800F076FA2846AE
:105F900003B0F0BD2C2303FB05440098E368268979
:105FA0001E4404230DEB0302314600F067FA054658
:105FB0000028E8D1BDF804206489009846F608134B
:105FC0009A4219D1BDF806309C4201D00325DBE787
:105FD00004230DEB0302A11900F050FA0028D2D1DE
:105FE000BDF8042046F607139A42EFD1BDF806101B
:105FF000214431443960C7E7002CF1D0E6E770B5A1
:1060000013460E461546002102460446FAF78EFF57
:1060100050B92B4604F12C0201212046FAF786FFE5
:1060200010B1002E08BF002070BD37B50446426A8B
:10603000F42501A90120019500F092FA58B9019BBD
:10604000226DA36201A90220019500F089FA05469C
:1060500028B1092500E00125284603B030BD019B89
:10606000206A636500F04CFAE065F5E70123036000
:1060700003F1012343600023C0E9023370474379F1
:10608000012B07D10368012B04D10079431E58422C
:1060900058417047002070477FB506460D460120E5
:1060A00001A9FBF775FD38BB0198FFF738FFF16DCB
:1060B0000446284600F0D1F80444019800F020FA84
:1060C0000646019800F023FA082201460DEB020073
:1060D00000F0DCFA2B798DF8083021460198334620
:1060E00002AA00F0E0F9041E019818BF012400F094
:1060F000C4F9204604B070BD0124FAE700F0E8B905
:106100002DE9F8430E46002107460846FAF7D8F96C
:10611000012104460020FAF7D3F933789C4221D0BC
:10612000984221D101252C2303FB0575F86DAC6A3B
:10613000FFF7F0FE013C07464FF000086B6A03EBE7
:10614000C40253F83410D2F804901B684A46C91AA6
:106150003046C844FFF7D2FFB84504F1FF34EDD311
:10616000BDE8F8830025DEE70120F9E737B51546DD
:106170000C460220694601F082FEE979012903D02C
:106180000022204601F08FFE9DF80330012B02D142
:10619000204601F067FEA9682046FFF7D9FE204699
:1061A000FFF7D8FB002003B030BD73B50D4606469F
:1061B000FAF7CAFF0446E86058B302282ED101A9B5
:1061C0000120FBF7E5FC58BB01982A463146FAF757
:1061D00013FF0446D0B9019801F0CBFD012301461D
:1061E0000DF10302019800F049F90446A0B90198A5
:1061F00001220DF1030101F0D0FD10B101238DF852
:1062000003309DF8033003F00F03EB71019800F0A9
:1062100034F9204602B070BD0124F7E70724F8E7FF
:106220000124F6E738B5436A0446C06D5D68FFF7A0
:1062300071FE0246A06A002301382B449A4201D91C
:106240000138FAE738BD436A00205A680346134410
:106250008B4200F10100FAD3704710B543790279FF
:10626000012B1ABFF4234B43002302F1FF3201FB41
:106270000233026814BF4C000C46013A04FB0230A2
:1062800010BD08B5036AD8688368DB6898470120A9
:1062900008BD002070470FB407B504A951F8040BDE
:1062A0000191FBF731F903B05DF804EB04B07047DE
:1062B000038B13F0070305D10368002B0CBF0020EC
:1062C00003207047022B05D1408BB0FA80F04009C3
:1062D00080007047012B05D10368002B0CBF002004
:1062E000052070470020704710B50C4600B111B969
:1062F0006FF0150010BD081D00F093F80028F9D1CB
:10630000A368032BF6D9F3E72DE9F0410D460746C4
:106310001946281D90461E4600F094F8044638B1F0
:106320003346424629463846A446BDE8F041604718
:10633000BDE8F08110B4EFF31182202484F31288B9
:10634000BFF36F8F416110BC0121FBF70DBB38B566
:106350000C46054658B151B10B6843B14B6833B197
:106360001C22002100F092F92C61002038BD6FF052
:106370001500FBE770B505460E46FFF7B5FF041E96
:1063800014DBEFF31182202383F31288BFF36F8FA6
:106390006B8B2C8B4FF6FF718B4204F0070407D1F7
:1063A00082F31188BFF36F8F6FF00A04204670BD2F
:1063B000022C0CD101336B8382F31188BFF36F8FF2
:1063C0000023224631462846FFF79EFFEEE7062CC3
:1063D00014D8DFE804F004131313041A0400002394
:1063E00033606B683BB9C5E90066ACB90221284649
:1063F000FBF7BAFADAE71E606E60F6E782F31188FF
:10640000BFF36F8F6FF00404D0E782F31188BFF3FE
:106410006F8F6FF08504C9E782F31188BFF36F8F28
:10642000C4E7034658B1426802F00302012A03D0D0
:10643000032A04D1026812B10020986070476FF0FF
:10644000150070474268816002F00302032A4FF092
:10645000000203460CBF006810465A607047704740
:106460000FB407B504A951F8040B0191FBF74CF8E0
:1064700003B05DF804EB04B070477047002930B4F6
:10648000044618460BDBA5680844A84207D8E06814
:106490006468214484682468A44630BC60476FF077
:1064A000150030BC7047002930B4044618460BDB99
:1064B000A5680844A84207D8E06864682144846855
:1064C0006468A44630BC60476FF0150030BC70476C
:1064D0000029034610B410460BDB9C680844A04218
:1064E00007D8D8685B68194483689B682BB110BCD7
:1064F00018476FF0150010BC70476FF05700FAE7AF
:1065000008B5C0688368DB689847006808BD08B5AF
:10651000C0688368DB689847407908BD70B54C68EF
:106520000368A34201D2012070BD8A6822449342CD
:1065300001D30020F8E7D1E903254E69B54203D322
:106540006FF00B038B61F4E71B1B42F83530436897
:10655000086902EBC00253600B6901330B61E2E78B
:1065600037B50C46C0B201A91546FBF711FB002850
:106570000CDB019850B121462A46FBF72FFB04465D
:106580000198FFF77AFF204603B030BD6FF0150485
:10659000F9E7012801D1EFF3058301F0B8BC01460A
:1065A0000068FFF7F6BF08B5FBF740FBBDE8084001
:1065B00000F000B8704700210120FFF7EABF61B684
:1065C00062B680F31188BFF36F8F7047EFF31180CD
:1065D000202383F31288BFF36F8F704772B60023B6
:1065E00083F31188BFF36F8FBFF34F8F20BF80F30A
:1065F0001188BFF36F8F62B67047202809D9B0F1B8
:10660000004F08D80138B0FA80F0C0F11F004000F8
:106610007047082070473E207047034600201A5CF0
:1066200002B970470130FAE710B55AB10139841840
:1066300010F8012B11F8013FA04201D09A42F7D087
:10664000D01A10BD1046FCE7431A934210B500EB78
:10665000020308D3013902469A420BD011F8014FC8
:1066600002F8014BF8E70A4412F8014D03F8014D16
:106670008A42F9D110BD10B5431E0A44914200D19F
:1066800010BD11F8014B03F8014FF7E7C9B20244FE
:106690000346934200D1704703F8011BF9E74FF01E
:1066A000FF307047704708B5FFF74AFA0C230360C4
:1066B000002008BD0369C9B20C2201FB0233186C2B
:1066C00000F00700704770B5C9B20369EFF3118598
:1066D000202484F31288BFF36F8F0C2606FB01344D
:1066E000246C14F0C00408D0A24206D085F31188AF
:1066F000BFF36F8F4FF0FF3070BD71430B44012229
:106700001A6485F31188BFF36F8F43680B445B688D
:1067100098470020F0E78022FFF7D5BFF8B5069F25
:106720000469C9B2EFF31186202585F31288BFF3FF
:106730006F8F0C2569430C44256C05F0070CBCF1E8
:10674000010F0BD1276486F31188BFF36F8FC4E963
:106750000E2343685B5898470020F8BD05F0C0053C
:10676000AF4286F31188BFF36F8F0CBF6FF07700D5
:106770004FF0FF30F1E713B580240094FFF7CEFF10
:1067800002B010BD6FF08500704710B40069CBB245
:106790001C2403FB0400002110BC10470020FDF75F
:1067A00075BA002000F0D1B9F7B51C461646002393
:1067B00082682360A36053690D4601AA6946984721
:1067C000019B5A1E01921BB96FF0150003B0F0BD7A
:1067D0000098A26847682168676085B9B31AD0F845
:1067E00000C0634528BF63461A4403FB07112160BC
:1067F000A26002689A4206D808300090E0E76B1A5F
:10680000B3FBF7F3EBE70020E0E713460022FFF7C6
:10681000CBBF2DE9F047836886B05B698846914617
:1068200001A902AA98470024A2462546029BAB4232
:1068300002D806B0BDE8F087019F07EBC507002628
:106840007B6804933A68B2420AEB060302D801352A
:106850009A46EBE703940593494603A8C0470028EE
:10686000E7D0049B01361C44ECE708B901230B7008
:1068700070474FF400120023C1E900230020704745
:1068800037B50D46416811B3D1E90013846804B3EC
:10689000D4E90024F4B1EBB19C421ED10133092BA1
:1068A0001BD800788DF8013040F201138DF80000FC
:1068B000ADF80230684600238DF804308DF805509D
:1068C000FEF7F2F803B0BDE83040FBF7F7BE0B4629
:1068D000DCE7224601332344E1E76FF0150003B003
:1068E00030BD1FB5002188420CBF0623042301A838
:1068F000CDE9011103918DF80430FFF7C1FF0028A5
:1069000018BF6FF0040005B05DF804FB7FB5FF22EF
:1069100002288DF803200DF103020CBF3523052357
:10692000002101920122CDE9022103A88DF80C304B
:1069300001AB04910593FFF7A3FF0028A8BF9DF8C2
:10694000030007B05DF804FB43780BB9FEF70EB9FE
:10695000704710B50C4600F07AF90023C4E9000333
:10696000184610BD38B505460C4600F070F9002DEC
:1069700007DBA84205D9401B84428CBF00200120C0
:1069800038BD0020FCE770B50D462846194616466E
:106990001C46FFF7E7FF38B124B1224629463046AE
:1069A000FFF769FE002070BD6FF01500FBE743683C
:1069B0005B68D3F810350B600020704743685B6854
:1069C00002EA010021EA0201C3F80805C3F80C1528
:1069D0000020704743685B680020C3F808157047C3
:1069E00043685B680020C3F80C15704743685A6819
:1069F000D2F8043521EA03000B40C2F80805C2F8BA
:106A00000C350020704710B503695868F8B188420A
:106A100019D19C6808685860A14200D19860002094
:106A200008602AB15A680A609A68596002B9996088
:106A3000002010E0814206D10868206098688142F9
:106A4000EDD19C60EBE7044600680028F2D1002AF3
:106A5000E8D16FF0150010BD30B543681360057ABA
:106A6000446804EBC504A34202D36FF0010030BDBB
:106A70005C798C4201D00833F0E70020F7E74368E7
:106A80001B68D3F88004C3F8800470474268136819
:106A9000D3F8100150B1D269002012780A70C3F8FF
:106AA0001001D3F8102101221A6070474FF0FF3017
:106AB000704702680346D2F8580140B95B68DB07AB
:106AC00006D4D2F82001003818BF012070470120F9
:106AD000704743681B68D3F80423D20517D5D3F851
:106AE0002021A2B1EFF31182202181F31288BFF39C
:106AF0006F8FD3F8201131B10021C3F82011D3F8E2
:106B000020110121D96082F31188BFF36F8FD3F870
:106B10005831704700F150039B009BB203F1804352
:106B200003F5883300221A601B687047004701F0A4
:106B3000D3B9C00000F1804000F5F830C0F810155E
:106B4000C0F814257047FDF753BDFDF71BB8F7B526
:106B5000019001A8DDE9084716461D46FDF71EF91C
:106B6000019BB6F1000C18BF4FF0010C00EB830045
:106B70000B1E18BF0123002D43EA4C0314BF4FF036
:106B80000C0C4FF0000C002C43EA0C0314BF4FF424
:106B9000E06C4FF0000C002F43EA0C03D0F8002704
:106BA00014BF4FF4403C4FF0000C43EA0C0322EAC0
:106BB000030301B109780EB13678760019430DB19F
:106BC0002D78AD0031430CB12478240229430FB154
:106BD0003F783F040C433C43C0F8004703B0F0BD8E
:106BE0001FB50DF10F03019300238DF80F100093D3
:106BF0001A461946FFF7ABFF05B05DF804FB38B540
:106C0000054608460C46FDF71BF9B0B10846FDF7EE
:106C10000BF990B90846FDF7FBF82A680123834079
:106C2000C2F808332A6803B202EB8303D3F81025B5
:106C300022F00302C3F8102538BD20460021BDE82C
:106C40003840FFF7CDBFFDF781B9FFF7D8BF4FF050
:106C500080531A695869504370474FF08053186940
:106C600070474FF08053586970470223FDF70ABD03
:106C70000323FDF707BD00210220FDF793BF70B588
:106C800004680D1B002D02DC6FF05F0070BD94F9ED
:106C900000602378002E0ADB631C036023781360F6
:106CA0000368C91A13688B42EED80020EEE703F0A0
:106CB0007F035C1E032C13D89D42E5DD0024146085
:106CC00004680134046004681568247844EA0524E3
:106CD00014600468013B04F101040460F3D1DFE7B0
:106CE0006FF06300D2E770B404680E1B002E07DD5E
:106CF00026789E4208D10134046070BCFFF7BFBF04
:106D00006FF05F0070BC70476FF06100FAE773B519
:106D10000223154601AA0446FFF7E5FF40B9019E8C
:106D200021683246284600F0A6FB236833442360DE
:106D300002B070BD0139002901DA0020704750F817
:106D40002130002BF6D0B3FA83F00131C0EB4110B3
:106D5000704739B101F18041013900EB8101814275
:106D6000034600D270471B680A681BBA12BA40F883
:106D7000042B41F80439F2E72DE9F0411C4613F0E9
:106D8000030318BF012303EB94038B4206460D4611
:106D9000904613D879B18F003A460021FFF776FC70
:106DA0002CB1381B224641463044FFF764FC29468B
:106DB0003046FFF7CEFF0020BDE8F0816FF00700FE
:106DC000FAE7B3EB810F70B504464FEA8105104630
:106DD00019D95A1B86180021FFF758FC30462B465C
:106DE000C21800218B4210D1002070BD22F0030197
:106DF00002F003066158F600F140C9B281B90132D0
:106E0000AA42F3D1ECE71A46FAE721F0030001F0B9
:106E100003052058ED00E84002F8010D0131E1E7DB
:106E20006FF00700E1E753098B42F0B402F01F0452
:106E300001D809D124B18A00F0BC0021FFF726BC9B
:106E40001F2A03D8F0BC70471F2A0AD900EB83021F
:106E5000051F00EB8106B24216D1CB1A00228B42ED
:106E600017D3002CEED000EB81010022C4F12006E4
:106E70008142E7D051F8045C25FA04F3134341F84A
:106E8000043D05FA06F2F3E752F8047B45F8047F67
:106E9000E1E740F823200133E1E71F2AF0B54FEA8C
:106EA000521402F01F0512D96FF0030606FB040608
:106EB0000B469C4203F1FF3212D3631A8C4288BF07
:106EC00000230B4400EB8303002283420ED135B133
:106ED00000EB84000022C5F120078C4209D3F0BDED
:106EE00056F8223040F822301346E2E743F8042DEA
:106EF000EBE7066806FA05F3134340F8043B013458
:106F000026FA07F2E9E7F0B50024844620469C42C1
:106F100000D1F0BD51F8245052F824702E182CBF27
:106F200001250025BF194CF8247045F100000134FB
:106F3000EDE7F0B50024064620469C4200D1F0BDA6
:106F400051F824C052F82470ACEB0005AF4294BF56
:106F50004FF0000E4FF0010EED1B46F82450844513
:106F60002CBF70460EF101000134E6E78B422DE99B
:106F7000F04728BF0B469646DE08089A0446C91A11
:106F800003F0070875460346B44600200CF1FF3CA9
:106F9000BCF1FF3F03F1200305F1200511D104EB03
:106FA00046140EEB46164FEA880C06EB880E254673
:106FB000764540F081806444013980F08B80BDE8E3
:106FC000F08755F8207CA2FB079710EB090953F8CE
:106FD000200C47F1000710EB090043F8200C55F88E
:106FE0001C0C47F10007A2FB00093F1853F81C0CCA
:106FF00049F10009C01943F81C0C55F8180C49F167
:107000000009A2FB000719EB000953F8180C47F11F
:10701000000710EB090043F8180C55F8140C47F161
:107020000007A2FB00093F1853F8140C49F10009AE
:10703000C01943F8140C55F8100C49F10009A2FBD3
:10704000000719EB000953F8100C47F1000710EB8B
:10705000090043F8100C55F80C0C47F10007A2FB8F
:1070600000093F1853F80C0C49F10009C01943F806
:107070000C0C55F8080C49F10009A2FB000719EBAC
:10708000000953F8080C47F1000710EB090043F81A
:10709000080C55F8040C47F10007A2FB000A17EB97
:1070A000000953F8047C4AF1000017EB090740F18E
:1070B000000043F8047C69E756F8043BA2FB033761
:1070C000C318286847F10007C31845F8043B47F187
:1070D00000006DE723681B1844F8043B2CBF012017
:1070E000002069E70168881C400000F0080008449F
:1070F000032300FB01F2C2F10202013B02FB00F09C
:10710000F7D1404270472DE9F04F87B09146049384
:10711000109B0293DDE91183139D05934FEAC8028A
:1071200083468A46043200212846FFF7AFFA08F169
:1071300002032E4600240393444515D105EB840138
:107140002346029A51F824505846FFF7F2FE684051
:10715000FDF7C0FDA6000A4600235946109607B069
:10716000BDE8F04FFEF752B85AF82430D9F80020A5
:1071700037680399009302FB0377059A049B5743F2
:1071800030464A46FFF7F2FE3046DDE9022100971D
:107190004346FFF7EBFE04360134CDE738B50D4624
:1071A0000121044600F031F988B9E98820468901B7
:1071B00000F07DF958B92A462146204600F02FFB01
:1071C00028B9E9882046BDE8384000F0B8B838BD95
:1071D0004901502934BF0122032201239340033384
:1071E00058430130704710B586B00B9C04940A9C3C
:1071F000039400240294099C0194089C0094FDF7D8
:107200008DFD06B010BD10B586B00B9C04940A9C91
:1072100003944FF02A340294099C0194089C009432
:10722000FDF77CFD06B010BD30B5054610460022C6
:107230009A4200D130BD51F82240241A45F822402C
:1072400034BF012000200132F2E7034600EB810148
:1072500000208B4201D1FDF73DBD53F8042B1043B4
:10726000F7E71FB5089C0394069C0092CDE9013412
:10727000079AFFF748FF04B010BD30B587B01C4631
:107280000B9D03950A9D00920123CDE9014505AAB6
:107290000593FFF738FF07B030BD00220123C0E996
:1072A0000023704710B5044648B1006818B1E18862
:1072B000890000F0DDFB00220123C4E9002310BD9A
:1072C00042F21073994270B504460D4602D96FF030
:1072D0000F0070BDC3888B4201D30020F9E7042161
:1072E0002846FEF779F906460028F0D0216841B11A
:1072F000E2889200FFF7BFF9E1882068890000F07A
:10730000B7FBE5802660E8E738B504460D4619B9B5
:10731000FFF7C8FF002038BDC2888A4207D1006845
:1073200092000021FFF7B2F90123A380F2E7FFF7F3
:10733000B9FF29462046BDE83840FFF7C1BF42F2F9
:107340001073994270B50A46054602D96FF00F00D6
:1073500070BDC3888B4207D8BDE87040FFF7B0BF4F
:10736000296851F8231011B9013B002BF8D15C1C9E
:10737000944238BF144604212046FEF72DF90646F4
:107380000028E3D0296839B1A200FFF774F9E98831
:107390002868890000F06CFBEC802E600020D7E7A5
:1073A000884270B505460E4609D0C988C28841B9E1
:1073B0002AB10123838092000068FFF767F900205B
:1073C00070BD4C1E8CB90134B6F90430AB80A242BA
:1073D00012D221462846FFF773FF0028F0D131680A
:1073E0002868A200FFF747F9E9E7336853F824302B
:1073F000002BE8D1013CE5E72868121B9200002130
:1074000000EB8400FFF742F9E9E770B50C46012173
:107410000546FFF755FF064688B9EA8801469200FF
:107420002868FFF733F984EAE472A2EBE472E40F10
:10743000C4EBC4342B68640001341A60AC8030465D
:1074400070BDC388B1EB431F3FBF03684A0901F019
:107450001F0153F822003ABFC84000F0010000208D
:107460007047C1880068FFF765BC08B5FFF7F9FFF2
:107470000730C00808BD70B50E4612F0030118BFF2
:10748000012101EB920105461446FFF73DFF38B993
:10749000E988286823463246BDE87040FFF76CBC97
:1074A00070BD13460A46C1880068FFF78ABC38B52C
:1074B00004460D46FFF7D5FFE3882844B0EB431F91
:1074C00006D82068E1882A46FFF7E7FC002038BD8F
:1074D00010F01F0118BF012101EB50112046FFF7EA
:1074E000EFFE0028EDD0F2E708B50A46C18811B1D9
:1074F0000068FFF798FC002008BD10B5C38823B9C9
:10750000CA885AB9ABB1012017E0026802EB8302C6
:1075100052F8042C002AF3D1013BF0E70C6804EB8D
:10752000820454F8044C0CB9013AEAE79342EAD8D1
:107530000FD3013B5A1C01D1002010BD026852F844
:1075400023400A6852F823209442DCD803F1FF3329
:10755000F0D24FF0FF30F0E730B5C38823B9CA88C6
:107560005AB9002B3DD136E0026802EB830252F893
:10757000042C002AF3D1013BF0E70C6804EB8205F0
:1075800055F8045C4DBB013AEAE7B1F9045003D267
:10759000B1F90400404226E0B0F90420002A03DDDE
:1075A000002D0CDA01201EE0002D08DD3AB14FF06D
:1075B000FF3018E003F1FF330BD2504213E0013BE0
:1075C000016851F8235054F823108D42F2D9104627
:1075D00009E0591CF4D1002005E0002BD8D09342DB
:1075E000D3D9B0F9040030BD1FB581EAE173A3EB34
:1075F000E173C90FC1EBC13149000193013101238E
:10760000ADF80C10ADF80E3002A901AB0293FFF7F4
:10761000A3FF05B05DF804FB90422DE9F04105465B
:107620000F46144602D0884206D127460123AB807C
:10763000FC883CB9002003E0FFF7B2FE0028F4D03C
:10764000BDE8F0813B6803EB84034FEA840853F8FC
:10765000043C0BB9013CECE721462846FFF730FE1D
:107660000028EDD12E683A68234631463046FFF7B0
:107670004AFC06EB08030746002FDBD0EA88A2424B
:1076800004F1010608D831462846FFF719FE002804
:10769000D6D12B6803EB84031A68D21943F8042B64
:1076A0002CBF012700273446E6E72DE9F041D488B6
:1076B00005460E4690463CB9F188A1420ED26FF0C5
:1076C00009073846BDE8F081D8F8003003EB8403A1
:1076D00053F8043C002BEFD1013CECE72846FFF7C0
:1076E000EFFD07460028ECD1F28894420BD2AE425F
:1076F00009D031682868121B920001EB840100EB6D
:107700008400FEF7B8FFEA88F088824207D92B6828
:10771000121A9200002103EB8000FEF7B7FFD8F8A1
:107720000020316828682346FFF703FC024610B9A1
:107730000123AB80C5E72968EB8801EB84011B1BA3
:107740000846FFF771FD0028F2D0B8E72DE9F843AD
:10775000B1F90440B2F804C01CFB04FC6646734354
:1077600081460D4617461CD511462846FFF7C5FE33
:10777000B0F100080DDB3A4629464846FFF795FF71
:1077800098B9B8F1000F08BF0124A9F804400020FF
:107790000BE02A464846FFF788FF30B9644224B21E
:1077A000F3E7FFF739FF0028EFD0BDE8F8830123A6
:1077B000FFF7CCBF4FF0FF33FFF7C8BF2DE9F34110
:1077C000CF880546884616463FB1D8F8003003EB0F
:1077D000870353F8043C3BB146B90021284602B068
:1077E000BDE8F041FFF711BE013FEDE7791C2846E7
:1077F000FFF766FD044670B941462846FFF7D0FD05
:10780000044640B9013E0096D8F80020E98828686F
:107810003B46FFF7ABFB204602B0BDE8F08170B5F8
:1078200004460D46104600211646FFF7DDFE0028EF
:1078300024DB2A46334621460020FDF74DFB054652
:1078400038B1284670BD324621462046FFF7AFFFCB
:1078500090B900212046FFF7C7FE0028F3DB314630
:107860002046FFF779FE0028EBDB32462146204612
:10787000FFF7A0FF0028F2D00546E2E76FF0090508
:10788000DFE72DE9F04F89B0DDE9125806468B4657
:107890002846002191460593FFF7A6FE002805DC47
:1078A0006FF00304204609B0BDE8F08F2B681B6819
:1078B000D907F5D500214846FFF796FE0028EFDBF3
:1078C0004846FFF7CEFDB0F5005FE9D82846FFF740
:1078D000C8FDB0F5005FE3D8B9F8061031B9012151
:1078E000304609B0BDE8F04FFFF78FBDE888FFF7DD
:1078F0006FFC04218246FDF76FFE0746002800F06A
:10790000AA8000220123CDE906234FEA8A0AB8F1B2
:10791000000F0DD1294606A8FFF740FC044600B32E
:107920005146384600F0A4F806A8FFF7BBFCB9E7BB
:10793000D8F80030002B6ED106AB18462946FFF769
:107940002DFC06AB044640B15146384600F090F895
:10795000D8F80030002BA5D1E6E793E8030088E8CB
:10796000030059463046FFF71BFD0446002867D147
:107970000123B38029463046FFF7EEFD002857DA91
:10798000E9883046FFF79CFC0446002858D1286857
:10799000FFF7A8FB069B0090029701933168EB88E4
:1079A0002A6804900846FFF75CFC059B0698B9F826
:1079B00006203168B3F12A3FEB880192CDE9020736
:1079C000D9F8002000922A68084641D1FFF71BFC35
:1079D000049B019700933168EB882A680846FFF7FB
:1079E0004CFCBBF904B0BBF1FF3F29D1D9F8003002
:1079F0001B68DB0724D5F1883068FFF726FC0122DD
:107A00005946FDF75BFA3246B08029463046FFF70B
:107A1000CEFE044614E0E9884046FFF751FC0446D8
:107A2000002891D198E8030008AB03E9030098E728
:107A30002A4631463046FFF7F2FE044600289FD022
:107A40005146384600F014F8B8F1000F80D16BE7CA
:107A5000FFF7C9FBBCE76FF00F0423E713B5049CE5
:107A6000CDE900344FF02A33FFF70BFF02B010BD11
:107A700010B5044608B1FDF7A3FD2046BDE810404F
:107A8000FDF7B0BD08B5FAF74DFC2DE9F843044603
:107A9000DDE90876914698460D4651B9B9F1000FD7
:107AA00010D1B8F1000F15D1E7B91EBB55BB0020AE
:107AB00006E00830FFF774FC0028EFD0A0F5814005
:107AC000BDE8F883494604F12000FFF769FC00286F
:107AD000E7D0F3E7414604F12800FFF761FC0028F6
:107AE000E2D0EBE7394604F11800FFF759FC002813
:107AF000DBD0E3E7314604F11000FFF751FC00282A
:107B0000D4D0DBE704F10800FFF7AFFC6060CEE7FC
:107B100010B5782200210446FEF7B8FD0023C4E921
:107B20001C3310BD4068704710B50446A0B36030E8
:107B3000FFF7B8FB04F16800FFF7B4FB04F148005D
:107B4000FFF7B0FB04F11800FFF7ACFB04F12800CD
:107B5000FFF7A8FB04F12000FFF7A4FB04F11000DD
:107B6000FFF7A0FB04F10800FFF79CFB04F15800AD
:107B7000FFF798FB04F15000FFF794FB04F140007D
:107B8000FFF790FB04F13800FFF78CFB04F13000A5
:107B9000BDE81040FFF786BB10BD00BA70476822F1
:107BA0000021FEF773BD10B16821FDF709BD7047D4
:107BB0002DE9F04105460E4614467AB3036C03F0F6
:107BC0003F079B18036422BF436C013343645FB3D8
:107BD000C7F1400842451CD342463844FEF74BFDEE
:107BE00029462846FDF71EFEC8B92744A7F14004E0
:107BF0003F2C46440BD90027F1192846FDF712FE09
:107C000078B94037E31B3F2BF6D83E441C462CB1D5
:107C1000002722463146E819FEF72DFD0020BDE879
:107C2000F0814FF0FF30FAE73F2AE4D8F1E773B56F
:107C3000036C03F03F035A1C0D46382A4FF08001B5
:107C4000C1540446104400F28280C2F1380200217F
:107C5000FEF71CFDD4E91060730F43EAC000FFF784
:107C60009CFF04220DEB0201019004F13800FEF7A5
:107C700002FDF000FFF791FF04220DEB02010190DD
:107C800004F13C00FEF7F7FC21462046FDF7CAFD53
:107C90000646002855D1A06CFFF77FFF04220DEBAC
:107CA000020101902846FEF7E6FCE06CFFF775FF45
:107CB00004220DEB02010190A818FEF7DCFC206DF8
:107CC000FFF76BFF04220DEB0201019005F10800A4
:107CD000FEF7D1FC606DFFF760FF04220DEB02019F
:107CE000019005F10C00FEF7C6FCA06DFFF755FFF3
:107CF00004220DEB0201019005F11000FEF7BBFC20
:107D0000E06DFFF74AFF04220DEB0201019005F13F
:107D10001400FEF7B0FC206EFFF73FFF04220DEBCE
:107D20000201019005F11800FEF7A5FC606EFFF757
:107D300034FF042201900DEB020105F11C00FEF757
:107D40009AFC2046FFF72FFF304602B070BDC2F10B
:107D500040020021FEF79AFC21462046FDF762FD15
:107D600006460028EDD101463822204670E7002063
:107D700070478068183820F00700103870470428D2
:107D800009D0052803D1481E18BF01207047431AA7
:107D90005842584170470120704738B515460C4687
:107DA00061B15AB1FEF7B3FB2544214611F8013BFE
:107DB000834203D1A942F9D1012038BD0020FCE75C
:107DC00038B50C460123114622460546FEF756FB00
:107DD00000280FDB012221462846FFF7DEFF38B9D5
:107DE0002378012B14BF022301232370002038BD08
:107DF0000323FAE70120FAE72DE9F7431D4606467B
:107E00000F469046FEF77CFB6C1E04444042044043
:107E1000082C1AD83046FEF77AFB2A46814641469E
:107E20006846FEF728FC621B49460DEB0500FEF78D
:107E30002DFC23466A4639463046FEF734FB0038AF
:107E400018BF012003B0BDE8F0834FF0FF30F9E721
:107E500007B501238DF8042001AAFFF7CDFF03B079
:107E60005DF804FB81681839012221F00701FFF752
:107E7000EFBF8268183A22F00702FFF7A1BF13B5DF
:107E80000C46C0B201A9F9F783FE50B9214601980A
:107E9000FDF780FD04460198FEF7EFFA204602B098
:107EA00010BD0124FAE713B541EA021104468DF82A
:107EB0000710FFF75EFF012301460DF10702204680
:107EC000FFF79AFF02B010BD8168183921F0070151
:107ED00001220839FFF7BCBF08B1FAF753BA70475F
:107EE000704740B1C368587810F001001EBF187881
:107EF000B0FA80F040097047EFF31183202383F339
:107F00001288BFF36F8FFEE708B5FFF7F5FF10B5D6
:107F1000EFF31184202383F31288BFF36F8FFFF7F1
:107F2000F3FF84F31188BFF36F8F10BD10B5D0E954
:107F3000003433B90020E268537843F001035370F2
:107F400010BD204698470028F4D00028B8BF404212
:107F5000E368FF28A8BFFF201870ECE7FEF796BB88
:107F6000FEF789BB7047EFF30580003818BF01208A
:107F7000704710B5FDF77EFE0446FDF783FE74B131
:107F8000D4E904321B1A62EBE072B3F1004F72F1D4
:107F9000000104DA002AACBF1846002010BD6FF0C3
:047FA0000040FBE7BB
:087FA4009081FF7F0100000045
:107FAC00412300000000000041240000FC7F000081
:107FBC00052F000024800000052F00001080000019
:107FCC0095330000388000006D2600000000000092
:107FDC00FD360000000000006F7D00000000000076
:107FEC00B92A00004C800000852C00006080000045
:107FFC002F8C00006883000048820000B400002031
:10800C002C1500206E8C0000FC83000024820000E4
:10801C00BA000020881500207C8C0000148400001D
:10802C0024820000BC00002094150020928C0000DB
:10803C002C84000064820000BE000020A0150020EB
:10804C004A8C0000888300000C820000B6000020DF
:10805C00392F0020548C000000000000F481000037
:08806C00B80000200000000034
:10807400353D00002D6B000000000000B7650000D6
:1080840038800000D36A000000000000B7650000DB
:1080940000000000B765000000000000B7650000A4
:1080A400C14300002D6B000000000000B765000014
:1080B40000000000B765000000000000B765000084
:1080C40000000000B765000000000000B765000074
:1080D40000000000B765000000000000B765000064
:1080E40000000000B765000000000000B765000054
:1080F40000000000B7650000000000008D3700009C
:1081040000000000B765000000000000B765000033
:1081140000000000B765000000000000B765000023
:1081240000000000B765000000000000B765000013
:1081340000000000B765000000000000B765000003
:1081440000000000B765000000000000B7650000F3
:1081540000000000B765000000000000B7650000E3
:1081640000000000B765000000000000B7650000D3
:1081740000000000B765000000000000B7650000C3
:1081840000000000B765000000000000B7650000B3
:1081940000000000B765000000000000B7650000A3
:1081A40000000000B765000000000000B765000093
:1081B40000000000B7650000414C00002D6B00007A
:1081C40000000000B765000000000000B765000073
:1081D40000000000B765000000000000B765000063
:1081E40000000000B765000000000000B765000053
:1081F40087690000912D0000212D00007D2C0000D6
:10820400536900006D2C000091270000C92800006C
:10821400D1290000E926000073680000D926000077
:10822400992F0000AF690000BD690000D569000006
:10823400E1690000ED690000052E0000076A0000F6
:048244000000000036
:1082480085670000176700007767000000000000DE
:0C825800B56600000000000000000000FF
:0C8264008D6A0000E93200007F6A000013
:088270009586000003000000E8
:10828000FF000000FF000000FF000000FF000000F2
:10829000FF000000FF000000FF000000FF000000E2
:1082A000FF000000FF000000FF000000FF000000D2
:1082B0000338FDD8704700000100000002000000F4
:1082C00001000000958A0000DC820000010000002F
:1082D0000200000001000000020000000E0100008A
:1082E00004000000000000000000000000C00000CA
:1082F000608000000100000000C0000000400F008E
:1083000060800000020000000000000000C00E00BD
:108310004C8000000300000000C00E00004011006F
:108320004C800000000000200000000000000B0650
:10833000803700204000000000000B150200000004
:108340004483000000000000148C0000260002029C
:10835000000000201C8C000022000B11C92300002B
:108360009923000000000000E52400000D24000017
:108370003E8C00009D670000A3670000448C000055
:108380000400000000FF00000000000000000000EA
:1083900000000000000000000000000000000000DD
:1083A000000000000000000000000000F4010000D8
:1083B000000101000000200085601500C08300005E
:1083C00000900240CC83000001000000D483000034
:1083D000060000001500001D1400001F18000020FA
:1083E00016000021170000221900001E20000000C6
:1083F000000001000400000000FF0000FFFF00007B
:108400000003005000000000010000000060004078
:1084100000000000FFFFFFFF000000500000000010
:10842000000000000060004000000000002000404C
:1084300001000000000000004C8400000000D60194
:10844000000000003D2F00203C2F002000200040B5
:108450005884000001000000608400000200000059
:108460002B0000002C060001982F8A42914437719E
:10847000CFFBC0B5A5DBB5E95BC25639F111F159A7
:10848000A4823F92D55E1CAB98AA07D8015B8312E9
:10849000BE853124C37D0C55745DBE72FEB1DE8095
:1084A000A706DC9B74F19BC1C1699BE48647BEEFC4
:1084B000C69DC10FCCA10C246F2CE92DAA84744A4F
:1084C000DCA9B05CDA88F97652513E986DC631A8C5
:1084D000C82703B0C77F59BFF30BE0C64791A7D5A4
:1084E0005163CA0667292914850AB72738211B2E2C
:1084F000FC6D2C4D130D385354730A65BB0A6A7614
:108500002EC9C281852C7292A1E8BFA24B661AA81F
:10851000708B4BC2A3516CC719E892D1240699D62F
:1085200085350EF470A06A1016C1A419086C371EA8
:108530004C774827B5BCB034B30C1C394AAAD84E86
:108540004FCA9C5BF36F2E68EE828F746F63A578C1
:108550001478C8840802C78CFAFFBE90EB6C50A454
:10856000F7A3F9BEF27871C6010000000200000016
:10857000AC7F0000AC7F0000DC7F0000E47F0000E7
:10858000FC7F0000FC7F00000100020010001100D1
:1085900012002000210022002300240030003100BE
:1085A00032003300FFFF0000F0FFF0FFF0FFEAFFB2
:1085B00074FFF0FFF0FFF0FFF0FFEAFF77C295F3E2
:1085C00060D2EF7F3552500F2CB6798025633A2068
:1085D0005374617274696E6720626F6F746C6F613F
:1085E0006465720A0025633A20556E61626C6520ED
:1085F000746F2066696E6420626F6F7461626C656F
:1086000020696D6167650A0025633A20426F6F74C7
:108610006C6F6164657220636861696E6C6F616420
:108620002061646472657373206F66667365743A63
:1086300020307825780A0025633A20496D61676506
:108640002076657273696F6E3A207625642E2564F4
:108650002E25640A0025633A204A756D70696E679D
:1086600020746F2074686520666972737420696D68
:1086700061676520736C6F740A0025633A204E654C
:108680007665722073686F756C6420676574206806
:108690006572650A006D6375626F6F74000000009B
:1086A000000000000025633A20556E61626C652071
:1086B000746F2064657465726D696E6520666C61A7
:1086C000736820736563746F72206F6620746865C9
:1086D00020696D61676520747261696C65720A005A
:1086E0007072696D617279007365636F6E64617237
:1086F000790025633A20436C656172656420696D79
:10870000616765202564207072696D6172792073DC
:108710006C6F7420747261696C6572206475652079
:10872000746F20737475636B207265766572740A5A
:108730000025633A20496D61676520696E20746881
:108740006520257320736C6F74206973206E6F74BD
:108750002076616C6964210A0025633A2025642033
:1087600073746174757320777269746520666169CA
:108770006C7320706572666F726D696E67207468C5
:108780006520737761700A0025633A204661696C41
:10879000656420746F206F70656E20666C6173680D
:1087A00020617265612049442025642028696D613B
:1087B000676520256420736C6F74202564293A2036
:1087C00025642C2063616E6E6F7420636F6E746914
:1087D0006E75650A0025633A204661696C65642000
:1087E00072656164696E6720736563746F72733B51
:1087F00020424F4F545F4D41585F494D475F5345AD
:1088000043544F52533D2564202D20746F6F2073C5
:108810006D616C6C3F0A0025633A204661696C65A6
:10882000642072656164696E6720696D61676520A7
:10883000686561646572733B20496D6167653D25BC
:10884000750A0025633A204661696C65642072658B
:108850006164696E6720626F6F74207374617475F0
:10886000733B20496D6167653D25750A0025633AB4
:108870002070616E6963210A0025633A20446574A3
:10888000656374656420696E636F6E736973746584
:108890006E7420737461747573210A0025633A2025
:1088A00043616E6E6F7420757067726164653A2003
:1088B0006E6F74206120636F6D70617469626C65A6
:1088C00020616D6F756E74206F6620736563746FC1
:1088D00072730A0025633A2043616E6E6F742075CF
:1088E0007067726164653A206D6F726520736563AD
:1088F000746F7273207468616E20616C6C6F776541
:10890000640A0025633A2043616E6E6F74207570AF
:1089100067726164653A206E6F742073616D6520C3
:10892000736563746F72206C61796F75740A0025CA
:10893000633A2043616E6E6F742075706772616474
:10894000653A20736C6F742077726974652073695F
:108950007A657320617265206E6F7420636F6D702D
:10896000617469626C650A0062616400676F6F64BC
:1089700000756E736574005072696D61727920695B
:108980006D6167650025633A2025733A206D616744
:1089900069633D25732C20737761705F747970650E
:1089A0003D307825782C20636F70795F646F6E6539
:1089B0003D307825782C20696D6167655F6F6B3D70
:1089C000307825780A005365636F6E646172792090
:1089D000696D6167650025633A20426F6F7420738B
:1089E0006F757263653A207072696D617279207378
:1089F0006C6F740A0025633A20426F6F7420736FA6
:108A0000757263653A206E6F6E650A0025633A20C1
:108A10005374617274696E67207377617020757327
:108A2000696E67206D6F766520616C676F7269741F
:108A3000686D2E0A0025633A204E6F7420656E6FB4
:108A40007567682066726565207370616365207460
:108A50006F2072756E207377617020757067726118
:108A600064650A0025633A207265717569726564F0
:108A700020256420627974657320627574206F6E9E
:108A80006C792025642061726520617661696C6172
:108A9000626C650A003082010A0282010100D1067F
:108AA000081A18442C18E8FBFDF70DA34F1FBBEE66
:108AB0005EF9AAD24B18D35AE96D188019F9F09CC7
:108AC000341BCBF3BC74DB42E78C7F10537E435ED8
:108AD0000D572C44D167080F0DBB5CEEECB399DF4A
:108AE000E04D840BAA774160ED152849A701B43CFD
:108AF00010E6698C2F5FAC414D9E5C14DFF2F8CF1D
:108B00003D1E6FE75BBAB4A9C8887E473C94C37723
:108B100067544BAA8D3835CA62617EB7E115DB77A1
:108B200073D4BE7B7221896924FBF8656E643EC8EC
:108B30000ED785D55C4AE4530D2FFFB7FDF31339EB
:108B4000833FA3AED20FA76A9DF9FEB8CEFA2ABE24
:108B5000AFB8E0FA823754F43EE12BD0D30858186E
:108B6000F65E4CC8888131AD5FB08217F28A692702
:108B700023F3AB873E931A1DFEE8F81A246659F8D2
:108B80001CABDCCE681B666435ECFA0D119DAF5C46
:108B90003AA7D167C647EFB14B2C62E1D1C90203B6
:108BA0000100012D0020002B0030780030580028F3
:108BB0006E696C29002A2A2A20426F6F74696E67D9
:108BC000204D4355626F6F742076312E322E393925
:108BD0002D6E6373322D313739342D673334366659
:108BE0003733373466663434202A2A2A0A002A2A80
:108BF0002A205573696E67205A6570687972204F14
:108C000053206275696C642076342E312E30202A10
:108C10002A2A0A00464C4153485F30005352414DC6
:108C20005F3000657869740A00000001000000638D
:108C30006C6F636B403430303030303030006866F9
:108C4000636C6B006C66636C6B007032357131362F
:108C500068403000666C6173682D636F6E74726F6C
:108C60006C6C657240343030316530303000677084
:108C7000696F403530303030333030006770696FA5
:108C80004035303030303030300000010203040510
:108C90000607756172744034303030323030300045
:108CA0000000000000010100000000000020303042
:108CB000303030303030303030303030000109204A
:108CC000407065726D0074657374004255473B20B7
:108CD00063616E27742068617070656E00726576DE
:108CE0006572740025633A205365636F6E64617228
:108CF0007920696D616765206F6620696D616765C0
:108D00002070616972202825642E292069732075DE
:108D10006E726561636861626C652E205472656174
:108D20007420697420617320656D7074790A002560
:108D3000633A20496D61676520696E6465783A2001
:108D400025642C205377617020747970653A202552
:108D5000730A0025633A20496D61676520696E6476
:108D600065783A2025642C205377617020747970DF
:108D7000653A206E6F6E650A000401040304020464
:0C8D8000010401040301040304010400C9
:108D8C0001000000FFFFFFFF93620000E48200007F
:108D9C009F660000000000000000000000000000C2
:108DAC0000000000000000000000000000000000B7
:108DBC0000000000000000000000000000000000A7
:108DCC000000000000000000000000000000000097
:108DDC000000000000000000000000000000000087
:108DEC000000000000000000000000000000000077
:108DFC000000000000000000000000000000000067
:108E0C000000000008000000FF000000000000004F
:108E1C000300000000000000FFFF0F008D66000043
:108E2C00857A0000A5660000A7660000AC00002053
:048E3C00AC00002066
:0C8E400000000000000000000000000026
:048E4C0015E015E038
:0400000300001EDDFE
:00000001FF
